Price,Close,High,Low,Open,Volume
Ticker,AAPL,AAPL,AAPL,AAPL,AAPL
Date,,,,,
2015-01-02,24.192598342895508,24.659500349797334,23.75446219426633,24.648435649103693,212818400
2015-01-05,23.51105308532715,24.042126622078253,23.32517827599419,23.962465507153777,257142000
2015-01-06,23.513277053833008,23.77217495093279,23.152588594975892,23.5752353517813,263188400
2015-01-07,23.842981338500977,23.942556919376344,23.610636065476097,23.721276350109513,160423600
2015-01-08,24.759082794189453,24.816616214984087,24.053197237023646,24.170477357014917,237458000
2015-01-09,24.7856388092041,25.060026262015647,24.387333080738237,24.931683117483658,214798000
2015-01-12,24.174898147583008,24.922825738800306,24.075322583368106,24.91618759295084,198603200
2015-01-13,24.38954734802246,24.96045168588844,24.09967031003242,24.657296664253337,268367600
2015-01-14,24.29660415649414,24.44928658228224,24.00893877695945,24.12843047207833,195826400
2015-01-15,23.637187957763672,24.35413645717828,23.60178394813456,24.34086016459694,240056000
2015-01-16,23.45352554321289,23.805362503417978,23.27871370223808,23.68365752291758,314053200
2015-01-20,24.057621002197266,24.11294113817059,23.566377924636292,23.862893043099756,199599600
2015-01-21,24.24128532409668,24.57541774452879,23.95804479734744,24.108515641336837,194303600
2015-01-22,24.871929168701172,24.887418736564726,24.27889734612524,24.39838902174535,215185600
2015-01-23,25.000276565551758,25.17066184134601,24.67941876430255,24.849805728333372,185859200
2015-01-26,25.026830673217773,25.30564464790185,24.960447519022203,25.168450094718995,222460000
2015-01-27,24.150558471679688,24.889636367580913,24.12621747674591,24.876358386921034,382274800
2015-01-28,25.515859603881836,26.13765909552136,25.515859603881836,26.02923041081558,585908400
2015-01-29,26.310253143310547,26.3744246942054,25.571175357345947,25.739349018717416,337745600
2015-01-30,25.92522621154785,26.553662070188867,25.856628103199135,26.19961358023362,334982000
2015-02-02,26.25050926208496,26.370000953586086,25.686244910716674,26.12216783483101,250956400
2015-02-03,26.25493812561035,26.35230042157659,26.0248061463723,26.221745704792397,207662800
2015-02-04,26.456300735473633,26.66651826072673,26.179700061379986,26.22174390407791,280598800
2015-02-05,26.645137786865234,26.709562617574388,26.491851062250362,26.662908809726655,168984800
2015-02-06,26.42075538635254,26.713998377671132,26.314120800918854,26.662902250403082,174826400
2015-02-09,26.596261978149414,26.622919358205184,26.30968327825307,26.336342353208384,155559200
2015-02-10,27.107219696044922,27.136100789446896,26.694014977515135,26.696235296315404,248034000
2015-02-11,27.74257469177246,27.751461049965634,27.213849091024947,27.27382989020448,294247200
2015-02-12,28.09358024597168,28.320178159043575,27.89586342284208,28.004718352510146,297898000
2015-02-13,28.23131561279297,28.27574571104656,27.913635495070917,28.27574571104656,217088800
2015-02-17,28.39792823791504,28.631190468113697,28.195767412422946,28.32239504441379,252609600
2015-02-18,28.595645904541016,28.608974594134033,28.313509545559175,28.353497309237724,179566800
2015-02-19,28.535667419433594,28.664517086594802,28.509010036503504,28.542331765166118,149449600
2015-02-20,28.7689266204834,28.7689266204834,28.446804181843213,28.57343012705251,195793600
2015-02-23,29.54646873474121,29.54646873474121,28.804475521420645,28.88445106110666,283896400
2015-02-24,29.362071990966797,29.679753737991085,29.13991815577165,29.533131393210645,276912400
2015-02-25,28.6112003326416,29.235455661833292,28.469021967049812,29.22656760722152,298846800
2015-02-26,28.97330665588379,29.073275217137283,28.126900972912463,28.611194771331103,365150000
2015-02-27,28.537887573242188,29.00663237357377,28.4890134507584,28.88000304082967,248059200
2015-03-02,28.677839279174805,28.94220289932046,28.502339231657224,28.713384708226034,192386800
2015-03-03,28.737821578979492,28.773367007798193,28.455685246153877,28.6489613967314,151265200
2015-03-04,28.555652618408203,28.782250480513657,28.506781893050682,28.680061614131755,126665200
2015-03-05,28.082473754882812,28.602313038496664,27.93807338891241,28.564547284367382,226068400
2015-03-06,28.124677658081055,28.740043089670174,28.049146161056143,28.524553579488252,291368400
2015-03-09,28.244640350341797,28.784475968478535,27.782559935616113,28.426806439526047,354114000
2015-03-10,27.66037368774414,28.262410360171007,27.502644672745152,28.082466301280466,275426400
2015-03-11,27.156091690063477,27.718140774053996,27.127212293835008,27.71369844190335,275756000
2015-03-12,27.647050857543945,27.747021124712568,27.020576957239324,27.17164166982553,193450800
2015-03-13,27.45599365234375,27.858093275490027,27.231619482991277,27.635939424321684,207309200
2015-03-16,27.75812530517578,27.75812530517578,27.296046544920685,27.520420732700014,143497200
2015-03-17,28.22243309020996,28.284635914179564,27.9136392891467,27.969177766962392,204092400
2015-03-18,28.540111541748047,28.693398273706446,28.073588695017833,28.213545040566977,261083600
2015-03-19,28.32461929321289,28.713388577629537,28.302404244511855,28.602311639224784,183238000
2015-03-20,27.96918296813965,28.524566154676346,27.804789517806384,28.491244417710256,274780400
2015-03-23,28.260196685791016,28.40237504252727,28.10690995638173,28.240203648859215,150838800
2015-03-24,28.14467430114746,28.44457999143216,28.115793213344112,28.26463759420105,131369200
2015-03-25,27.409347534179688,28.173557491497697,27.409347534179688,28.111354670767113,206620800
2015-03-26,27.600399017333984,27.74257737236355,27.236066770708273,27.271612206915506,190291600
2015-03-27,27.380464553833008,27.702586988271232,27.304933051374206,27.673707595254548,158184800
2015-03-30,28.073591232299805,28.080255578656885,27.5470858363919,27.558194210253628,188398800
2015-03-31,27.642602920532227,28.10023929752984,27.627052219223547,28.011377420809122,168362400
2015-04-01,27.60261344909668,27.795887891861717,27.347136204954168,27.729241064729163,162485600
2015-04-02,27.84031867980957,27.893635125916244,27.589285455112197,27.77589386393518,128880400
2015-04-06,28.29129409790039,28.32683952951182,27.62039017777961,27.651491582989873,148776000
2015-04-07,27.993610382080078,28.462353501011048,27.986946036985735,28.35572058970243,140049200
2015-04-08,27.90252685546875,28.08025063657794,27.762570521902486,27.958065325202924,149316800
2015-04-09,28.115795135498047,28.12023916234062,27.693704110033863,27.958066080579393,129936000
2015-04-10,28.235763549804688,28.260200617165104,27.827001141048527,27.980286196882115,160752000
2015-04-13,28.18021583557129,28.56232242775019,28.126899385571637,28.517888945434937,145460400
2015-04-14,28.05803108215332,28.277962912412484,27.97139121887246,28.213538094478118,102098400
2015-04-15,28.1646671295166,28.242420644379937,27.99360939681727,28.082471283046583,115881600
2015-04-16,28.029151916503906,28.23575507267787,28.015823227363466,28.053588976527664,113476000
2015-04-17,27.713693618774414,28.022487343944757,27.64926879695406,27.891417382065,207828000
2015-04-20,28.346834182739258,28.46235345227572,27.80700019732746,27.8958620865322,188217200
2015-04-21,28.193552017211914,28.480129054206348,28.14023386134807,28.457915698279347,129740400
2015-04-22,28.57343101501465,28.6289694851199,28.062478106986084,28.211320800092256,150618000
2015-04-23,28.80669403076172,28.9733094454926,28.466798855894666,28.502344291255753,183083600
2015-04-24,28.942201614379883,29.01995681325253,28.70893940756047,28.988855411663177,178103600
2015-04-27,29.468700408935547,29.575336674295194,29.135469706732138,29.393168929987628,387816800
2015-04-28,29.004404067993164,29.888575379490185,28.784473941475714,29.870806055766316,475696000
2015-04-29,28.577871322631836,29.233224506626065,28.502339826670195,28.91554612607042,253544400
2015-04-30,27.802555084228516,28.577871557806247,27.675927455621842,28.577871557806247,332781600
2015-05-01,28.64674186706543,28.90888520558984,27.835881568938238,28.013603654255334,234050400
2015-05-04,28.591203689575195,29.00663375040625,28.49345543996789,28.768927471606737,203953200
2015-05-05,27.946962356567383,28.53566885794729,27.942518329255186,28.469022007462865,197085600
2015-05-06,27.771461486816406,28.158008825709807,27.40490718679169,28.115799039342757,288564000
2015-05-07,27.943227767944336,28.126154782564676,27.666605100388406,27.833916456516,175763600
2015-05-08,28.469703674316406,28.469703674316406,28.132849635444217,28.26000621009435,222201600
2015-05-11,28.17969512939453,28.456316106647098,28.025768130626794,28.41839260613247,168143200
2015-05-12,28.07930564880371,28.304617032312276,27.845069087437746,28.01907261211921,192640000
2015-05-13,28.11054039001465,28.373777003589282,28.079309071622678,28.141771708406623,138776800
2015-05-14,28.76640510559082,28.76640510559082,28.367090074774246,28.422860539656728,180814000
2015-05-15,28.726245880126953,28.886865057060014,28.60132061005864,28.79317110450878,152832000
2015-05-18,29.04302406311035,29.161257160981794,28.634783904740452,28.63924649445973,203531600
2015-05-19,29.01625633239746,29.196952076729875,28.92032937190029,29.154565982832896,178532800
2015-05-20,29.014020919799805,29.21925578540813,28.853401737330955,29.000636555253806,145819600
2015-05-21,29.31072235107422,29.36426321724016,28.962715230892304,29.016256097058246,158921600
2015-05-22,29.567264556884766,29.66319151483739,29.31295140420748,29.35757049383677,182384000
2015-05-26,28.91586685180664,29.649808007569362,28.804325932422774,29.58065318218476,282790400
2015-05-27,29.455720901489258,29.504799172350534,29.011790275005385,29.076482502617996,183332800
2015-05-28,29.397722244262695,29.435645745544992,29.246028239133516,29.41556919850586,122933200
2015-05-29,29.063098907470703,29.32410422543376,28.978326727566014,29.275025953274035,203538000
2015-06-01,29.121105194091797,29.310726141151616,29.01179725864526,29.063105134547904,128451200
2015-06-02,28.991716384887695,29.147872986498268,28.848944148563945,28.96940684010392,134670400
2015-06-03,29.027406692504883,29.210335427396807,28.978328417483077,29.147872787179708,123934000
2015-06-04,28.857860565185547,29.130020622006,28.757474440217543,28.906938831429102,153800400
2015-06-05,28.69947052001953,28.931477484587052,28.634778299566968,28.889091400447338,142507200
2015-06-08,28.509855270385742,28.824401431399306,28.293465647897676,28.75524321274129,210699200
2015-06-09,28.425079345703125,28.572314134068442,28.02353317212102,28.264460195478733,224301600
2015-06-10,28.75078582763672,28.853401557823254,28.521010125158224,28.536625784357813,156349200
2015-06-11,28.686092376708984,29.040791677792328,28.66155323867411,28.81770984255118,141563600
2015-06-12,28.369312286376953,28.62808799304955,28.355927922921154,28.59685667699997,147544800
2015-06-15,28.313535690307617,28.384921783208696,28.043606973338576,28.130608720874932,175955600
2015-06-16,28.465240478515625,28.521010934665533,28.190850787366475,28.338083906573015,125976400
2015-06-17,28.398313522338867,28.52769967147499,28.273386558306026,28.492007468879212,131672400
2015-06-18,28.527700424194336,28.62362566779641,28.38046731888597,28.382698613475533,141628800
2015-06-19,28.242162704467773,28.51432284182978,28.19754701394067,28.489783701446026,218867600
2015-06-22,28.467466354370117,28.56785247553917,28.349233282155343,28.440695927801535,136157200
2015-06-23,28.338085174560547,28.467473047092806,28.30462255897747,28.438473021309782,121075600
2015-06-24,28.579008102416992,28.956016870163037,28.358157608035224,28.378234152079482,221123600
2015-06-25,28.442934036254883,28.822172475946548,28.442934036254883,28.74632546879995,127752400
2015-06-26,28.27562141418457,28.55224240156402,28.22208225255806,28.48085628540225,176267200
2015-06-29,27.780370712280273,28.2131498621501,27.769217645703677,27.987836812766673,196645600
2015-06-30,27.981151580810547,28.135078574808336,27.853995016806024,28.012382898146452,177482800
2015-07-01,28.242162704467773,28.31801142073924,28.10608263578677,28.30908794223792,120955200
2015-07-02,28.20646095275879,28.26223139804534,28.056994865886857,28.20422965839323,108844000
2015-07-06,28.108304977416992,28.159614536960795,27.85176058365589,27.8718388293831,112241600
2015-07-07,28.039154052734375,28.141771484058385,27.610835671669097,28.083769735230312,187787200
2015-07-08,27.3431396484375,27.804918965307255,27.336447465899855,27.769226757780043,243046400
2015-07-09,26.78543472290039,27.675530730197355,26.595815511598627,27.62868375107428,314380000
2015-07-10,27.501527786254883,27.628684361535427,27.039748465290874,27.202598950394385,245418000
2015-07-13,28.0324649810791,28.05477282480238,27.73353442885316,27.89192233186163,165762000
2015-07-14,28.02130699157715,28.19084964797463,27.89415042477383,28.117232240357136,127072400
2015-07-15,28.291240692138672,28.364858112527262,28.01461966938154,28.045850992822853,134596800
2015-07-16,28.668245315551758,28.68163308494207,28.40947127265685,28.49647305192128,144889600
2015-07-17,28.91586685180664,28.91586685180664,28.623630187654307,28.795404156613902,184658800
2015-07-20,29.462417602539062,29.66318987896413,29.156793194434474,29.21702623894537,235600800
2015-07-21,29.16794776916504,29.652034906839845,29.072024221109125,29.636420949603064,307025600
2015-07-22,27.934307098388672,27.996769738636274,27.213752036722603,27.213752036722603,461802400
2015-07-23,27.920927047729492,28.351473413392906,27.89861749963995,28.152930689648798,203998000
2015-07-24,27.7736873626709,28.050308350612383,27.639838607343037,27.956614392080805,168649200
2015-07-27,27.387758255004883,27.57514789594571,27.24275641260931,27.459144379653896,177822000
2015-07-28,27.523836135864258,27.642070937846118,27.338679506679952,27.523836135864258,134472400
2015-07-29,27.436830520629883,27.550602716905665,27.276211349882686,27.472524426119968,148046800
2015-07-30,27.298521041870117,27.343136721998896,27.15128623388277,27.287366270848374,134513200
2015-07-31,27.0598201751709,27.35874893878549,26.97281841847836,27.349825463486397,171540000
2015-08-03,26.42181396484375,27.343141361464745,26.216577376282057,27.10444385811852,279904000
2015-08-04,25.574098587036133,26.25672838166463,25.264015006993834,26.19426574712073,496554400
2015-08-05,25.743648529052734,26.198735754996182,25.00747766608959,25.19709691807112,397250400
2015-08-06,25.799657821655273,26.106663840240888,25.573326602166386,25.98789560018216,211612000
2015-08-07,25.887054443359375,26.0506420229467,25.658481820450728,25.676409554317274,154681600
2015-08-10,26.828245162963867,26.888749139404773,26.113392450836592,26.113392450836592,219806400
2015-08-11,25.432159423828125,26.483149749258953,25.396305650916187,26.400235228019607,388331200
2015-08-12,25.82431411743164,25.86465067165119,24.56716017221928,25.21702611923066,404870000
2015-08-13,25.804149627685547,26.08426414446528,25.667453606722372,26.00359102685805,194143200
2015-08-14,25.98565673828125,26.064088441275725,25.54867888610996,25.61814672166465,171718000
2015-08-17,26.254566192626953,26.36437057079755,25.88257340784908,26.003583047125638,163538800
2015-08-18,26.106666564941406,26.317313177027447,25.99686217998892,26.09098022423391,138242800
2015-08-19,25.772769927978516,26.11114694123252,25.69881930534041,26.017028899520128,193146000
2015-08-20,25.243921279907227,25.624876349203426,25.015346870582803,25.564372364196007,274006400
2015-08-21,23.699928283691406,25.07585058188817,23.67527807072019,24.746435653712144,513102000
2015-08-24,23.10832977294922,24.381170314711177,20.616430202546656,21.25957380369911,648825200
2015-08-25,23.247255325317383,24.898810551133707,23.193473835713846,24.898810551133707,414406400
2015-08-26,24.58060073852539,24.62541836113681,23.540816164859486,23.99796138648065,387098400
2015-08-27,25.30442237854004,25.376131620216796,24.654556414147635,25.14980034129892,338464400
2015-08-28,25.387325286865234,25.391806364436682,24.995165176590884,25.136342200803988,212657600
2015-08-31,25.268569946289062,25.665211336256274,25.098259847186128,25.104982321810155,224917200
2015-09-01,24.139141082763672,25.07136100477887,24.058467991186625,24.68368359606735,307383600
2015-09-02,25.174449920654297,25.174449920654297,24.455116078463785,24.701618210100655,247555200
2015-09-03,24.732988357543945,25.273048177563375,24.659037725648208,25.208061414050434,212935600
2015-09-04,24.486486434936523,24.75091457032204,24.316178063434936,24.41925998608582,199985200
2015-09-08,25.167722702026367,25.223745592350305,24.72178097375906,25.04223197479929,219374400
2015-09-09,24.683687210083008,25.55092050698643,24.59853131779331,25.492657928736982,340043200
2015-09-10,25.225990295410156,25.38509511963697,24.627666158595982,24.710578952953487,251571200
2015-09-11,25.59349822998047,25.59349822998047,25.044474562517546,25.051197036127483,199662000
2015-09-14,25.839998245239258,26.1940633341851,25.739157723175833,26.124595494971757,233453600
2015-09-15,26.057371139526367,26.11339403988128,25.64056062411118,25.978939420966142,173364800
2015-09-16,26.08650016784668,26.11563145610736,25.869131074034687,26.050644696433867,148694000
2015-09-17,25.528512954711914,26.104428259816004,25.483695321581934,25.918433543611794,256450400
2015-09-18,25.423192977905273,25.61367221795262,25.06912952639982,25.14531985467209,297141200
2015-09-21,25.81759262084961,25.853448096928165,25.470251672175387,25.472491357167897,200888000
2015-09-22,25.411983489990234,25.586774634919642,25.214781821099262,25.407500701324746,201384800
2015-09-23,25.618144989013672,25.707781947666117,25.38957236864858,25.46352127808027,143026800
2015-09-24,25.770538330078125,25.882584148904552,25.181177938537186,25.37837796418563,200878000
2015-09-25,25.705543518066406,26.149245574241068,25.5509197893008,26.093222682332716,224607600
2015-09-28,25.196857452392578,25.674171895678256,25.196857452392578,25.51282568676956,208436000
2015-09-29,24.43942642211914,25.43663494850679,24.17051721819608,25.28425261036825,293461600
2015-09-30,24.717304229736328,24.99517733576546,24.365480485186172,24.688171227461435,265892000
2015-10-01,24.555953979492188,24.56491784720905,24.04726517207875,24.441666803205894,255716400
2015-10-02,24.735233306884766,24.876412126857616,24.101055298395757,24.20413724221264,232079200
2015-10-05,24.82486915588379,24.957084099471995,24.441672694460394,24.623186357849537,208258800
2015-10-06,24.943635940551758,25.039995398838375,24.598534664587667,24.791253581160905,192787200
2015-10-07,24.82486915588379,25.046719378879786,24.51786473357705,25.039996903892536,187062400
2015-10-08,24.538026809692383,24.69265053942736,24.248948480471036,24.69265053942736,247918400
2015-10-09,25.12514877319336,25.161002537255133,24.535786818714605,24.650074004172488,211064400
2015-10-12,25.008617401123047,25.266323033422697,24.972763641064162,25.261841954546423,121868800
2015-10-13,25.051197052001953,25.1990966005633,24.80245527017863,24.83382795350022,132197200
2015-10-14,24.69713592529297,24.990695384826164,24.551476038080967,24.93915527238215,177849600
2015-10-15,25.06688690185547,25.120668407978943,24.75988078960425,24.858481642233333,150694000
2015-10-16,24.88313102722168,25.098258754238888,24.768843834540192,25.048958329565178,156930400
2015-10-19,25.037750244140625,25.042231322989416,24.674721308804738,24.82934502917273,119036800
2015-10-20,25.494901657104492,25.584538642829024,24.833832093042265,24.950358977705847,195871200
2015-10-21,25.492664337158203,25.900511035845174,25.479217676757816,25.546445849709382,167180800
2015-10-22,25.882579803466797,25.882579803466797,25.568851221488128,25.62039304175565,166616400
2015-10-23,26.684833526611328,26.718447615335435,26.068581502175736,26.151494316720495,237467600
2015-10-26,25.833280563354492,26.471941310810404,25.75260744686708,26.460737756104727,265335200
2015-10-27,25.669694900512695,26.11563673075913,25.544202434904744,25.860172429236382,279537600
2015-10-28,26.727401733398438,26.734125916866574,26.0080679737833,26.203028261965798,342205600
2015-10-29,27.0097599029541,27.045615379108888,26.50331241520856,26.599671870270544,204909200
2015-10-30,26.778947830200195,27.164385679213495,26.76774256564477,27.112843855815207,197461200
2015-11-02,27.15541648864746,27.195753039586744,26.803592792553772,27.070262307634753,128813200
2015-11-03,27.466901779174805,27.673065599084715,27.047849956583303,27.068019085532576,182076000
2015-11-04,27.339176177978516,27.747022836180697,27.254021982418337,27.592399079550855,179544400
2015-11-05,27.213150024414062,27.611491014653208,27.046612866049482,27.422447396318912,158210800
2015-11-06,27.244659423828125,27.413447586556952,27.145638202588565,27.255912654810842,132169200
2015-11-09,27.13437843322754,27.413440980934922,27.01735275741527,27.22214811933713,135485600
2015-11-10,26.279178619384766,26.57174531789479,26.11939277287584,26.308436319436474,236511600
2015-11-11,26.13064956665039,26.4254655769582,25.928103495178785,26.1891632577425,180872000
2015-11-12,26.042882919311523,26.290438494586024,26.02712942953046,26.164410576337538,130102400
2015-11-13,25.28220558166504,26.00912040774217,25.26645209463557,25.925850995157077,183249600
2015-11-16,25.69629669189453,25.70979918849896,24.980635182841198,25.06615385633774,152426800
2015-11-17,25.586030960083008,25.89210024476018,25.50276152982468,25.862842536209097,110467600
2015-11-18,26.396207809448242,26.441217281405347,25.99336668252736,26.05188036967263,186698800
2015-11-19,26.73153305053711,26.949832595551136,26.27693120190066,26.47497528260345,173183200
2015-11-20,26.848560333251953,26.988090726247066,26.747286446044445,26.82605388031609,137148400
2015-11-23,26.499731063842773,26.94533239262618,26.407459413897218,26.841807516150237,129930000
2015-11-24,26.754039764404297,26.859813920179256,26.35795157371696,26.405212037935286,171212800
2015-11-25,26.562742233276367,26.832804188746852,26.537986511099877,26.82830221180506,85553200
2015-11-27,26.51323699951172,26.64826886737804,26.465976532559118,26.62126215040447,52185600
2015-11-30,26.623519897460938,26.87332651262188,26.499741226164268,26.553752956820105,156721200
2015-12-01,26.407461166381836,26.738286131114823,26.299437739327033,26.72478363198333,139409600
2015-12-02,26.16891098022461,26.580754422891076,26.12390149974809,26.407464317353075,133546400
2015-12-03,25.92584991455078,26.283681557878825,25.70530110533081,26.229669849886356,166278000
2015-12-04,26.787792205810547,26.837303648687627,25.905593621640442,25.94610282790341,231108000
2015-12-07,26.619009017944336,26.97458970295678,26.513234864567096,26.77654561210243,128336800
2015-12-08,26.60775375366211,26.69102144112433,26.299433575298877,26.447966193232194,137238000
2015-12-09,26.02037239074707,26.486227447212645,25.898844760755892,26.474974221157428,185445600
2015-12-10,26.144149780273438,26.317439849550986,25.99561715217966,26.114893795785594,116850800
2015-12-11,25.471250534057617,25.968612614008652,25.39698335529081,25.92360313918105,187544800
2015-12-14,25.3137149810791,25.358724454708142,24.708327773860752,25.246199053634182,257274800
2015-12-15,24.865869522094727,25.385738186321696,24.83436253844483,25.192194305614137,213292400
2015-12-16,25.05715560913086,25.203438974640342,24.485528079849917,24.996392647735327,224954000
2015-12-17,24.526037216186523,25.261952585008626,24.526037216186523,25.210190144944047,179091200
2015-12-18,23.862138748168945,24.647565648243024,23.812627291848816,24.51028622435749,385813200
2015-12-21,24.154706954956055,24.163709194553643,23.758616997670288,24.143453726208655,190362400
2015-12-22,24.132204055786133,24.242478494517847,23.956662945741538,24.170462289243822,131157600
2015-12-23,24.442766189575195,24.496777897863105,24.125443754756063,24.14119724121509,130629600
2015-12-24,24.31223487854004,24.530534404381786,24.294230404511595,24.530534404381786,54281600
2015-12-28,24.03992462158203,24.235719421321342,23.89589225752135,24.213212969373373,106816800
2015-12-29,24.472034454345703,24.627320125224887,24.048939379271687,24.071444125934818,123724800
2015-12-30,24.152448654174805,24.463018099766103,24.120941683622114,24.43601310615015,100855200
2015-12-31,23.688852310180664,24.087191548411436,23.58982938942201,24.08269128701408,163649200
2016-01-04,23.709104537963867,23.71360651607352,22.955184602744627,23.09246574606234,270597600
2016-01-05,23.11496925354004,23.821628682951236,23.047455038507994,23.79912394460722,223164000
2016-01-06,22.662616729736328,23.0384529014461,22.475825855355314,22.63110975251536,273829600
2016-01-07,21.706146240234375,22.534333148639544,21.70164598028158,22.20801021652656,324377600
2016-01-08,21.8209228515625,22.304782359296947,21.77591338354117,22.178754475236307,283192000
2016-01-11,22.17426109313965,22.293537774929717,21.90645001870411,22.27328402156996,198957600
2016-01-12,22.49608612060547,22.66037402112887,22.24402851283046,22.628867034782242,196616800
2016-01-13,21.91769790649414,22.772891657948627,21.8974441580709,22.577096838183675,249758400
2016-01-14,22.397052764892578,22.61310302363857,21.54636109520953,22.045974099182413,252680400
2016-01-15,21.85918617248535,21.989716064011326,21.460846964830314,21.649888835039064,319335600
2016-01-19,21.75341033935547,22.20126093386138,21.492350596949187,22.14724922463988,212350800
2016-01-20,21.782670974731445,22.097742493626843,21.024249027026293,21.40233450630044,289337600
2016-01-21,21.672393798828125,22.02797277549586,21.366324558328266,21.843431179047542,208646000
2016-01-22,22.824657440185547,22.833659680480253,22.138253358481553,22.196765344894477,263202000
2016-01-25,22.37904930114746,22.849404590131204,22.327286868143908,22.847153601652497,207178000
2016-01-26,22.50282859802246,22.703123668984357,22.07073148203734,22.489326099710837,300308000
2016-01-27,21.02424430847168,21.74665713553977,21.006239833260953,21.6138779941135,533478800
2016-01-28,21.17502784729004,21.271799754940478,20.792442193975056,21.107513640999823,222715200
2016-01-29,21.90644073486328,21.90644073486328,21.23353942538852,21.332562311853426,257666000
2016-02-01,21.70165252685547,21.764666487210278,21.46985043683529,21.71065476647782,163774000
2016-02-02,21.26280975341797,21.613888607414868,21.217798543288815,21.47435643151764,149428800
2016-02-03,21.683650970458984,21.793925415944344,21.172786251290503,21.37983263950845,183857200
2016-02-04,21.857877731323242,22.023057072641603,21.53883506702146,21.69043691265648,185886800
2016-02-05,21.274091720581055,21.930280836238957,21.19942327595188,21.839771695058854,185672400
2016-02-08,21.498106002807617,21.654232529241604,21.052349828551243,21.07271348257014,216085600
2016-02-09,21.493579864501953,21.70853933097506,21.25373206268932,21.33519013242165,177324800
2016-02-10,21.330656051635742,21.801302123821248,21.292190234299287,21.70400511588211,169374400
2016-02-11,21.20168685913086,21.43248527838415,20.950524787406167,21.222052237920717,200298800
2016-02-12,21.267309188842773,21.382708416044636,21.045563549785236,21.312564633980127,161405600
2016-02-16,21.86692237854004,21.914439283638654,21.407590569602025,21.500361176798915,196231600
2016-02-17,22.201807022094727,22.22217067140794,21.756050950844866,21.873711619396975,179452800
2016-02-18,21.780941009521484,22.37603568810699,21.74247346139411,22.36472139871926,156084000
2016-02-19,21.731163024902344,21.894079140646554,21.676858228427058,21.72211193777007,141496800
2016-02-22,21.921228408813477,21.925754815070707,21.70400751905716,21.79225345157322,137123200
2016-02-23,21.42569351196289,21.835245227539495,21.394015574090567,21.81261837567614,127770400
2016-02-24,21.744739532470703,21.808095418234426,21.115703629076013,21.265043982363427,145022800
2016-02-25,21.894075393676758,21.894075393676758,21.55240424976032,21.733422508789467,110330800
2016-02-26,21.92801856994629,22.179178881360585,21.853348401686738,21.993635925463597,115964400
2016-02-29,21.878246307373047,22.226705491288204,21.86919521770162,21.91671214373748,140865200
2016-03-01,22.747127532958984,22.801432338301602,22.04342136196263,22.09546468989167,201628400
2016-03-02,22.796903610229492,22.82858155158241,22.54574155641827,22.74259881452711,132678400
2016-03-03,22.966604232788086,23.014121137835684,22.729017981232012,22.758434441250582,147822800
2016-03-04,23.308277130126953,23.475717911864166,22.937191221240052,23.16346320111344,184220400
2016-03-07,23.05032730102539,23.267548195392372,22.84441896990525,23.167987971438176,143315600
2016-03-08,22.860252380371094,23.0254316457344,22.7177016886351,22.803684398938394,126247600
2016-03-09,22.880624771118164,22.98470968172931,22.688292194185372,22.923615276300346,108806800
2016-03-10,22.891942977905273,23.13405400334375,22.661146245540614,22.946249513077102,134054400
2016-03-11,23.13857650756836,23.143101188243314,22.966609294506334,23.134050100574946,109632800
2016-03-14,23.197406768798828,23.28565444495634,23.029965957093875,23.059382424585884,100304400
2016-03-15,23.663528442382812,23.799291310131537,23.498349106970874,23.523239167461966,160270800
2016-03-16,23.97804069519043,24.054972335581546,23.66578427489726,23.670310680989743,153214000
2016-03-17,23.9395751953125,24.09117700139507,23.74950584220155,23.87621759339676,137682800
2016-03-18,23.96672821044922,24.097966375920844,23.80155062831962,24.06176202972802,176820800
2016-03-21,23.9644718170166,24.35818467062962,23.790241385061908,23.968996498091382,142010800
2016-03-22,24.147750854492188,24.276725840064824,23.80607961237857,23.815130700563138,129777600
2016-03-23,24.014249801635742,24.22694606118785,23.962208201735915,24.093446392792263,102814000
2016-03-24,23.910158157348633,24.04139631153027,23.733666300637235,23.864904454818873,104532000
2016-03-28,23.801546096801758,24.02781803847283,23.772129639541056,23.984825817133594,77645600
2016-03-29,24.364967346191406,24.389857402577746,23.731405099423505,23.733668302636328,124760400
2016-03-30,24.79035186767578,24.98494586377029,24.573131024055407,24.584445310977245,182404400
2016-03-31,24.66138458251953,24.867292929364638,24.63649452463016,24.826563900665512,103553600
2016-04-01,24.88766098022461,24.88992418397419,24.4826338249817,24.613872021359132,103496000
2016-04-04,25.143342971801758,25.385453920701245,24.951010408261794,24.984951550434623,149424800
2016-04-05,24.846927642822266,25.055099193778993,24.758681701370815,24.779047078954108,106314800
2016-04-06,25.107139587402344,25.111665993901667,24.70890040505678,24.94196200286057,105616400
2016-04-07,24.559558868408203,24.98494953386156,24.464525059049166,24.878601435918707,127207600
2016-04-08,24.586713790893555,24.83787409655263,24.475839279478535,24.643281785008824,94326800
2016-04-11,24.668167114257812,25.027940410763577,24.625176617854738,24.656854552601413,117630000
2016-04-12,24.98947525024414,25.003051015115652,24.586711446754517,24.74057471881301,108929200
2016-04-13,25.351516723632812,25.41939729222358,25.07093990889034,25.07093990889034,133029200
2016-04-14,25.365097045898438,25.430716149073078,25.19086832295243,25.25648742612707,101895600
2016-04-15,24.85597801208496,25.410345429082167,24.828826477849184,25.367353198117787,187756000
2016-04-18,24.319717407226562,24.65233582567168,24.19753030957961,24.638760056928188,243286000
2016-04-19,24.190746307373047,24.437382019492315,24.03688124041979,24.410228751329228,129539600
2016-04-20,24.240514755249023,24.457735632396414,23.998403824086175,24.12964197683712,122444000
2016-04-21,23.97804069519043,24.195261577040657,23.876217273926873,24.195261577040657,126210000
2016-04-22,23.912425994873047,24.0934442927117,23.672578217607494,23.76082416306627,134732400
2016-04-25,23.776668548583984,23.905643554108053,23.647693543059916,23.75856636941458,112126400
2016-04-26,23.61148452758789,23.826443978608584,23.51192601443075,23.51192601443075,224064800
2016-04-27,22.133922576904297,22.33530447882034,21.649700731137848,21.72210768771083,458408400
2016-04-28,21.45737075805664,22.147499212389253,21.326132604634854,22.086406541695986,328970800
2016-04-29,21.210735321044922,21.43248262519851,20.93242174714489,21.267303317109604,274126000
2016-05-02,21.188112258911133,21.287672502220374,20.907535431597918,21.262782441393064,192640400
2016-05-03,21.536571502685547,21.663283284817446,21.19716346370205,21.314824157636163,227325200
2016-05-04,21.312559127807617,21.69948402059538,21.22883787067222,21.541092593013676,164102000
2016-05-05,21.22605323791504,21.41500286744286,21.098569987548814,21.39906746114708,143562000
2016-05-06,21.107675552368164,21.273858822090435,20.90961973417624,21.255648170316455,174799600
2016-05-09,21.123605728149414,21.34670135439746,21.07807476791514,21.171411933773996,131745600
2016-05-10,21.267026901245117,21.30117469131813,20.96880645738688,21.24653926929856,134747200
2016-05-11,21.059871673583984,21.30117977046872,21.048488495235805,21.280692133636997,114876400
2016-05-12,20.56586456298828,21.12133015716027,20.367810517428897,21.107671736591666,305258800
2016-05-13,20.606849670410156,20.868647167575045,20.488472592966815,20.488472592966815,177571200
2016-05-16,21.371749877929688,21.487851693136445,20.864092098720693,21.032552364137977,245039200
2016-05-17,21.282968521118164,21.55842443098928,21.17369764516445,21.52427836777203,187667600
2016-05-18,21.526546478271484,21.674519071535453,21.374021657030653,21.43548802410475,168249600
2016-05-19,21.444597244262695,21.54476365029383,21.301178583941898,21.54476365029383,121768400
2016-05-20,21.676799774169922,21.724605991860695,21.51744397837169,21.544762561407413,128104000
2016-05-23,21.952260971069336,22.125275231987118,21.779246710151554,21.824777692934866,152074400
2016-05-24,22.286901473999023,22.33015372721535,22.045591659714926,22.13209963980563,140560800
2016-05-25,22.67845916748047,22.705776014402833,22.33470770346552,22.462190953980613,152675200
2016-05-26,22.858304977416992,22.93115280482657,22.455364075159952,22.69211994844838,225324800
2016-05-27,22.84463882446289,22.871957403887855,22.59422459196804,22.637478575183707,145364800
2016-05-31,22.73310089111328,22.85603194678067,22.49634497688307,22.67391147834835,169228800
2016-06-01,22.41438102722168,22.660243029826294,22.38478720234156,22.54186425664834,116693200
2016-06-02,22.24592399597168,22.273240842302986,21.99778497521207,22.218605412811385,160766400
2016-06-03,22.291446685791016,22.371123692243952,22.18445110419915,22.261852865345205,114019600
2016-06-06,22.45307731628418,23.195215428971775,22.207217091339544,22.307381724899045,93170000
2016-06-07,22.544137954711914,22.735364507821203,22.52820255335518,22.59422114092693,89638000
2016-06-08,22.52365493774414,22.664796596709508,22.46446554765898,22.541865588145942,83392400
2016-06-09,22.685287475585938,22.762687521221583,22.41438384220326,22.42349003642433,106405600
2016-06-10,22.498611450195312,22.616988483596124,22.418934433788163,22.43031587222993,126851600
2016-06-13,22.159420013427734,22.564637920975898,22.104784574084448,22.466748484703306,152082000
2016-06-14,22.186742782592773,22.418946483011666,22.025111680488845,22.15487195890071,127727600
2016-06-15,22.11388397216797,22.402999962509963,22.088842374994137,22.268685783411325,117780800
2016-06-16,22.207223892211914,22.252753127152243,21.870301648434932,21.95680788955315,125307200
2016-06-17,21.701847076416016,22.00234462144658,21.695017863070003,21.995515408100566,244032800
2016-06-20,21.649486541748047,21.984131885119172,21.63355113191273,21.854371623080308,137647600
2016-06-21,21.833881378173828,21.934046055117438,21.553871510958555,21.613060913354236,142185600
2016-06-22,21.751922607421875,22.05697227466508,21.70639163981398,21.911276651977456,116876400
2016-06-23,21.877126693725586,21.920380674461924,21.683624876836088,21.8407036600755,128960800
2016-06-24,21.26247787475586,21.549316923000653,21.09174063551022,21.1509300314275,301245600
2016-06-27,20.9528751373291,21.182801782682954,20.829944111204142,21.171418604830443,181958400
2016-06-28,21.30573081970215,21.321667963238593,20.975639507836906,21.14865373553775,161779600
2016-06-29,21.49013328552246,21.524281089887545,21.314842033635447,21.392243839318272,146124000
2016-06-30,21.763303756713867,21.802003776043296,21.467360286935588,21.499231095422036,143345600
2016-07-01,21.829328536987305,21.96136577343257,21.701845266945973,21.738268314030943,104106000
2016-07-05,21.624435424804688,21.71777259623965,21.50378141242575,21.715495613884773,110820800
2016-07-06,21.747373580932617,21.776969150805915,21.483300856152926,21.53565930975624,123796400
2016-07-07,21.84070587158203,21.968189107508774,21.767858060076918,21.786068710331573,100558400
2016-07-08,22.009166717529297,22.056972932321376,21.86574807315307,21.96591273121933,115648400
2016-07-11,22.07746696472168,22.22999183510009,22.02055454411816,22.025106773561575,95179600
2016-07-12,22.177627563476562,22.241369184931997,22.109333713415275,22.120715153344364,96670000
2016-07-13,22.05242156982422,22.234540242351116,22.045590621589493,22.17535258561507,103568800
2016-07-14,22.489503860473633,22.535033085070175,22.15485867552043,22.170794077812076,155676000
2016-07-15,22.48723030090332,22.605609081798118,22.423488682034822,22.51910111033757,120548000
2016-07-18,22.72627067565918,22.794564545688598,22.446260771733215,22.469025395076354,145975600
2016-07-19,22.735374450683594,22.764968284194516,22.614718659840797,22.6648018679587,95119600
2016-07-20,22.755859375,22.869684202848237,22.70577617285413,22.764965569647345,105104000
2016-07-21,22.63520622253418,22.992616126512747,22.566910628416856,22.726266435747576,130808000
2016-07-22,22.459911346435547,22.605606957825405,22.38023259350751,22.596500765009953,113254800
2016-07-25,22.159420013427734,22.500894548774546,22.06380756036966,22.3665820652162,161531600
2016-07-26,22.006887435913086,22.302832624371444,21.9499750332733,22.041035224862693,224959200
2016-07-27,23.436527252197266,23.755237061687346,23.39099802376814,23.737024675584205,369379200
2016-07-28,23.752960205078125,23.778001801895453,23.406933551428555,23.4092105339107,159479200
2016-07-29,23.723373413085938,23.80077520896637,23.602719358194836,23.718821183600856,110934800
2016-08-01,24.142240524291992,24.16500513669012,23.768895323111177,23.768895323111177,152671600
2016-08-02,23.784833908081055,24.14679598308204,23.675561322388425,24.142243754724728,135266400
2016-08-03,24.083051681518555,24.094433119558012,23.850848114107098,23.859954306635846,120810400
2016-08-04,24.231826782226562,24.261580922637133,24.096784999236316,24.16545054939915,109634800
2016-08-05,24.60033416748047,24.639243840287477,24.302785707365693,24.32338432959132,162213600
2016-08-08,24.80403709411621,24.80403709411621,24.52708903271134,24.609485258853,112148800
2016-08-09,24.904743194580078,24.93449908368157,24.7216379561109,24.771992464217153,105260800
2016-08-10,24.7193546295166,24.92534960067685,24.66442321928655,24.881861288365783,96034000
2016-08-11,24.703325271606445,24.93220811420588,24.68501422510149,24.83836531054611,109938000
2016-08-12,24.760549545288086,24.820059581873906,24.6689960458263,24.6689960458263,74641600
2016-08-15,25.058095932006836,25.07182834461946,24.73765958322399,24.75139199583661,103472800
2016-08-16,25.03520965576172,25.22976150751289,24.996299983906624,25.092430377750215,135177600
2016-08-17,24.998586654663086,25.032919433468297,24.797168616999258,24.97112008237138,101424000
2016-08-18,24.966543197631836,25.085561518440528,24.952809038364844,25.000875976442813,87938800
2016-08-19,25.030630111694336,25.10616187580563,24.801747248014788,24.895588314079816,101472400
2016-08-22,24.836078643798828,24.971118687655874,24.68501512398833,24.916187292378225,103280800
2016-08-23,24.91390037536621,25.021475605068048,24.840657925859944,24.854390339443075,85030800
2016-08-24,24.726211547851562,24.891007462865762,24.64610290756338,24.849808484112213,94700400
2016-08-25,24.620927810668945,24.69188093452572,24.417222216300257,24.57972882831137,100344800
2016-08-26,24.47673988342285,24.707910374007554,24.33254252705626,24.584315134604886,111065200
2016-08-29,24.449268341064453,24.591176350488606,24.327960698184036,24.403492465114848,99881200
2016-08-30,24.261585235595703,24.37602667538625,24.147143795805157,24.215809358174603,99455600
2016-08-31,24.284473419189453,24.392048653075395,24.179187503068988,24.183766138599943,118649600
2016-09-01,24.42866325378418,24.4446849807489,24.174603193174132,24.29362148687816,106806000
2016-09-02,24.65755271911621,24.719350326588074,24.44926846613325,24.650684766074676,107210000
2016-09-06,24.650676727294922,24.788007803536974,24.607190182972968,24.696454334787997,107521600
2016-09-07,24.801748275756836,24.893301774270007,24.506489159826664,24.68044063237792,169457200
2016-09-08,24.151716232299805,24.55226119771989,24.087629317230586,24.54768430931672,212008000
2016-09-09,23.604690551757812,24.19749811312488,23.604690551757812,23.950304186078277,186228000
2016-09-12,24.133411407470703,24.19749833442346,23.46736138898784,23.494827963212362,181171200
2016-09-13,24.70789909362793,24.900161565593354,24.54539250509945,24.607191842824417,248704800
2016-09-14,25.582242965698242,25.870635931202962,24.85668453504217,24.88644043196196,443554800
2016-09-15,26.452001571655273,26.488623680617494,25.975924632576,26.060611949872435,359934400
2016-09-16,26.30322265625,26.580170757884616,26.101806331307905,26.349000284353632,319547600
2016-09-19,25.996519088745117,26.591614254034297,25.9209873158799,26.365020681676523,188092000
2016-09-20,25.994224548339844,26.12011081115645,25.75160929226149,25.875206237689383,138057200
2016-09-21,25.989654541015625,26.090361831695407,25.73559437696434,26.058318364719387,144012800
2016-09-22,26.234554290771484,26.307796736816936,26.09264628757944,26.172754940092023,124296000
2016-09-23,25.797393798828125,26.273470693281705,25.531890518692393,26.188783383923543,209924800
2016-09-26,25.836294174194336,25.95302491074402,25.53188132621277,25.552479943478165,119477600
2016-09-27,25.884357452392578,25.90495781437669,25.71269533622015,25.86375883664581,98429600
2016-09-28,26.081199645996094,26.239129368791218,25.96218133422534,26.021691363229483,118564400
2016-09-29,25.67608070373535,26.046871585785244,25.589105840841654,25.900386687102312,143548000
2016-09-30,25.875202178955078,25.948444607767662,25.58909866855636,25.740160414003515,145516400
2016-10-03,25.75389862060547,25.875208003159123,25.698967223190934,25.797386922770695,86807200
2016-10-04,25.8637638092041,26.163599804302354,25.77907652029831,25.877496222342135,118947200
2016-10-05,25.875202178955078,26.014820831728635,25.792804228261268,25.95531081261927,85812400
2016-10-06,26.067466735839844,26.17046331624547,25.893515286972285,26.02397843706358,115117200
2016-10-07,26.10638427734375,26.220825732876538,25.9804997240005,26.163605005110146,97433600
2016-10-10,26.561857223510742,26.722074530767596,26.257442593485038,26.326106405350398,144944000
2016-10-11,26.619075775146484,27.166105639172304,26.596186093481776,26.939510363601958,256164000
2016-10-12,26.857114791870117,27.003601433377614,26.72207473845233,26.85940410948806,150347200
2016-10-13,26.774717330932617,26.880003235410353,26.486324442696798,26.731229029386608,140769600
2016-10-14,26.92349624633789,27.047093228074598,26.80905479060813,26.98071697420277,142608800
2016-10-17,26.90518569946289,26.97156020403492,26.728944887875503,26.854831181866494,94499600
2016-10-18,26.886871337890625,27.056244174757325,26.88229270254308,27.049377967973744,98214000
2016-10-19,26.806766510009766,26.953251429771733,26.046875333905316,26.836520659067105,80138400
2016-10-20,26.79302215576172,26.866264587780144,26.625938676268433,26.7472462905892,96503200
2016-10-21,26.687744140625,26.7586990226796,26.614501687003166,26.735809337104534,92770800
2016-10-24,26.928062438964844,26.9486610532833,26.779288266017303,26.802176197339104,94154800
2016-10-25,27.065399169921875,27.090576425127797,26.8502487149759,26.99673361095342,192516000
2016-10-26,26.45656394958496,26.481741199126112,25.934711406799906,26.16359422354685,264536800
2016-10-27,26.202510833740234,26.518368554939595,26.11553422850968,26.410793330304532,138248000
2016-10-28,26.0285587310791,26.36959369845516,25.966759381906105,26.062891508815476,151446800
2016-10-31,25.98736572265625,26.14529548881585,25.909544625476876,26.01254298236975,105677600
2016-11-01,25.518152236938477,26.04000493282985,25.2984248779441,25.969051797617304,175303200
2016-11-02,25.54103660583496,25.714988062228944,25.458640385687897,25.49755005141465,113326800
2016-11-03,25.267271041870117,25.642264957129893,25.20285508147735,25.531838097943226,107730400
2016-11-04,25.039506912231445,25.363889470404764,24.871565588447606,24.968189508038545,123348000
2016-11-07,25.400705337524414,25.423710787131366,25.182149178250135,25.32478577413851,130240000
2016-11-08,25.550241470336914,25.70208059611489,25.237362443161036,25.377697966609183,97016800
2016-11-09,25.508832931518555,25.61005902319711,24.857770061068404,25.278774908760692,236705600
2016-11-10,24.797954559326172,25.557144983620535,24.34704104396992,25.557144983620535,228538000
2016-11-11,24.945192337036133,25.04641843220124,24.512683871227594,24.643816878508083,136575600
2016-11-14,24.319433212280273,24.802554705796396,23.94443926956893,24.779549254715324,204702000
2016-11-15,24.641511917114258,24.77264490369558,24.422957524546458,24.517280389531447,129058000
2016-11-16,25.3040771484375,25.359292328299528,24.524180723718356,24.547186171059305,235362000
2016-11-17,25.294878005981445,25.38690156287228,25.037214152931146,25.262670024350157,110528000
2016-11-18,25.3201847076416,25.43061332773471,25.22816290530128,25.24196582461165,113715600
2016-11-21,25.704378128051758,25.76419193736113,25.308678133159383,25.333984650637593,117058400
2016-11-22,25.72049331665039,25.863128198874808,25.6284697362194,25.755000623508682,103862000
2016-11-23,25.589357376098633,25.653773348516676,25.38230478246663,25.619264290377405,109705600
2016-11-25,25.718181610107422,25.73658666962397,25.524931995589796,25.566342501900497,45903600
2016-11-28,25.667572021484375,25.874624580847378,25.626161509611773,25.635364040606053,108776000
2016-11-29,25.64227294921875,25.773405982376026,25.322492363884276,25.485833387276404,114115200
2016-11-30,25.426010131835938,25.812507653355425,25.3684956301527,25.674473200356314,144649200
2016-12-01,25.189054489135742,25.522639702654807,25.083228000599767,25.39150668912071,148347600
2016-12-02,25.28337287902832,25.32708270259954,25.041811292921707,25.11542977784512,106112000
2016-12-05,25.101627349853516,25.313280278734737,24.903777338663584,25.306378819889094,137298000
2016-12-06,25.294878005981445,25.389202634475474,25.12003517861256,25.19135260148136,104782000
2016-12-07,25.543338775634766,25.580148897147293,25.113131450477074,25.1361368988208,119994800
2016-12-08,25.79410171508789,25.86541912823378,25.44441259761754,25.504228164722253,108273200
2016-12-09,26.215103149414062,26.387646614869272,25.83780824536823,25.83780824536823,137610400
2016-12-12,26.065574645996094,26.456672582084675,25.879226454270913,26.063273574314607,105497600
2016-12-13,26.50037956237793,26.668320906667244,26.16909550595621,26.18979988188101,174935200
2016-12-14,26.50037956237793,26.73273686092633,26.452067596683612,26.465870513966813,136127200
2016-12-15,26.64533042907715,26.854684153239333,26.509596985660956,26.54410429825551,186098000
2016-12-16,26.679826736450195,26.801757196511677,26.606208246118552,26.79485573729359,177404400
2016-12-19,26.833967208862305,27.00420965154858,26.629215712268476,26.640719315305457,111117600
2016-12-20,26.905282974243164,27.031815579034852,26.84316808520206,26.856971003832687,85700000
2016-12-21,26.930585861206055,27.008806485032228,26.866169909350997,26.870772051742385,95132800
2016-12-22,26.75344467163086,26.804057711784225,26.6039066225968,26.767247589780606,104343600
2016-12-23,26.80635643005371,26.80635643005371,26.592402427489088,26.592402427489088,56998000
2016-12-27,26.976606369018555,27.100837921736478,26.799460694600874,26.80636215499572,73187600
2016-12-28,26.861574172973633,27.151446006509776,26.732740491754218,27.036416999651617,83623600
2016-12-29,26.85466957092285,26.942090974031995,26.778750014031598,26.790251860249484,60158000
2016-12-30,26.64533042907715,26.96280999137578,26.555607905923097,26.836279083052837,122345200
2017-01-03,26.721240997314453,26.762651513638215,26.401460470504556,26.64072103646367,115127600
2017-01-04,26.691335678100586,26.804065392637575,26.62922077342414,26.652226228667132,84472400
2017-01-05,26.827062606811523,26.88457710485285,26.643015510998012,26.66832203055245,88774400
2017-01-06,27.126140594482422,27.183655096543283,26.794856500946796,26.866173921837206,127007600
2017-01-09,27.374601364135742,27.47582744741152,27.133041513413918,27.13534082970417,134247600
2017-01-10,27.40220832824707,27.464323215522036,27.21586191121894,27.323987696089937,97848400
2017-01-11,27.5494441986084,27.590854706860362,27.284877160065474,27.31708513812776,110354400
2017-01-12,27.43442153930664,27.445925143500986,27.195160964733542,27.35390157555694,108344800
2017-01-13,27.386104583740234,27.51953864524781,27.33319047134818,27.40220857356334,104447600
2017-01-17,27.606956481933594,27.662169903440613,27.19745357495073,27.225059408102727,137759200
2017-01-18,27.604656219482422,27.721986279424815,27.540240266636584,27.60695729071351,94852000
2017-01-19,27.55634880065918,27.62766622376003,27.46202592706161,27.468927386690293,102389200
2017-01-20,27.606956481933594,27.710481866659634,27.544841602138572,27.710481866659634,130391600
2017-01-23,27.625362396240234,27.793303737125175,27.55404322958216,27.606957336766985,88200800
2017-01-24,27.600061416625977,27.629968327868966,27.491933864527088,27.503437467807007,92844000
2017-01-25,28.039472579956055,28.09008562831899,27.67138007623037,27.703588060606148,129510400
2017-01-26,28.05327033996582,28.16829932872382,27.97504971490478,27.991153703122777,105350400
2017-01-27,28.055566787719727,28.14759032035867,27.97504685486174,28.099278360643876,82251600
2017-01-30,27.98196029663086,27.98196029663086,27.758805460053562,27.82092036194546,121510000
2017-01-31,27.91754150390625,27.926744035702466,27.749600125434853,27.871530600128644,196804000
2017-02-01,29.61996841430664,30.020270610409472,29.21966797340711,29.224268361259686,447940000
2017-02-02,29.56935691833496,29.767206955205634,29.396813403985195,29.442826060933836,134841600
2017-02-03,29.695892333984375,29.721198858894002,29.48423935765253,29.51874665961697,98029200
2017-02-06,29.974262237548828,30.022575973349525,29.654481683689596,29.70739756347305,107383600
2017-02-07,30.259525299072266,30.388357203952918,30.011062263771247,30.031766639111467,152735200
2017-02-08,30.376863479614258,30.41827575416535,30.188217703391395,30.218126373322335,92016400
2017-02-09,30.596355438232422,30.603286818135548,30.295982715136457,30.41844179425914,113399600
2017-02-10,30.527048110961914,30.716515292031392,30.51087606110025,30.605609651634992,80262000
2017-02-13,30.79737663269043,30.919839253845378,30.672608252092974,30.748856966868217,92141600
2017-02-14,31.197107315063477,31.213279362962442,30.788138188350544,30.83897066853526,132904800
2017-02-15,31.310319900512695,31.48592428287456,31.104680709820027,31.31263271120233,142492400
2017-02-16,31.273361206054688,31.400438901901097,31.1555206526763,31.347297127694766,90338400
2017-02-17,31.35885238647461,31.3842686322115,31.21559910629963,31.21559910629963,88792800
2017-02-21,31.585285186767578,31.596838666542546,31.418924949763774,31.476688823011568,98028800
2017-02-22,31.680011749267578,31.682321034458894,31.448956307591242,31.522892215602024,83347600
2017-02-23,31.546001434326172,31.765503414548835,31.49285966610156,31.742399984098633,83152800
2017-02-24,31.576030731201172,31.57603073120117,31.257173161896297,31.40273918712252,87106400
2017-02-27,31.63842010498047,31.756260637263946,31.488235477341306,31.686943299266535,81029600
2017-02-28,31.65228271484375,31.75625694694413,31.585274669836803,31.673076856138653,93931600
2017-03-01,32.29924392700195,32.38242404064438,31.793235388439577,31.860239926216643,145658400
2017-03-02,32.107452392578125,32.41244361560413,32.06123850293422,32.34774840085241,104844000
2017-03-03,32.29692459106445,32.308478066569165,32.02196809193067,32.06586918347313,84432400
2017-03-06,32.19526290893555,32.29461857758971,32.02428414639865,32.20219428981536,87000000
2017-03-07,32.23686218261719,32.34314573112953,32.06818914049128,32.13057510847794,69785200
2017-03-08,32.11671447753906,32.30155958253522,32.07512617986917,32.10516099742172,74828800
2017-03-09,32.04277801513672,32.068194263515565,31.666159912685085,32.05664430794765,88623600
2017-03-10,32.14905548095703,32.19988796249569,32.0335277548467,32.174471721726356,78451200
2017-03-13,32.16291427612305,32.21605603640242,32.07511561253668,32.08204699319808,69686800
2017-03-14,32.11439514160156,32.26688904429549,32.07973471209646,32.18602176003566,61236400
2017-03-15,32.45404052734375,32.52104503689061,32.123629497551406,32.21143167096657,102767200
2017-03-16,32.5071907043457,32.58343942329321,32.40783503094396,32.51412208555673,76928000
2017-03-17,32.3454704284668,32.578835284326956,32.322363461276275,32.578835284326956,175540000
2017-03-20,32.68510437011719,32.694345036519806,32.400903638062616,32.44018264011968,86168000
2017-03-21,32.310791015625,32.99471665093121,32.2853747768826,32.83528783751306,158119600
2017-03-22,32.675865173339844,32.71745699257551,32.292312234910746,32.313109907341975,103440800
2017-03-23,32.560325622558594,32.712823028388804,32.488699014687725,32.638883610183065,81385200
2017-03-24,32.49563980102539,32.7498022176487,32.42863526880281,32.69434763794183,89582400
2017-03-27,32.55109405517578,32.62965206475492,32.02890646363169,32.20682015348862,94300400
2017-03-28,33.22576904296875,33.28122008560219,32.49101099744345,32.55801904145993,133499200
2017-03-29,33.29970932006836,33.3852022314122,33.0848294503589,33.19804436103866,116760000
2017-03-30,33.25580596923828,33.387509255140365,33.15645382776915,33.315882636755454,84829200
2017-03-31,33.19342041015625,33.33436434857821,33.043232281161146,33.20728317039026,78646800
2017-04-03,33.202674865722656,33.29971775329288,33.05249019997456,33.20498767713941,79942800
2017-04-04,33.44989776611328,33.477623291318075,33.080207643793266,33.0986925024719,79565600
2017-04-05,33.276607513427734,33.60932793169963,33.22808431675207,33.322817899159624,110871600
2017-04-06,33.19342041015625,33.3921281999704,33.14489722371151,33.33898291823909,84596000
2017-04-07,33.11948776245117,33.31357349667773,33.10331571407883,33.209599248029676,66688800
2017-04-10,33.080204010009766,33.24425490924556,33.017818059525624,33.17955967379013,75733600
2017-04-11,32.724369049072266,33.12178451733915,32.36161047167907,33.02705098145147,121517600
2017-04-12,32.7636604309082,32.844527715419915,32.58112466824049,32.717450050383505,81400000
2017-04-13,32.59037399291992,32.897678183969354,32.59037399291992,32.78908183353735,71291600
2017-04-17,32.77058410644531,32.78213758026646,32.54876939620501,32.68971331532249,66328400
2017-04-18,32.62502670288086,32.81911242204733,32.60423255989005,32.67354989548555,58790000
2017-04-19,32.50487518310547,32.809870033463476,32.451733423043436,32.782144510931275,69313600
2017-04-20,32.91153335571289,33.022438965982026,32.61578271124467,32.62964547182509,93278400
2017-04-21,32.87226486206055,32.96699493150307,32.775221981365114,32.91154387146392,69283600
2017-04-24,33.18879699707031,33.260423605852495,33.08250996345363,33.156449382600115,68537200
2017-04-25,33.39445114135742,33.47994054817826,33.241953665168516,33.25119785952204,75486000
2017-04-26,33.198028564453125,33.4106025734352,33.128714785029175,33.3805642519351,80164800
2017-04-27,33.22343826293945,33.30893111680198,33.11253271203206,33.25347657853633,56985200
2017-04-28,33.19112014770508,33.34130833347928,33.10332145782186,33.2927851286902,83441600
2017-05-01,33.86810302734375,34.01135625590871,33.49379438464133,33.526142001595545,134411600
2017-05-02,34.082984924316406,34.21699749566795,33.928178210589465,34.089916305108204,181408800
2017-05-03,33.9790153503418,34.07837103137064,33.334372168846535,33.63936354242312,182788000
2017-05-04,33.85654830932617,33.99749224780387,33.690188135200835,33.854239024494824,93487600
2017-05-05,34.41801834106445,34.42263691120523,33.90969357549422,33.90969357549422,109310800
2017-05-08,35.353797912597656,35.51322675874134,34.434198084508445,34.434198084508445,195009600
2017-05-09,35.58022689819336,35.78586608965602,35.455454991771575,35.55249784919626,156521600
2017-05-10,35.41154861450195,35.56866811663145,35.1458363201568,35.49704150818844,103222800
2017-05-11,35.71780776977539,35.74565127496851,35.33731290713693,35.36979404638002,109020400
2017-05-12,36.21663284301758,36.2908739365039,35.88485788911661,35.89181788100036,130108000
2017-05-15,36.12382888793945,36.34423690255087,35.973024335884055,36.195751167848314,104038800
2017-05-16,36.070465087890625,36.20734964530216,35.896458214516294,36.179509678419514,80194000
2017-05-17,34.859378814697266,35.86166015777353,34.73409541690228,35.63661097305999,203070800
2017-05-18,35.39067840576172,35.57628645594224,35.063548155767805,35.09602929903596,134272800
2017-05-19,35.511314392089844,35.72476235196621,35.41155217244053,35.58555900779195,107843200
2017-05-22,35.72707748413086,35.8639619839506,35.476507267073444,35.72939630033584,91865600
2017-05-23,35.683006286621094,35.93821421541674,35.5693205340456,35.93821421541674,79675600
2017-05-24,35.5762825012207,35.76885052211112,35.42083679427562,35.69228707716587,76712000
2017-05-25,35.699249267578125,35.81061621627435,35.50436241762813,35.666768125919795,76942400
2017-05-26,35.638919830322266,35.78508670371627,35.56931638869759,35.72940324238091,87710400
2017-05-30,35.65283966064453,35.829165310531,35.573957412551486,35.59483738289763,80507600
2017-05-31,35.44169998168945,35.768833580554094,35.35353895304925,35.72243248018919,97804800
2017-06-01,35.539161682128906,35.57396518048359,35.31643486944589,35.536842864976805,65616400
2017-06-02,36.06581497192383,36.06581497192383,35.471872224484855,35.631959074729174,111082800
2017-06-05,35.71316909790039,35.83381485504756,35.60412804722725,35.80829370526987,101326800
2017-06-06,35.83380889892578,36.149341452740536,35.6783632089096,35.706203171247324,106499600
2017-06-07,36.04726028442383,36.18878600667422,35.84077228378099,35.9660592065226,84278400
2017-06-08,35.95911407470703,36.08671632702086,35.82222592993346,36.019435203804115,85003200
2017-06-09,34.56471252441406,36.005490501291284,33.87796761467055,36.005490501291284,259530800
2017-06-12,33.738773345947266,33.89421906626686,33.06362580621396,33.81301798022594,289229200
2017-06-13,34.01020812988281,34.20973606821814,33.67611450846762,34.14245499676691,136661600
2017-06-14,33.67844772338867,34.22134826314073,33.37219395829046,34.22134826314073,126124800
2017-06-15,33.47659683227539,33.52067913475004,32.99402094249624,33.251551226267416,128661600
2017-06-16,33.00794219970703,33.525321604147315,32.99169986019783,33.358274735777414,201444400
2017-06-19,33.95221710205078,34.045022883262455,33.330434298736115,33.330434298736115,130165600
2017-06-20,33.64365005493164,34.075187273103715,33.62741125315838,34.075187273103715,99600400
2017-06-21,33.843177795410156,33.88958246333637,33.55084750444229,33.76197670689753,85063200
2017-06-22,33.7874870300293,34.03573493101668,33.66916012098944,33.81996816306067,76425200
2017-06-23,33.938297271728516,34.14246645112893,33.66684699830492,33.671488172430905,141757600
2017-06-26,33.831573486328125,34.40231397122722,33.7294889013404,34.14478369189126,102769600
2017-06-27,33.346683502197266,33.91046773590415,33.32116234692363,33.64365501437434,99047600
2017-06-28,33.833900451660156,33.898862741356155,33.21443634194379,33.523008988089416,88329600
2017-06-29,33.33506774902344,33.67148379594912,33.01025640599368,33.5740403930402,125997600
2017-06-30,33.41395568847656,33.63204483576465,33.3582722231546,33.51371791447777,92096400
2017-07-03,33.29330825805664,33.710925376297865,33.20050602741556,33.61348197207128,57111200
2017-07-05,33.430198669433594,33.59260437172023,33.11234725637412,33.33739642246375,86278400
2017-07-06,33.11465835571289,33.293306356681505,33.040417283475556,33.18194297823651,96515200
2017-07-07,33.451087951660156,33.583334907577324,33.15411643051047,33.15411643051047,76806800
2017-07-10,33.65523910522461,33.861727060320725,33.26314316415742,33.43483117071179,84362400
2017-07-11,33.764286041259766,33.838530656946226,33.49747697651507,33.57867804222174,79127200
2017-07-12,33.813018798828125,33.91509986316414,33.59957078037794,33.84317758457734,99538000
2017-07-13,34.28399658203125,34.45104347027611,33.74341478259706,33.75733476658762,100797600
2017-07-14,34.578643798828125,34.645928438020356,34.18191011600604,34.33039583744347,80528400
2017-07-17,34.69929504394531,35.010186519241415,34.4696082039215,34.527610503350445,95174000
2017-07-18,34.81993865966797,34.83153982687053,34.492804861523275,34.61576944547624,71475200
2017-07-19,35.03801727294922,35.13081950217448,34.78976582249554,34.912730369299176,83692000
2017-07-20,34.88025665283203,35.2050716045532,34.845456694516386,35.14938813106929,68974800
2017-07-21,34.864009857177734,34.90345098095028,34.54151733675225,34.79904758976671,105010400
2017-07-24,35.286258697509766,35.36746328828983,34.778158266473156,34.93592627537164,85972800
2017-07-25,35.437076568603516,35.692284493098995,35.218987415187335,35.218987415187335,75415600
2017-07-26,35.604129791259766,35.71317084727418,35.51132399653175,35.57860864023195,63124000
2017-07-27,34.931297302246094,35.72709053321311,34.17494874241261,35.671407062358746,129905200
2017-07-28,34.68536376953125,34.85472943749042,34.61344150807646,34.775847185583764,68854800
2017-07-31,34.506710052490234,34.87792600275066,34.36750672627583,34.77816025579489,79383600
2017-08-01,34.81297302246094,34.85241415241093,34.43247816509669,34.59256504206811,141474400
2017-08-02,36.457923889160156,37.063468015241696,36.23055587474565,36.95442341298408,279747200
2017-08-03,36.09367370605469,36.47416866048852,35.9660679353221,36.437046338060945,108389200
2017-08-04,36.28388977050781,36.518217601557595,36.121484167791294,36.20964872648453,82239600
2017-08-07,36.84536361694336,36.87088475886639,36.34886429785898,36.43934770282649,87481200
2017-08-08,37.14003372192383,37.54604982805782,36.72009763000825,36.796661091986486,144823600
2017-08-09,37.36738586425781,37.41610933395925,36.91496881779299,36.94976876745259,104526000
2017-08-10,36.17716598510742,37.26723077944783,36.01645048371824,37.24393733857864,163217200
2017-08-11,36.68027877807617,36.93416454339408,36.35186393739302,36.47531138153877,105028400
2017-08-14,37.232295989990234,37.31614740550101,36.97608234424056,37.10884856633273,88490800
2017-08-15,37.63991165161133,37.77966166110587,37.299846542421186,37.42096606058106,117862000
2017-08-16,37.488502502441406,37.85185741693669,37.30216564642129,37.719094761600296,110686400
2017-08-17,36.76879119873047,37.43261533993221,36.76413179853818,37.388359923307966,111762400
2017-08-18,36.68495178222656,37.15079243977864,36.50327421010782,36.76880324274922,109712400
2017-08-21,36.617393493652344,36.775777555216585,36.128259554669306,36.68493880130041,105474000
2017-08-22,37.21599197387695,37.26723470592403,36.806053671580756,36.854964926847224,86418400
2017-08-23,37.26258087158203,37.376713074383446,37.006370727162285,37.050626143637956,77596400
2017-08-24,37.09720230102539,37.439595289060286,36.9294994679438,37.367387039585466,79275600
2017-08-25,37.2346305847168,37.39767404573715,37.09720849286256,37.18571576937024,101920400
2017-08-28,37.60963439941406,37.73308185201082,37.25093521127621,37.29985002932449,103864000
2017-08-29,37.94503402709961,37.99394528318715,37.26723533152812,37.29052877524253,118067600
2017-08-30,38.04751968383789,38.17329503991752,37.87515744009567,38.15233307291767,109078400
2017-08-31,38.19892120361328,38.320040729401555,38.077801677825,38.115069771003085,107140400
2017-09-01,38.21055603027344,38.41785484717344,38.112729981699495,38.385246164315454,66364400
2017-09-05,37.751708984375,38.25714542591725,37.397669261394455,38.140685318075796,117874000
2017-09-06,37.712120056152344,37.96367436281888,37.38836103771766,37.89845697450694,86606800
2017-09-07,37.56072998046875,37.7889944557835,37.3511031115525,37.754054274909414,87714000
2017-09-08,36.948143005371094,37.53509951790412,36.92484955709291,37.46755420442734,114446000
2017-09-11,37.616607666015625,37.7447144710502,37.24160604804881,37.38368749470902,126323200
2017-09-12,37.467552185058594,38.189606393791436,36.980749707380006,37.875162629389486,286856000
2017-09-13,37.18571472167969,37.257922981172236,36.78043578057349,37.236957458568185,179629600
2017-09-14,36.866607666015625,37.127477143471076,36.82235226093013,37.03198256595404,95042800
2017-09-15,37.23928451538086,37.493166692687424,36.80139338088487,36.91086616450887,196458400
2017-09-18,36.95744705200195,37.38369143693135,36.80139094725952,37.29285270270575,113077600
2017-09-19,36.97141647338867,37.21365543316405,36.90387118992186,37.15309391618039,83242400
2017-09-20,36.351863861083984,36.861956205442226,35.83012123973316,36.77810477619086,211805600
2017-09-21,35.72763442993164,36.28897304494731,35.578565622840415,36.28897304494731,150046800
2017-09-22,35.37825393676758,35.4667647623346,35.068469601363695,35.296730433842086,186581600
2017-09-25,35.06613540649414,35.36427296614295,34.74237648371551,34.9357006684078,177549200
2017-09-26,35.66940689086914,35.85108440127797,35.331673239677386,35.35263520916742,146640000
2017-09-27,35.92327880859375,36.03741097766786,35.762563313762016,35.82312483591887,102016800
2017-09-28,35.70201873779297,35.93493900803122,35.56692455456503,35.84410024480155,88022000
2017-09-29,35.89767074584961,35.90000222315323,35.40388091253344,35.68571600201449,105199200
2017-10-02,35.82545471191406,35.97452349491543,35.57157255172238,35.93026808910437,74795200
2017-10-03,35.98152160644531,36.12360311051281,35.84875890327996,35.87204879737292,64921200
2017-10-04,35.748600006103516,35.837110840962715,35.51102390318841,35.78354017706002,80655200
2017-10-05,36.19347381591797,36.20512053804694,35.88136156571288,35.91163877835149,85135200
2017-10-06,36.17251968383789,36.21677510506576,36.000157399603395,36.09565556603391,69630400
2017-10-09,36.29829025268555,36.50558912928541,36.21677029910365,36.29130292963798,65051600
2017-10-10,36.312259674072266,36.80139354150929,36.12592634750615,36.34952776101765,62468000
2017-10-11,36.463661193847656,36.563815182604465,36.277324306816766,36.32856703960228,67622400
2017-10-12,36.335567474365234,36.65466715398137,36.27267799705516,36.41709100251095,64500400
2017-10-13,36.56614685058594,36.6336921510215,36.431052695634285,36.50558531838799,65576800
2017-10-16,37.23928451538086,37.267233803427715,36.719869885307716,36.77809993812558,96486000
2017-10-17,37.37671661376953,37.469883301638944,37.087894194844225,37.216001056225664,75989200
2017-10-18,37.21133041381836,37.43260745030128,37.17406588237725,37.36505860103378,65496800
2017-10-19,36.330902099609375,36.587115813870575,36.10730063450979,36.51025169959222,170336800
2017-10-20,36.393775939941406,36.743156188964846,36.326230655591935,36.47762734187022,95896400
2017-10-23,36.375144958496094,36.729184635748865,36.2190888606344,36.542847776453726,87937200
2017-10-24,36.591773986816406,36.66630662132224,36.3821436219765,36.403105592236166,71028800
2017-10-25,36.43105697631836,36.696585917849305,36.16552803478742,36.54751710074563,84828400
2017-10-26,36.66397476196289,36.7618008334198,36.517233877737176,36.62204727186381,68002000
2017-10-27,37.9776496887207,38.10575654450994,36.96444512048361,37.10186722302062,177816800
2017-10-30,38.832454681396484,39.146898362121874,38.13369410563347,38.17329011177043,178803200
2017-10-31,39.372840881347656,39.51492238822658,38.88371044674246,39.10731191568161,144187200
2017-11-01,38.87205505371094,39.58246242968022,38.57391745889112,39.56615630845578,134551200
2017-11-02,39.15621566772461,39.2470544051936,38.497051063391076,38.80450743887397,165573600
2017-11-03,40.178733825683594,40.58867209133476,39.85730281777248,40.528114119819975,237594400
2017-11-06,40.58635330200195,40.75871556536482,39.997065357610694,40.14846209750659,140105200
2017-11-07,40.7167854309082,40.81927090225437,40.43495393878697,40.50715864248612,97446000
2017-11-08,41.049869537353516,41.049869537353516,40.604990970049464,40.68185508540157,97638000
2017-11-09,40.96603012084961,41.01727287945627,40.32782711625542,40.786680465726306,117930400
2017-11-10,40.8304328918457,40.996402330142,40.73693129386803,40.93328678973554,100582000
2017-11-13,40.66679763793945,40.7906888430598,40.53355413421182,40.55693131387321,67928400
2017-11-14,40.0520133972168,40.552254357040376,40.0146113372461,40.44940047554934,99130000
2017-11-15,39.523719787597656,39.813580380903474,39.36009024575425,39.731763826553525,116632400
2017-11-16,39.99592208862305,40.175912851342744,39.808915317218215,40.01461955559179,94550000
2017-11-17,39.77384948730469,40.06371016093212,39.65463440953874,39.98189358391045,87598000
2017-11-20,39.734100341796875,39.86968012490555,39.63592261613677,39.80656459881815,65049600
2017-11-21,40.472774505615234,40.60367813847048,39.92110664797064,39.92110664797064,100525200
2017-11-22,40.898223876953125,40.907572609846746,40.451746085565624,40.524210357777335,102355600
2017-11-24,40.90055465698242,41.0244458605575,40.82575053648445,40.93094427679182,56106800
2017-11-27,40.694847106933594,40.92626834322991,40.51952896130642,40.91925590275337,82867200
2017-11-28,40.4564208984375,40.87718163503339,40.1735726934655,40.74394168627326,105715200
2017-11-29,39.617225646972656,40.42135213023279,39.074910025823634,40.353564015160494,166665600
2017-11-30,40.171241760253906,40.239029889391794,39.37412755223093,39.83930285607974,166108800
2017-12-01,39.98422622680664,40.129154754037586,39.38814381183188,39.7270915170193,159037200
2017-12-04,39.6920280456543,40.35122240453448,39.652289694840306,40.31849649404904,130169600
2017-12-05,39.65463638305664,40.094101782104794,39.36477569500352,39.519056556395874,109400800
2017-12-06,39.50735855102539,39.785530580238316,38.911279707691186,39.15438596756534,114240000
2017-12-07,39.57982635498047,39.841633644959046,39.48398491245016,39.51203467441735,102693200
2017-12-08,39.591529846191406,39.97255593598173,39.4629659992993,39.853340825154,93420800
2017-12-11,40.362911224365234,40.414338164972506,39.45593089022615,39.55177233107214,141095200
2017-12-12,40.136173248291016,40.297466539043796,40.080073715408226,40.241363439303626,77636800
2017-12-13,40.26941680908203,40.566286349142075,40.206301267674334,40.3231800504292,95273600
2017-12-14,40.25771713256836,40.470437314655996,40.12447364482455,40.29979177068341,81906000
2017-12-15,40.66679763793945,40.7135484304054,40.31382505293616,40.58732093406165,160677200
2017-12-18,41.239498138427734,41.42182870492046,40.87483700544228,40.87951315420929,117684400
2017-12-19,40.800048828125,40.99874420947974,40.69485862434924,40.914591333087564,109745600
2017-12-20,40.75564193725586,41.005760732597146,40.49850713189737,40.8771933299179,93902400
2017-12-21,40.909908294677734,41.146005707313414,40.69719163107256,40.713552805108094,83799600
2017-12-22,40.909908294677734,41.00574974798811,40.79069322605128,40.83276787373455,65397600
2017-12-26,39.872032165527344,40.08241256095756,39.66398449497271,39.92579541025149,132742000
2017-12-27,39.87903594970703,39.921110592915475,39.670991891177096,39.76215718498556,85992800
2017-12-28,39.991241455078125,40.17123576447634,39.850985500534065,39.97254042334844,65920800
2017-12-29,39.55878829956055,39.87669870309674,39.55645200818158,39.86033752972982,103999600
2018-01-02,40.2670783996582,40.27643070005527,39.565805677893536,39.776189634537445,102223600
2018-01-03,40.26006317138672,40.80238241744237,40.19695119893329,40.33019115208112,118071600
2018-01-04,40.44707107543945,40.54992497445396,40.22500210267125,40.3325285848356,89738400
2018-01-05,40.90757369995117,40.99406285723671,40.45174716352319,40.54291247080879,94640000
2018-01-08,40.75564193725586,41.05017525050981,40.65746059931304,40.75564193725586,82271200
2018-01-09,40.75095748901367,40.921599515903196,40.53590095325459,40.80238443961448,86336000
2018-01-10,40.74159622192383,40.743936079890894,40.440050593275295,40.477452652181725,95839600
2018-01-11,40.9730224609375,41.02211311511454,40.7883555686387,40.81172918317203,74670800
2018-01-12,41.39612579345703,41.45924133390934,41.05951433352114,41.18340555601736,101672400
2018-01-16,41.18574905395508,41.933772604993706,41.17406046145214,41.58547252280897,118263600
2018-01-17,41.8659782409668,41.901040446396664,40.92393560860837,41.176390621417674,137547200
2018-01-18,41.903377532958984,42.099736587663685,41.66728368925117,41.9290910063812,124773600
2018-01-19,41.716365814208984,41.97817307780297,41.4709197211614,41.75142801313444,129700400
2018-01-22,41.37508773803711,41.5574183478053,41.28158614164321,41.44521571876117,108434400
2018-01-23,41.384429931640625,41.94545012192714,41.33300655854965,41.44520916986427,130756400
2018-01-24,40.72523880004883,41.44521244943131,40.486805111138345,41.43352385908979,204420400
2018-01-25,39.998268127441406,40.89589656869833,39.862688274304936,40.79304264101837,166116000
2018-01-26,40.091766357421875,40.20630887024904,39.752818536712894,40.20630887024904,156572000
2018-01-29,39.261924743652344,39.77619070677116,39.05388063992829,39.77619070677116,202561600
2018-01-30,39.03049850463867,39.124000098125286,38.499867866116375,38.693887061115404,184192800
2018-01-31,39.13802719116211,39.374124613366014,38.92063436894064,39.007123526143936,129915600
2018-02-01,39.2198486328125,39.416204154709504,38.9814148894474,39.077256358536815,188923200
2018-02-02,37.51809310913086,38.990766636131845,37.42459150008796,38.8037598511883,346375200
2018-02-05,36.580726623535156,38.30819507475602,36.46618412011472,37.19083407744985,290954000
2018-02-06,38.1094970703125,38.270790367350905,35.99866645876102,36.19268567354218,272975200
2018-02-07,37.2936897277832,38.19599429823236,37.18382692611816,38.12353000555916,206434400
2018-02-08,36.26749038696289,37.63497378025573,36.23944061622308,37.469004314043325,217562000
2018-02-09,36.71107864379883,37.058449261240575,35.26291495408006,36.86598846911432,282690400
2018-02-12,38.189762115478516,38.466718895803275,36.96926416827277,37.20162894435836,243278000
2018-02-13,38.57234573364258,38.66857795561748,37.94097353876356,38.011387447072025,130196800
2018-02-14,39.28352355957031,39.32342394356788,38.22967494691538,38.267225932124475,162579600
2018-02-15,40.60258865356445,40.626057565112156,39.6660920548011,39.85151185604618,204588800
2018-02-16,40.471153259277344,41.032115117639805,40.31624696133215,40.454725377080166,160704400
2018-02-20,40.335025787353516,40.900675720101226,40.234098347646515,40.381967200086905,135722000
2018-02-21,40.151954650878906,40.86781930456375,40.1378690027883,40.56504412652464,149886400
2018-02-22,40.487571716308594,40.82790131300647,40.30215194919147,40.32327504011641,123967600
2018-02-23,41.191715240478516,41.22692040214116,40.73168083348682,40.76219436119442,135249600
2018-02-26,42.00615310668945,42.10473112126682,41.358353190295645,41.3912125284881,152648800
2018-02-27,41.870018005371094,42.360562232054455,41.81603557762197,42.036664084160634,155712400
2018-02-28,41.8066520690918,42.39342858513631,41.790224188970356,42.07422201715211,151128400
2018-03-01,41.07436752319336,42.196284246743396,40.525145411276526,41.905241724703394,195208000
2018-03-02,41.35835647583008,41.37947957033199,40.47584232615504,40.55799246886187,153816000
2018-03-05,41.501529693603516,41.71746301418378,40.96169460145311,41.12364548723818,113605600
2018-03-06,41.466331481933594,41.83717475100933,41.33958930254335,41.75737398689694,95154000
2018-03-07,41.081398010253906,41.273862430596104,40.903019234965775,41.06027491477236,126814000
2018-03-08,41.529701232910156,41.57194742905669,41.090793481964944,41.187022122543205,95096400
2018-03-09,42.24321746826172,42.2479126835741,41.63531780640628,41.76910458230956,128740800
2018-03-12,42.65162658691406,42.80888231839001,42.2972147366982,42.31598844013934,128828400
2018-03-13,42.24086380004883,43.06939186938944,42.06952607769264,42.855804379874634,126774000
2018-03-14,41.88176345825195,42.36996197589975,41.73389462212503,42.323020568345115,117473600
2018-03-15,41.9310417175293,42.30423424408691,41.79491273914619,41.8958365647404,90975200
2018-03-16,41.78318405151367,42.04136357525891,41.68929765809745,41.931049301369676,157618800
2018-03-19,41.14478302001953,41.65410476708609,40.75985764714246,41.618899597561054,133787200
2018-03-20,41.13069152832031,41.49683953309172,41.06027762400275,41.13069152832031,78597600
2018-03-21,40.19889831542969,41.095491231721496,40.196548916582934,41.083754981689786,148219600
2018-03-22,39.630889892578125,40.529828421739076,39.57221223717389,39.900805674877645,165963200
2018-03-23,38.71317672729492,39.88203480809846,38.71317672729492,39.52292778579496,164115200
2018-03-26,40.550960540771484,40.62841548606614,39.065241676811105,39.44782118743007,150164800
2018-03-27,39.51118087768555,41.10955946368787,39.177892261077965,40.764534600998445,163690400
2018-03-28,39.07461929321289,39.905496814461294,38.77184419806612,39.2553474561917,166674000
2018-03-29,39.37974548339844,40.31154688271614,39.173199002522075,39.386786515119255,153594000
2018-04-02,39.12156677246094,39.65201509761951,38.60285827668735,39.11217992291302,150347200
2018-04-03,39.522918701171875,39.60741466237426,38.69908576549835,39.34688574711688,121112000
2018-04-04,40.278690338134766,40.372573155198666,38.673270529102645,38.69908884100521,138422000
2018-04-05,40.55799865722656,40.89363314796675,40.38900671262728,40.506362030743446,107732800
2018-04-06,39.52057647705078,40.482887897857516,39.478326701909054,40.12847614077942,140021200
2018-04-09,39.91255187988281,40.62607077179569,39.865610460128146,39.872651494021305,116070800
2018-04-10,40.66361999511719,40.83965298210904,40.25991739177053,40.60494233278657,113634400
2018-04-11,40.47349548339844,40.820866160421915,40.29980835418697,40.42420468274402,89726400
2018-04-12,40.872501373291016,41.074352620855194,40.61431829568591,40.70116364800726,91557200
2018-04-13,41.010986328125,41.27151526401716,40.804443414359966,41.0227225756048,100497200
2018-04-16,41.26682662963867,41.35366842078155,41.03446180568861,41.081403217619894,86313600
2018-04-17,41.83482360839844,41.999120331657075,41.40530272955087,41.42408000955185,106421600
2018-04-18,41.740928649902344,41.9709475967017,41.515608498889755,41.733887619020656,83018000
2018-04-19,40.55799865722656,41.16589834553228,40.525139311410044,40.78331886242555,139235200
2018-04-20,38.89624786376953,40.187156394272286,38.82817977203165,40.041636942336396,261964400
2018-04-23,38.78358840942383,39.177900575378345,38.51366901785712,39.15677747678798,146062000
2018-04-24,38.24375915527344,39.039428225186825,37.84005649511789,38.88451831529907,134768000
2018-04-25,38.410400390625,38.82583928664687,38.119361446786506,38.16864868277175,113528400
2018-04-26,38.54417037963867,38.898582053680634,38.34466496108976,38.52069788990382,111852000
2018-04-27,38.09822082519531,38.56998777396035,37.70155939528785,38.49253285734537,142623200
2018-04-30,38.78828811645508,39.25770950585069,37.985577970356694,38.05364607740361,169709600
2018-05-01,39.6895637512207,39.71303266229741,38.790621726653995,39.05819166644517,214277600
2018-05-02,41.44285583496094,41.719812647104675,40.792706415671205,41.12834088273352,266157600
2018-05-03,41.517967224121094,41.661140865562984,40.94292684113001,41.28091075413384,136272800
2018-05-04,43.14684295654297,43.24542096261933,41.8183803187254,41.83715759341599,224805200
2018-05-07,43.45902633666992,44.048148799513136,43.362794107261145,43.46371797122614,169805600
2018-05-08,43.66792297363281,43.707823359687076,43.10931040607153,43.41913022447046,113611200
2018-05-09,43.975379943847656,43.98476679241279,43.473099382720285,43.78526492315641,92844800
2018-05-10,44.60439682006836,44.68185174084153,44.04343867998312,44.06456535393887,111957200
2018-05-11,44.43476486206055,44.7811202353957,44.16616310265883,44.64682115330001,104848800
2018-05-14,44.331085205078125,44.656235967916004,44.262758245240285,44.53371481746541,83115200
2018-05-15,43.928192138671875,44.076631181678145,43.61246796024898,44.00830061465196,94780800
2018-05-16,44.33815002441406,44.40412571212167,43.824509647791004,43.841004468520254,76732400
2018-05-17,44.057769775390625,44.510151372329275,43.90933077186677,44.29574027728579,69176000
2018-05-18,43.89756393432617,44.250987512042556,43.85515483070127,44.104906917053825,73190800
2018-05-21,44.208560943603516,44.59497042544534,44.03891740570134,44.295737574533284,73603200
2018-05-22,44.097835540771484,44.50309483483212,44.008300423764275,44.385286984121706,60962800
2018-05-23,44.380577087402344,44.41356314433773,43.76797477836174,43.90699078528495,80233600
2018-05-24,44.331085205078125,44.493660586497064,43.87399384244604,44.47716935972642,92936000
2018-05-25,44.43239974975586,44.68450662598143,44.21327532554309,44.34993283409535,69844000
2018-05-29,44.27218246459961,44.472457219965484,44.02949861480413,44.201500640550265,90056400
2018-05-30,44.177940368652344,44.29574820963541,44.00829679001992,44.22977610630169,74762000
2018-05-31,44.029502868652344,44.349940351070494,43.8575044214986,44.11196979829037,109931200
2018-06-01,44.823524475097656,44.82823419974906,44.2368401871287,44.293389239832464,93770000
2018-06-04,45.198158264160156,45.57278634857579,45.08506373956886,45.15339070780669,105064800
2018-06-05,45.54685974121094,45.69529874796764,45.32302559759376,45.490314287367944,86264000
2018-06-06,45.70473861694336,45.7283016281917,45.219370784997885,45.622275267995676,83734400
2018-06-07,45.582210540771484,45.756563841147845,45.3183185372882,45.74242747573462,85388800
2018-06-08,45.16753387451172,45.238219311227645,44.71279724984477,45.04265782757154,106627200
2018-06-11,45.05678939819336,45.23114631083224,44.81646397224416,45.08506572699524,73234000
2018-06-12,45.30418014526367,45.381933746768155,45.03793329119162,45.094482345524824,67644400
2018-06-13,44.931915283203125,45.44555940171566,44.870656492735385,45.337174592969205,86553600
2018-06-14,44.95547103881836,45.13689611332946,44.818813517322575,45.13218279322,86440400
2018-06-15,44.4936637878418,44.8046782086226,44.357006263123864,44.7740470200036,246876800
2018-06-18,44.470096588134766,44.58319108715091,44.10724649411106,44.26746699665913,73939600
2018-06-19,43.7514762878418,43.90227017955534,43.223695869239414,43.62188694452313,134314000
2018-06-20,43.942325592041016,44.10725585377342,43.76090050653034,43.90698467710195,82514800
2018-06-21,43.69729232788086,44.37822160419487,43.57477114874314,44.11904287817479,102847600
2018-06-22,43.5700569152832,43.8598632336105,43.51822117116477,43.852795049886204,108801600
2018-06-25,42.9221076965332,43.570050812040066,42.58282054445238,43.21191397426476,126652400
2018-06-26,43.45459747314453,43.94939183167297,43.009283988552895,43.11531391910178,98276800
2018-06-27,43.390987396240234,44.126107216581914,43.360356205322596,43.64309432120707,101141200
2018-06-28,43.706703186035156,43.873991879852326,43.306157299059485,43.37684271328096,69460800
2018-06-29,43.61482238769531,44.104903475310294,43.09646856653667,43.89284718810203,90950800
2018-07-02,44.1025390625,44.130815387435966,43.21662544405176,43.31087386848866,70925200
2018-07-03,43.33443069458008,44.28396149351073,43.24489559550557,44.24626212598361,55819200
2018-07-05,43.68315124511719,43.92112541341989,43.419262800087296,43.65016518948845,66416800
2018-07-06,44.28868865966797,44.39706988118077,43.63603208674531,43.687867834498626,69940800
2018-07-09,44.90363693237305,44.92719634335544,44.6020491482026,44.649171565377365,79026400
2018-07-10,44.849456787109375,45.06857769589515,44.809398948202585,44.93427859588051,63756400
2018-07-11,44.26748275756836,44.7151511888342,44.20386550631754,44.41356335394152,75326000
2018-07-12,45.00965881347656,45.09919391389085,44.60439959451979,44.65623532684284,72164400
2018-07-13,45.080345153808594,45.20050784745144,44.97902854938801,45.021441238162346,50055600
2018-07-16,44.98139953613281,45.39136860228985,44.865946535032236,45.125125274151614,60172400
2018-07-17,45.108619689941406,45.207577840766284,44.57848442788754,44.708073766542675,62138000
2018-07-18,44.8612174987793,45.191081559852485,44.75047785769445,45.1863682402803,65573600
2018-07-19,45.209930419921875,45.36779246822645,44.69393159004951,44.69393159004951,81147200
2018-07-20,45.10627365112305,45.33953091112191,44.80704068245835,45.18638213243153,82704800
2018-07-23,45.14631652832031,45.228783446987535,44.66330370871866,44.927192096118354,63957600
2018-07-24,45.47382354736328,45.62933074980564,45.24998938365914,45.34423421199465,74791600
2018-07-25,45.90264892578125,45.90971710862951,45.33952399399678,45.487963024230176,66839600
2018-07-26,45.75893783569336,46.171265411225775,45.617566943140645,45.85318270058774,76304000
2018-07-27,44.99788284301758,45.9898264659988,44.79054348344733,45.94270404769693,96096000
2018-07-30,44.74576950073242,45.285327763928684,44.547853215165986,45.214642349023656,84118000
2018-07-31,44.83530044555664,45.271190836033,44.61146629715371,44.83765890299014,157492000
2018-08-01,47.4765625,47.5378212863695,46.48933216360012,46.91815445381714,271742800
2018-08-02,48.864349365234375,49.09761024779304,47.20561609711678,47.25980671197794,249616000
2018-08-03,49.00569152832031,49.18240323405393,48.41429405219816,48.779498963089395,133789600
2018-08-06,49.260169982910156,49.302579077921635,48.78893864166359,49.008059489642534,101701600
2018-08-07,48.79835510253906,49.36147633554189,48.71588819086374,49.3190672462524,102349600
2018-08-08,48.83134460449219,48.96328879634437,48.188114871607986,48.548606536921845,90102000
2018-08-09,49.21540451049805,49.42745718493813,48.819568297610594,49.36855326479255,93970400
2018-08-10,49.06881332397461,49.44002903622106,48.86547303748079,49.02861861252826,98444800
2018-08-13,49.38563919067383,49.87743898167193,49.10900248470338,49.489674247514394,103563600
2018-08-14,49.59370803833008,49.78522547543453,49.241408169898676,49.69065012134938,82992000
2018-08-15,49.70957565307617,49.82779667275431,49.257970492029095,49.46840376274341,115230400
2018-08-16,50.43780517578125,50.553659437598704,50.00038606730865,50.06658953343815,114001600
2018-08-17,51.445045471191406,51.53252784763982,50.399972372237514,50.46617583676359,141708000
2018-08-20,50.94379425048828,51.82335515995268,50.86103810842803,51.568000978126,121150800
2018-08-21,50.84449005126953,51.3528425555406,50.60568491149106,51.26063031267377,104639200
2018-08-22,50.84686279296875,51.156601296459534,50.56076632942316,50.62224357048316,76072400
2018-08-23,50.950889587402344,51.31973854252035,50.74045634465841,50.75227555879988,75532800
2018-08-24,51.10930252075195,51.28426728810176,50.861037704362104,51.21333757583482,73905600
2018-08-27,51.53017044067383,51.719324763645,51.1494986735286,51.34337923890554,82100400
2018-08-28,51.94630813598633,52.14491855568263,51.761883659437096,51.783162574157686,91107200
2018-08-29,52.721839904785156,52.8424276423776,51.8777437807323,52.0527085641898,109019200
2018-08-30,53.206546783447266,53.970253487975114,52.58470312439228,52.78568028191906,195175200
2018-08-31,53.821292877197266,54.11447864417697,53.43589126797498,53.556475387508385,173360400
2018-09-04,53.993896484375,54.18777705269031,53.584852825321335,54.005719306205876,109560400
2018-09-05,53.6416015625,54.303639960299556,53.223101771937806,54.14286111353829,133332000
2018-09-06,52.750213623046875,53.75509216076385,52.32461728550888,53.49027465750758,137160000
2018-09-07,52.32461929321289,53.286936430190956,52.18511936850075,52.45466312464746,150479200
2018-09-10,51.62237548828125,52.45465222876304,51.18259328193886,52.24185229212232,158066000
2018-09-11,52.92755126953125,53.033949464303724,51.2038868045044,51.54672703557977,142996000
2018-09-12,52.270240783691406,53.19945622059127,51.97941449205581,53.18527027618349,197114800
2018-09-13,53.53282928466797,53.991527300779616,52.62489295197468,52.8495121102655,166825600
2018-09-14,52.92517852783203,53.63450455616086,52.613076951433094,53.37678363174455,127997200
2018-09-17,51.5159912109375,52.71475044000342,51.371761426756805,52.52559609238329,148780400
2018-09-18,51.60110855102539,52.45466440089387,51.33629103116489,51.49470675410538,126286800
2018-09-19,51.6318244934082,51.92737691388669,50.9059496247782,51.662563099639605,108495200
2018-09-20,52.02433395385742,52.55632846390417,51.81626383542605,52.07398836223533,106435200
2018-09-21,51.463966369628906,52.3388010443892,51.376480376679865,52.20166425202721,384986800
2018-09-24,52.20402526855469,52.315153292233006,51.22042933428429,51.26535388953533,110773600
2018-09-25,52.535057067871094,52.684016706504345,51.94631509368086,51.95813791715987,98217600
2018-09-26,52.11654281616211,52.90389507297976,51.960490237444716,52.25367960280906,95938800
2018-09-27,53.18762969970703,53.53992959522191,52.85424559802705,52.9204526803586,120724800
2018-09-28,53.37442398071289,53.39806601850307,52.96774340940435,53.14980117088278,91717600
2018-10-01,53.733802795410156,54.244518335419805,53.51864333667554,53.89694833800921,94403200
2018-10-02,54.211429595947266,54.38166815008611,53.584859645171754,53.731452552639425,99152800
2018-10-03,54.87109375,55.202111089246685,54.329639578452706,54.39347992524257,114619200
2018-10-04,53.90641784667969,54.93730520599613,53.60849859022037,54.566089500033,128168000
2018-10-05,53.03158187866211,54.00572550581806,52.15438395852076,53.899327312763546,134322000
2018-10-08,52.908626556396484,53.15216152411722,52.06452689730765,52.53977761918133,118655600
2018-10-09,53.6416015625,53.73618053808223,52.54924055121309,52.87789482474594,107564000
2018-10-10,51.15660095214844,53.51865827828025,51.08330449551882,53.30822500274197,167962400
2018-10-11,50.70499038696289,51.89902330763163,50.201371338479035,50.721543060089694,212497600
2018-10-12,52.516143798828125,52.69820518727146,51.270093186822955,52.11655615761714,161351600
2018-10-15,51.393035888671875,52.44993197126722,51.37175697346174,52.29151625611603,123164000
2018-10-16,52.52559280395508,52.72420684082225,51.25117047250022,51.76424921811775,116736000
2018-10-17,52.29860305786133,52.64144321335758,51.86118394400235,52.56105380461304,91541600
2018-10-18,51.07621765136719,51.95578245209896,50.36216158027425,51.51127020008062,130325200
2018-10-19,51.85409164428711,52.31515279784084,51.409579553774584,51.55853916023749,132314800
2018-10-22,52.170921325683594,52.811680677472054,51.76660756117778,51.96758107903151,115168400
2018-10-23,52.6627311706543,52.78568203373293,50.764102000238935,51.0312826427505,155071200
2018-10-24,50.8563117980957,53.017391656334006,50.726267969157426,52.63199362779541,163702000
2018-10-25,51.96995544433594,52.343534259721785,51.2488065794398,51.47579250051913,119423200
2018-10-26,51.14241027832031,52.062169603151254,50.284124580632735,51.04783130446249,189033600
2018-10-29,50.18244171142578,51.94393355051973,48.72832152686338,51.825712573294396,183742000
2018-10-30,50.43309020996094,50.87759881261275,49.480229032865715,49.92473763551753,146640000
2018-10-31,51.74769973754883,52.12364167690508,51.21806832318598,51.27954555631616,153435600
2018-11-01,52.542144775390625,52.57524651312335,51.26299261047082,51.792624022013314,233292800
2018-11-02,49.0569953918457,50.515842403483035,48.572288469085706,49.5464321657824,365314800
2018-11-05,47.664337158203125,48.326375413709044,46.85570603182611,48.30509650170871,264654800
2018-11-06,48.179786682128906,48.40440585745062,47.68798689600997,47.74236754506671,127531600
2018-11-07,49.64099884033203,49.66700760551551,48.264908230328544,48.699960659016895,133697600
2018-11-08,49.46779251098633,49.85453521515348,49.054946674562586,49.82131798374514,101450400
2018-11-09,48.51399612426758,48.87938580426373,47.98726296060506,48.770244983920264,137463200
2018-11-12,46.07012939453125,47.41780773297329,45.97996678297015,47.21612935039931,204542000
2018-11-13,45.609832763671875,46.784303647550004,45.42476479992899,45.46747474101187,187531600
2018-11-14,44.32146453857422,46.14367287623594,44.115039841587716,46.00605761838032,243204000
2018-11-15,45.41527557373047,45.54814450930108,44.34519912826086,44.69872824786671,185915200
2018-11-16,45.91828536987305,46.25995045257277,44.95261049624972,45.19936660019544,147713200
2018-11-19,44.09844970703125,45.24682124683419,43.892028552427426,45.08073505230195,167701200
2018-11-20,41.991512298583984,43.056842423109295,41.642729521839435,42.32131328103685,271300800
2018-11-21,41.944061279296875,42.772124438484425,41.889490881307914,42.64399822705807,124496800
2018-11-23,40.87873077392578,41.90135460850539,40.83365308403461,41.507490510580666,94496000
2018-11-26,41.43155288696289,41.50985141346875,40.39706885921027,41.34139390950067,179994000
2018-11-27,41.341407775878906,41.46715900960743,40.54419042635813,40.693666190363125,165549600
2018-11-28,42.931087493896484,43.01412876378861,41.50511064186913,41.93219192550799,184250000
2018-11-29,42.60129928588867,43.372417193579416,42.162353797963114,43.3391999516029,167080000
2018-11-30,42.37112808227539,42.78634520280231,42.00336362287035,42.77685249833434,158126000
2018-12-03,43.851680755615234,43.88015163194145,42.995146895539094,43.76626450623012,163210000
2018-12-04,41.9227180480957,43.275139586577524,41.82306631582947,42.93347443571726,165377200
2018-12-06,41.455291748046875,41.469527189200136,40.43504289397928,40.75297981442607,172393600
2018-12-07,39.97711944580078,41.40072149253783,39.93203813505562,41.16345448474832,169126400
2018-12-10,40.240482330322266,40.356740836565265,38.75281731229737,39.149052745025465,248104000
2018-12-11,40.01033401489258,40.76009495801711,39.623587659446784,40.72925271093741,189126800
2018-12-12,40.1218376159668,40.79092844768577,40.102855827920074,40.43028171560984,142510800
2018-12-13,40.560791015625,40.9451659993989,40.22861867943218,40.45165022819319,127594400
2018-12-14,39.262943267822266,40.11710594038405,39.215490590548214,40.09812414539299,162814800
2018-12-17,38.89755630493164,39.943904744588174,38.61046161430654,39.25582820608512,177151600
2018-12-18,39.40293884277344,39.74934669174223,39.00432833526614,39.239224006854776,135366000
2018-12-19,38.17388916015625,39.730360169185076,37.74680781733559,39.38632372817106,196189200
2018-12-20,37.21058654785156,38.4633561025011,36.84756830306149,38.05762791222595,259092000
2018-12-21,35.76325988769531,37.5261558756445,35.502268316215726,37.21770799988889,382978400
2018-12-24,34.837921142578125,35.95782190038735,34.7809757476291,35.15111176377815,148676800
2018-12-26,37.29123306274414,37.305468495503455,34.8117950259569,35.186677110374106,234330000
2018-12-27,37.049232482910156,37.19634045254991,35.60665262499373,36.975680308293434,212468400
2018-12-28,37.0682258605957,37.611569368803295,36.66961900113825,37.369555992471305,169165600
2018-12-31,37.4265022277832,37.81087365387044,37.12754345601977,37.61394158656188,140014000
2019-01-02,37.469207763671875,37.689867977237725,36.59369187126671,36.750288975035055,148158800
2019-01-03,33.737003326416016,34.57455574581666,33.6919220064379,34.16170976436273,365248800
2019-01-04,35.17719650268555,35.24600594521999,34.11898793915867,34.292191797955375,234428400
2019-01-07,35.098907470703125,35.31244995449789,34.61725572428317,35.28160408429917,219111200
2019-01-08,35.76799774169922,36.02187515169098,35.23889338251769,35.485649452234306,164101200
2019-01-09,36.37539291381836,36.66485886166989,35.50225233829682,35.89611269551247,180396400
2019-01-10,36.49166488647461,36.53199984154206,35.79409933557466,36.183217066092084,143122800
2019-01-11,36.13338851928711,36.46793584598435,35.94832055566885,36.273378795691265,108092800
2019-01-14,35.590049743652344,35.891379845195914,35.404981774617916,35.79172814036254,129756800
2019-01-15,36.318458557128906,36.3943821085161,35.601911260051914,35.65411028555859,114843600
2019-01-16,36.762149810791016,36.98518137158213,36.30185124837653,36.32083304295525,122278800
2019-01-17,36.980445861816406,37.407527314055365,36.363550028537,36.58658165472891,119284800
2019-01-18,37.20821762084961,37.459720094996186,37.008910562862575,37.36955746448795,135004000
2019-01-22,36.37303161621094,37.186855683764556,36.21168817452131,37.11093212681015,121576000
2019-01-23,36.5201416015625,36.80960767396495,35.9934084941028,36.57471200591153,92522400
2019-01-24,36.230674743652344,36.6530097672651,36.00290042236398,36.56522212472766,101766000
2019-01-25,37.431236267089844,37.519027508765205,36.615040923074886,36.89026785958372,134142000
2019-01-28,37.0848274230957,37.09194514242652,36.458442779137826,36.963818953658674,104768400
2019-01-29,36.70046615600586,37.51904038821024,36.565225817907695,37.07297716838964,166348800
2019-01-30,39.208370208740234,39.421909052183295,38.017288901847,38.73383622739391,244439200
2019-01-31,39.49072265625,40.098125636928835,39.04465950838577,39.41242410665209,162958400
2019-02-01,39.509700775146484,40.09337555178489,39.369710497458655,39.614098831561684,130672400
2019-02-04,40.63197326660156,40.72925360434192,39.69002299817537,39.72086886633868,125982000
2019-02-05,41.3271598815918,41.54070233089087,40.89296450420444,41.013969357855885,144406400
2019-02-06,41.341407775878906,41.65697335385666,41.011606755653766,41.43868450470518,112958400
2019-02-07,40.55841827392578,41.27021921626802,40.41605663729461,40.904826038437854,126966800
2019-02-08,40.6060791015625,40.665650250891964,40.131891443963546,40.26771540968325,95280000
2019-02-11,40.372554779052734,40.796704677929405,40.329665299757814,40.75857827237781,83973600
2019-02-12,40.720455169677734,40.7466666211287,40.436895913781186,40.53221193539128,89134000
2019-02-13,40.55128479003906,41.09934027707554,40.4893320826451,40.839610850467146,89960800
2019-02-14,40.699012756347656,40.80862164255103,40.36064904112932,40.43928339998026,87342800
2019-02-15,40.60845947265625,40.91346345759115,40.44880923334926,40.80623611906368,98507200
2019-02-19,40.72998809814453,40.851515580587275,40.38686130166285,40.43928420861173,75891200
2019-02-20,40.992088317871094,41.29947740453898,40.744274000963244,40.79193018083782,104457600
2019-02-21,40.760955810546875,41.07310799901791,40.579860855843705,40.93728769197398,68998800
2019-02-22,41.21608352661133,41.223231773038286,40.83721192224632,40.88486811040405,75652800
2019-02-25,41.516326904296875,41.90711352229098,41.449607503854075,41.499648872153486,87493600
2019-02-26,41.5401611328125,41.7712975211783,41.26375008174526,41.39242582162674,68280800
2019-02-27,41.668827056884766,41.699805218546146,41.15889815564964,41.2732773821219,111341600
2019-02-28,41.258975982666016,41.67835919496109,41.20417154412631,41.537772157173244,112861600
2019-03-01,41.692649841308594,41.73553931695009,41.197017519159516,41.52823291281517,103544800
2019-03-04,41.90235137939453,42.35509069759693,41.45437513566205,41.86422496802693,109744800
2019-03-05,41.82609558105469,41.938089634020294,41.59019251792692,41.9237931397582,78949600
2019-03-06,41.58543014526367,41.81656650222476,41.44722463850816,41.621171381521776,83241600
2019-03-07,41.10409927368164,41.566372044364236,40.98972366767753,41.4305480580372,99185600
2019-03-08,41.2017936706543,41.23992008169563,40.3892422605175,40.584637390153304,95997600
2019-03-11,42.629112243652344,42.68153514499979,41.783204847044914,41.81656454463562,128044000
2019-03-12,43.10806655883789,43.52744613325643,42.74110624977912,42.89122670675174,129870400
2019-03-13,43.29869079589844,43.67756238941142,43.11044394955633,43.42736286383217,124130000
2019-03-14,43.780025482177734,43.86819325045519,43.501232955961775,43.82053342503637,94318000
2019-03-15,44.349525451660156,44.63785139707803,43.7824106162076,44.04690664893718,156171600
2019-03-18,44.802268981933594,44.890433115459594,44.27089173604565,44.273276908909104,104879200
2019-03-19,44.447227478027344,45.03340921139079,44.30187372223758,44.88090720826174,126585600
2019-03-20,44.835628509521484,45.152547444755115,44.018310490038075,44.375737368520994,124140800
2019-03-21,46.486942291259766,46.782416507691266,45.22879987925223,45.27884124565531,204136800
2019-03-22,45.52426528930664,47.10647460051664,45.459927440929704,46.546504437841726,169630800
2019-03-25,44.973838806152344,45.74587861908732,44.46390988385612,45.63388456100003,175381200
2019-03-26,44.5091667175293,45.9603222997937,43.98255993100992,45.669614876057764,199202000
2019-03-27,44.90950012207031,45.21688566494624,44.45199411345279,44.97621952108113,119393600
2019-03-28,44.96906661987305,45.169224796190974,44.685507385455566,45.02387105568849,83121600
2019-03-29,45.26216125488281,45.29313941789581,44.92617907983829,45.23356826498443,94256000
2019-04-01,45.56954574584961,45.67438790998863,44.8880516813076,45.66485812631572,111448000
2019-04-02,46.23197937011719,46.33682517645646,45.52427381326158,45.533803597504026,91062800
2019-04-03,46.54889678955078,46.822922617672326,46.024667775160154,46.048497688881305,93087200
2019-04-04,46.62991714477539,46.79194893860823,46.02229064603285,46.41545880854789,76457200
2019-04-05,46.94206619262695,46.96589610699699,46.687099925418465,46.81100893546065,74106400
2019-04-08,47.68075180053711,47.71172632732698,46.78479934209682,46.80386254716306,103526800
2019-04-09,47.53778076171875,48.336035677504945,47.47344289751336,47.73317589155191,143072800
2019-04-10,47.80465316772461,47.833249790891394,47.22323818776864,47.34238048248308,86781200
2019-04-11,47.406715393066406,47.89519949822014,47.28519156894748,47.85945826640106,83603200
2019-04-12,47.387657165527344,47.690279625122976,46.753822893813584,47.46629151971839,111042800
2019-04-15,47.47344207763672,47.621181009035936,47.182734561059235,47.31855853470994,70146400
2019-04-16,47.478214263916016,47.983376534492095,47.313797281453226,47.528255637857534,102785600
2019-04-17,48.40274429321289,48.46231543377523,47.32569705378426,47.54729995142792,115627200
2019-04-18,48.576698303222656,48.64579923684503,48.25739781446443,48.40036639173176,96783200
2019-04-22,48.736351013183594,48.83404857594951,48.214507135311784,48.331267903197975,77758000
2019-04-23,49.43929672241211,49.50363459409804,48.58623726397296,48.71252783391583,93292000
2019-04-24,49.363040924072266,49.677574720140036,49.3368294714054,49.41069711912076,70162400
2019-04-25,48.91505432128906,49.50599901366292,48.87692791895943,49.28439611749792,74172800
2019-04-26,48.681549072265625,48.84834758072015,48.16208670486749,48.82451766411174,74596400
2019-04-29,48.75541687011719,49.07948410291866,48.57670340282082,48.70537549946289,88818800
2019-04-30,47.816566467285156,48.467082355820594,47.444843102407766,48.38606647084663,186139600
2019-05-01,50.16366958618164,51.30505109696013,49.85628044929439,50.011167604108095,259309200
2019-05-02,49.837215423583984,50.67121140289478,49.594167784628695,50.001632355540394,127985200
2019-05-03,50.45676803588867,50.47821277895846,50.09457439721513,50.25184311826302,83569600
2019-05-06,49.67757797241211,49.76336058348923,48.490921549124295,48.67916480446681,129772400
2019-05-07,48.338409423828125,49.42498651293276,47.85469202351123,49.05802986425357,155054800
2019-05-08,48.347930908203125,48.92934575789081,48.07390514613017,48.10964637216283,105358000
2019-05-09,47.82848358154297,48.05723475366527,46.86104872008744,47.75223076687932,139634400
2019-05-10,47.1658935546875,47.56536448730354,46.11101450339134,47.22330340337194,164834800
2019-05-13,44.42464828491211,45.32404755489643,43.7381389007723,44.90066214199688,229722400
2019-05-14,45.12788009643555,45.37664873529212,44.35047308134774,44.589675239836296,146118800
2019-05-15,45.66847229003906,45.8670105049235,44.49638325992636,44.55618379513487,106178800
2019-05-16,45.46755599975586,46.03924912918253,45.17094394873877,45.42689206250881,132125600
2019-05-17,45.209224700927734,45.663707510433305,44.673410353458074,44.714074297471804,131516400
2019-05-20,43.79553985595703,44.09693703228056,43.12338210548431,43.89839872325471,154449200
2019-05-21,44.635128021240234,44.97000961156489,44.18064169158754,44.30502784653766,113459200
2019-05-22,43.721378326416016,44.422242678436454,43.666362841765874,44.17107963556311,118994400
2019-05-23,42.975093841552734,43.185589421543504,42.53256804679903,43.0085820235925,146118800
2019-05-24,42.810028076171875,43.56829879019288,42.72630582654269,43.10424582926103,94858800
2019-05-28,42.63301467895508,43.197532117519515,42.55647185928589,42.79806481034798,111792800
2019-05-29,42.4296875,42.900916127061286,42.09958729527348,42.20005178150852,113924800
2019-05-30,42.64976119995117,42.87221753680418,42.259860370916826,42.5660389538605,84873600
2019-05-31,41.877132415771484,42.57560242696121,41.85799580108924,42.15460420382392,108174400
2019-06-03,41.45374298095703,42.55885600339575,40.728960589625665,42.00390878409617,161584400
2019-06-04,42.97029495239258,43.0157439669586,41.74558051747907,41.96564616438153,123872000
2019-06-05,43.663970947265625,44.250019297013125,43.32908930449805,44.080184117507756,119093600
2019-06-06,44.305030822753906,44.364831371467275,43.57067833258456,43.793138271764924,90105200
2019-06-07,45.48431396484375,45.907703039952295,44.43661041703142,44.613617775598854,122737600
2019-06-10,46.0655632019043,46.73293577866847,45.835927468539325,45.881376473575656,104883600
2019-06-11,46.5989875793457,46.88363882764626,46.30955491422111,46.610948421278835,107731600
2019-06-12,46.45067596435547,46.87645558984888,46.259313473699386,46.39326612217786,73012800
2019-06-13,46.44110870361328,47.072602406865755,46.30955040496847,46.57267065219424,86698400
2019-06-14,46.10383987426758,46.30715958311369,45.52018583958195,45.8191886319466,75046000
2019-06-17,46.37891387939453,46.6348619824245,45.96748580812443,46.142102390137104,58676400
2019-06-18,47.469688415527344,47.90981970395543,46.694675418498946,46.89560444365913,106204000
2019-06-19,47.3309440612793,47.811742879326864,47.1969913965281,47.76389951339883,84496800
2019-06-20,47.71126937866211,47.986350431164496,47.36920835648545,47.9289405928447,86056000
2019-06-21,47.54861831665039,48.04376867773491,47.397919745896615,47.553403383165076,191202400
2019-06-24,47.50077438354492,47.87871430604713,47.402700603352024,47.491204251365325,72881600
2019-06-25,46.78077697753906,47.66343004792434,46.713797002206945,47.464891779808674,84281200
2019-06-26,47.792598724365234,48.07724991703019,47.206554083550465,47.30701856626707,104270000
2019-06-27,47.77825164794922,48.21599213856582,47.737587709468265,47.90980994600214,83598800
2019-06-28,47.3429069519043,47.720846929488616,47.13480217086817,47.524699340515674,124442400
2019-07-01,48.211204528808594,48.91445958647006,47.99592035711078,48.59871092795432,109012000
2019-07-02,48.493465423583984,48.5891485023053,48.165759547562075,48.177720388644275,67740800
2019-07-03,48.895328521728516,48.90250429660593,48.483900395720205,48.62502883489124,45448000
2019-07-05,48.85226058959961,49.05558390419779,48.53412124966637,48.6417651514746,69062000
2019-07-08,47.8452262878418,48.1753228503153,47.460110590009364,48.03419442469582,101354400
2019-07-09,48.13705062866211,48.20163259281211,47.55578740176146,47.649076111025046,82312000
2019-07-10,48.613075256347656,48.7326763887551,48.21360791209922,48.282978612860205,71588400
2019-07-11,48.25904846191406,48.890542184265826,48.24948197897164,48.63220334558516,80767200
2019-07-12,48.629817962646484,48.79725880699689,48.36669402871252,48.426494590976,70380800
2019-07-15,49.0866813659668,49.24455203210926,48.797245119823614,48.818772440215454,67789600
2019-07-16,48.9168586730957,49.301974430162524,48.677656430195476,48.938385998971945,67467200
2019-07-17,48.641780853271484,49.05799044819137,48.62264423454898,48.8092217046724,56430000
2019-07-18,49.1943244934082,49.246949268510306,48.725486583390186,48.797247972159944,74162400
2019-07-19,48.4599723815918,49.395253851076205,48.404956898073856,49.225418684647934,83717200
2019-07-22,49.56748580932617,49.56987651762095,48.7039656231899,48.71353210630533,89111600
2019-07-23,49.95499801635742,49.971743926163036,49.58423379143074,49.86410364149058,73420800
2019-07-24,49.9143180847168,50.02913410826558,49.55551481743322,49.67511590652774,59966400
2019-07-25,49.51964569091797,50.050674922943,49.450275001634395,49.9669526841349,55638400
2019-07-26,49.691864013671875,50.16787403340951,49.548341240422246,49.62966910862703,70475600
2019-07-29,50.155921936035156,50.385557683272346,49.85931350619357,49.864098572785444,86693600
2019-07-30,49.94063186645508,50.270732049563634,49.58900436269223,49.935846800775565,135742800
2019-07-31,50.95964813232422,52.952203406591565,50.54343853369576,51.76815294335434,277125600
2019-08-01,49.856910705566406,52.1532531893489,49.45266207044621,51.16534697675198,216071600
2019-08-02,48.802032470703125,49.37850698227008,48.2303393750456,49.16322646839944,163448400
2019-08-05,46.24735641479492,47.51751962109188,46.0655640412733,47.35964892958403,209572000
2019-08-06,47.122825622558594,47.37877368628459,46.41478562144608,46.95777554780973,143299200
2019-08-07,47.61081314086914,47.73519932999547,46.36218078247986,46.74251147526255,133457600
2019-08-08,48.66089630126953,48.684817978543656,47.694521128324155,47.88827430446387,108038000
2019-08-09,48.25993347167969,48.68492749979475,47.85174165233491,48.33436732980815,98478800
2019-08-12,48.137451171875,48.514427192025046,47.818103109398436,47.930955569965455,89927600
2019-08-13,50.17599868774414,50.93715015941955,48.13745486807871,48.267116866849314,188874000
2019-08-14,48.68251419067383,49.56852452960049,48.644095544305394,48.780960598066514,146189600
2019-08-15,48.439998626708984,49.2563746314281,47.942967055319286,48.85298987534668,108909600
2019-08-16,49.58293151855469,49.74140568988817,48.944235250189195,49.04988469774485,110481600
2019-08-19,50.507362365722656,51.078824190677665,50.43052506876509,50.57218971325113,97654400
2019-08-20,50.509761810302734,51.2276951856261,50.50015898015101,50.634620585098965,107537200
2019-08-21,51.05721664428711,51.29972750063154,50.807502749106995,51.14125698244228,86141600
2019-08-22,51.013999938964844,51.489418835377954,50.6034083940143,51.18927999555581,89014800
2019-08-23,48.656105041503906,50.91555099493653,48.262323049739784,50.28645752648354,187272000
2019-08-26,49.58052444458008,49.74860142109313,49.23716379045751,49.42925333381669,104174400
2019-08-27,49.02108383178711,50.07517143093124,48.869812663973555,49.909494183098246,103493200
2019-08-28,49.35002517700195,49.39564686397116,48.81938179356974,49.0066681246404,63755200
2019-08-29,50.18560791015625,50.26004541127674,49.621349155907794,50.06315259687426,83962000
2019-08-30,50.120784759521484,50.53137262674945,49.75101166966507,50.46174203034494,84573600
2019-09-03,49.39084243774414,49.69818428979416,49.03547910827453,49.56612247903739,80092000
2019-09-04,50.228824615478516,50.29845519886603,49.77981818268151,50.036735067652984,76752400
2019-09-05,51.21088790893555,51.3765651308316,50.7858902958723,50.90354603728645,95654800
2019-09-06,51.20608901977539,51.484618759601176,51.02600570478871,51.395778829958495,77449200
2019-09-09,51.42458724975586,51.96964040269282,50.680245133535024,51.585461226459756,109237600
2019-09-10,52.032066345214844,52.05127566981013,50.833914491991756,51.3501518092004,127111600
2019-09-11,53.686424255371094,53.715240070323695,52.27937347467052,52.361014009265396,177158400
2019-09-12,53.566383361816406,54.36595374868243,53.51115883577232,53.97697494678176,128906800
2019-09-13,52.5242805480957,53.0141053694766,52.108889549511616,52.82441929408482,159053200
2019-09-16,52.8004150390625,52.85564321495497,52.23855609745347,52.27937453367597,84632400
2019-09-17,52.99250793457031,53.02132375192014,52.61313203639829,52.81482810263167,73274800
2019-09-18,53.489532470703125,53.50874179178695,52.689962341630235,53.07894101811847,101360000
2019-09-19,53.0549430847168,53.72725114264616,52.91327477040642,53.307056774538246,88242400
2019-09-20,52.27937316894531,53.439109875358426,52.21694562055294,53.15578062057358,221652400
2019-09-23,52.517086029052734,52.78600921665871,52.260165462190585,52.57231054140675,76662000
2019-09-24,52.26737976074219,53.42231716904428,52.1497276727192,53.07175336927151,124763200
2019-09-25,53.071746826171875,53.18459931647141,52.13771495764018,52.4762724285388,87613600
2019-09-26,52.79802322387695,53.050140581036125,52.54350607497872,52.82443558822323,75334000
2019-09-27,52.541099548339844,53.05493702755311,52.17132649489073,52.95408716657338,101408000
2019-09-30,53.77766799926758,53.924135874983264,53.01411301418795,53.04052537419581,103909600
2019-10-01,53.92654037475586,54.798144667313224,53.832897210879736,54.04179631783716,139223200
2019-10-02,52.57472610473633,53.68403817289297,52.32740831027184,53.55917937969037,138449200
2019-10-03,53.02132797241211,53.05494337549281,51.65509540469614,52.447459000713295,114426000
2019-10-04,54.507598876953125,54.622854799302026,53.75845370070148,54.17864796678167,138478800
2019-10-07,54.51961898803711,55.20873658677315,54.22668318942507,54.3299328547412,122306000
2019-10-08,53.88090896606445,54.75971613851272,53.864103100608396,54.22186982306715,111820000
2019-10-09,54.51242446899414,54.69490759181272,54.17867017595986,54.51242446899414,74770400
2019-10-10,55.24714660644531,55.331186933368876,54.577238437627656,54.728505896765036,113013600
2019-10-11,56.716636657714844,57.059993724351415,55.78020129962542,55.93387223570824,166795600
2019-10-14,56.63500213623047,57.17765554935528,56.34686955839495,56.402094083727334,96427600
2019-10-15,56.5029296875,57.06238516671115,56.39728024743835,56.75984658601028,87360000
2019-10-16,56.27482986450195,56.48372898515924,55.99390035444989,56.03471879637498,73903200
2019-10-17,56.49333190917969,56.70222736637808,56.070737747547255,56.447710219951496,67585200
2019-10-18,56.764652252197266,57.04558173135252,56.25561435236558,56.32764839764216,97433600
2019-10-21,57.74911880493164,57.86437476979903,56.983167480651296,57.03118896744375,87247200
2019-10-22,57.6170539855957,58.1549004377134,57.535413437281406,57.905186536916496,82293600
2019-10-23,58.39019775390625,58.40460749311298,57.91958219298484,58.13088106904136,75828800
2019-10-24,58.48624801635742,58.77918378053314,58.06125044639696,58.70954952666312,69275200
2019-10-25,59.20657730102539,59.24259248944674,58.31816723653138,58.38539803078692,73477200
2019-10-28,59.799659729003906,59.84768120784419,59.24020052419486,59.408277532037836,96572800
2019-10-29,58.4166259765625,59.967745243380165,58.24374936097542,59.78045888467337,142839600
2019-10-30,58.4094123840332,58.89924097507983,57.917187665272955,58.76957895706002,124522000
2019-10-31,59.73002624511719,59.82847265948915,56.96874904224295,59.365060070154456,139162000
2019-11-01,61.425209045410156,61.45161774300314,59.82606861277858,59.91730831812791,151125200
2019-11-04,61.82859802246094,61.912638359081036,61.31956374708165,61.78777591806556,103272000
2019-11-05,61.739749908447266,61.99426701235729,61.54526056164069,61.72053692271421,79897600
2019-11-06,61.76616668701172,61.826194451970366,61.31716017753835,61.65331419578515,75864400
2019-11-07,62.47902297973633,62.7005915790344,62.16112308276353,62.3128483676645,94940400
2019-11-08,62.6500244140625,62.72227105623637,61.85768527338709,62.30081516113781,69986400
2019-11-11,63.14613723754883,63.211159215108815,62.20207280445758,62.206886797370636,81821200
2019-11-12,63.08833694458008,63.28823158323448,62.83787700281728,62.989594960966514,87388800
2019-11-13,63.69282531738281,63.76748263298455,62.8739981675004,62.88844749635185,102734400
2019-11-14,63.252098083496094,63.79155922463415,63.12204679068359,63.519417983025704,89182800
2019-11-15,64.00347900390625,64.00829299536413,63.34119137298703,63.50254460728658,100206400
2019-11-18,64.32620239257812,64.40567368628587,63.635016010866224,64.01311651070851,86703200
2019-11-19,64.13114929199219,64.5429699152776,63.9144019823477,64.51888524762629,76167200
2019-11-20,63.38454818725586,64.08054855468487,62.71262513008036,63.9505046207332,106234400
2019-11-21,63.100372314453125,63.5820361437923,62.90047770949757,63.50496816719241,121395200
2019-11-22,63.04499435424805,63.382157650570974,62.81861170894366,63.240067666749475,65325200
2019-11-25,64.150390625,64.16725062153702,63.2231863603436,63.26894500831201,84020400
2019-11-26,63.649471282958984,64.34065772923968,63.21838008089831,64.2876744119495,105207600
2019-11-27,64.50443267822266,64.53815268116317,63.89512810024147,63.9601500849875,65235600
2019-11-29,64.36233520507812,64.54295915794552,64.03721061999535,64.20579591584789,46617600
2019-12-02,63.618160247802734,64.60316190902952,63.4471716441627,64.36714398387619,94487200
2019-12-03,62.483863830566406,62.50312715627298,61.72283384699571,62.20931182938562,114430400
2019-12-04,63.03535079956055,63.413458716319425,62.78006952636724,62.873997512530956,67181600
2019-12-05,63.96012496948242,64.03478961101634,63.27376001785631,63.529041212761236,74424400
2019-12-06,65.19563293457031,65.26547627703798,64.37439487879905,64.41775022734338,106075600
2019-12-09,64.2828598022461,65.21728148518294,63.79878528754208,65.02461888758106,128042400
2019-12-10,64.65857696533203,65.04149895721667,64.02759096181438,64.68747562892948,90420400
2019-12-11,65.21006774902344,65.28954641231785,64.66338184077233,64.73803916107421,78756800
2019-12-12,65.3762435913086,65.64116022447391,64.3792030714425,64.48998371818132,137310400
2019-12-13,66.2649154663086,66.3010387920999,65.24860425293159,65.37624490379989,133587600
2019-12-16,67.39923095703125,67.62321027270899,66.70564106368182,66.71045505717711,128186000
2019-12-17,67.53170013427734,67.85922811740664,67.143956803204,67.32940214182528,114158400
2019-12-18,67.3703384399414,67.89053641959352,67.22102378228007,67.38478777135322,116028400
2019-12-19,67.43773651123047,67.71710235790785,67.18005200015853,67.31250658669452,98369200
2019-12-20,67.29808807373047,68.07115666009031,67.08615475855936,67.97001134578234,275978000
2019-12-23,68.3962631225586,68.45647110065944,67.52204210459728,67.56057609253462,98572000
2019-12-24,68.4613037109375,68.61062571090498,68.13618642046343,68.5624563754821,48478800
2019-12-26,69.81957244873047,69.8364324445343,68.56484038960824,68.59373903978289,93121200
2019-12-27,69.79309844970703,70.79737094783557,69.38850252439819,70.11099839799601,146266000
2019-12-30,70.20732116699219,70.4890977572307,68.69008295692782,69.71120798213394,144114400
2019-12-31,70.72029876708984,70.72752343141342,69.72566166410049,69.82440364292783,100805600
2020-01-02,72.33390045166016,72.39410845813738,71.09120631601701,71.3440770033773,135480400
2020-01-03,71.6306381225586,72.38925722098051,71.40666619485818,71.56320547713457,146322800
2020-01-06,72.20143127441406,72.23996527669502,70.50356859981315,70.75403593983464,118387200
2020-01-07,71.86183166503906,72.46631471524569,71.64267376172208,72.21103349810856,108872000
2020-01-08,73.01783752441406,73.31887745373415,71.56562119935828,71.56562119935828,132079200
2020-01-09,74.56879425048828,74.76145686133366,73.74274246581768,73.99320238999518,170108400
2020-01-10,74.73735809326172,75.30091119032697,74.23643098983341,74.80238740809561,140644800
2020-01-13,76.33409118652344,76.36058652225458,74.93485817482635,75.05287082554342,121532000
2020-01-14,75.30333709716797,76.48100893453174,75.18051779267843,76.27148630079421,161954400
2020-01-15,74.98062133789062,75.98248317068368,74.54953007278792,75.10344798902688,121923600
2020-01-16,75.91985321044922,76.03064118697364,75.16123412136378,75.52248200660513,108829200
2020-01-17,76.76036834716797,76.76277166888072,75.86206254796348,76.16791647174253,137816400
2020-01-21,76.24018096923828,76.83021490503033,76.10290497799846,76.38949561952354,110843200
2020-01-22,76.51231384277344,77.06381371935198,76.41838585398544,76.72423978617735,101832400
2020-01-23,76.88078308105469,76.96025438766408,76.01860061750638,76.56529382668359,104472000
2020-01-24,76.65921783447266,77.86819158420508,76.46895853504518,77.1264324079885,146537600
2020-01-27,74.405029296875,75.08416976822737,73.42484155700832,74.67234921705278,161940000
2020-01-28,76.5098876953125,76.68087628820244,75.18531223152581,75.28405419350632,162234000
2020-01-29,78.11141204833984,78.95673430952284,77.39855173256706,78.1379073772642,216229200
2020-01-30,77.99825286865234,78.05123619869995,76.7651942962083,77.19628560206807,126743200
2020-01-31,74.53987884521484,77.71163064497078,74.24606365244907,77.29017484753824,199588400
2020-02-03,74.33517456054688,75.498389394716,72.78421654858387,73.28514366287956,173788400
2020-02-04,76.78926849365234,76.97952779146334,75.53212542449515,75.93672133535755,136616400
2020-02-05,77.41543579101562,78.21258898353346,76.81335589638837,77.91395235806485,118826800
2020-02-06,78.32096099853516,78.32337167005116,77.12884718583062,77.6851684350144,105425600
2020-02-07,77.25636291503906,78.06989154294402,76.76631409771366,77.82124622907054,117684000
2020-02-10,77.62330627441406,77.62330627441406,75.76450341427329,75.84416334192943,109348800
2020-02-11,77.15496826171875,78.19059132825674,76.93770658748598,78.11817322586252,94323200
2020-02-12,78.98722839355469,78.9920538114317,77.60398368209574,77.60398368209574,113730400
2020-02-13,78.42475128173828,78.75064746940821,78.05782062596876,78.26059867524006,94747600
2020-02-14,78.44407653808594,78.6927218682662,77.93712767417983,78.39337649475979,80113600
2020-02-18,77.00772094726562,77.18877358272158,75.94795598487916,76.12900862033511,152531200
2020-02-19,78.12300109863281,78.35233737517142,77.24912158938099,77.24912158938099,93984000
2020-02-20,77.32154083251953,78.37164756799683,76.81700838375629,77.88401513292217,100566000
2020-02-21,75.57137298583984,77.35776502195542,74.95579692410486,76.91599243144344,129554000
2020-02-24,71.98168182373047,73.43010258149737,69.82112528029087,71.75959476642028,222195200
2020-02-25,69.54352569580078,73.03180965186876,69.07279323243056,72.6503953158895,230673600
2020-02-26,70.64674377441406,71.90928692764982,69.16211349223191,69.16935530367469,198054800
2020-02-27,66.0286865234375,69.04140503149553,65.89350114490772,67.85852928583456,320605600
2020-02-28,65.99006652832031,67.20915879544067,61.88862284247871,62.10347552395671,426510000
2020-03-02,72.13377380371094,72.76866613954134,67.04257525684778,68.14337454443714,341397200
2020-03-03,69.84286499023438,73.3866667341741,68.99311992366323,73.30700681770827,319475600
2020-03-04,73.08251190185547,73.24183913660247,70.76262721041282,71.5616724101691,219178400
2020-03-05,70.71192932128906,72.31242862903635,70.3474076125405,71.33957264179317,187572800
2020-03-06,69.7728500366211,70.20496434412061,67.88990577178768,68.07578380592835,226176800
2020-03-09,64.25437927246094,67.1319051551366,63.48912685930832,63.670179502443226,286744800
2020-03-10,68.88208770751953,69.14763308452109,65.0268727397902,66.90258302825225,285290000
2020-03-11,66.48978424072266,67.88751298901103,65.62797171834961,66.96294054735044,255598800
2020-03-12,59.923587799072266,65.17894285229022,59.86806602728879,61.78481034349421,418474000
2020-03-13,67.1029281616211,67.57366791219874,61.06301183278901,63.94537376560975,370732000
2020-03-16,58.4703483581543,62.542820889319664,57.93684495675963,58.40758108532822,322423600
2020-03-17,61.04128646850586,62.1879493594709,57.550590391518064,59.74977632698614,324056000
2020-03-18,59.5470085144043,60.350882714180244,57.2416040580175,57.88132562490314,300233600
2020-03-19,59.09074783325195,61.036459434063396,58.566902685612334,59.72081110917334,271857200
2020-03-20,55.3393440246582,60.79264863512061,55.04000233501268,59.67012006159394,401693200
2020-03-23,54.163700103759766,55.160697700443244,51.32479637531141,55.05930867623348,336752800
2020-03-24,59.597694396972656,59.79323063321941,56.56083807077307,57.05812866753022,287531200
2020-03-25,59.26939010620117,62.34245572079971,58.974877532799404,60.53192941719469,303602000
2020-03-26,62.388328552246094,62.44626304168301,59.47217348326275,59.510798931904375,252087200
2020-03-27,59.805301666259766,61.767909526223264,59.638732669554486,61.01473181958192,204216800
2020-03-30,61.51202392578125,61.683422027854625,60.206030134757754,60.529513617295876,167976400
2020-03-31,61.38649368286133,63.366001623216455,60.83368129501873,61.702735358357586,197002000
2020-04-01,58.156517028808594,60.041877740721404,57.726819101176545,59.50596168562525,176218400
2020-04-02,59.12696075439453,59.18006982201146,57.188490836952404,58.01891951220774,165934000
2020-04-03,58.2772216796875,59.31284110700112,57.68819653151743,58.61277240805976,129880000
2020-04-06,63.36117935180664,63.51567376682207,60.201208300554335,60.568138982385115,201820400
2020-04-07,62.6273193359375,65.5893455207901,62.52351758063344,65.3720764386448,202887200
2020-04-08,64.230224609375,64.54404618126709,63.06183266990903,63.42634690897305,168895200
2020-04-09,64.6937255859375,65.19584902236409,63.89951332637289,64.86512738575412,161834800
2020-04-13,65.96349334716797,66.07212784753266,64.17227648943236,64.7709597033301,131022800
2020-04-14,69.29487609863281,69.58456326372355,67.12224446160415,67.59298426311395,194994800
2020-04-15,68.66239166259766,69.1210568119712,67.74506136385055,68.17234288135833,131154400
2020-04-16,69.20796966552734,69.57249130619873,68.16027936470277,69.37453866907585,157125200
2020-04-17,68.2689208984375,69.27075152318855,66.83498322406335,68.72517714348913,215250000
2020-04-20,66.85187530517578,67.99854202997274,66.83256626499734,67.09811161151838,130015200
2020-04-21,64.78545379638672,66.92911797835283,64.07572694243713,66.69495629705587,180991600
2020-04-22,66.65149688720703,67.08602016909022,65.71002486509416,66.05039726124157,116862400
2020-04-23,66.3932113647461,68.0154433517939,66.35458591659604,66.59598944224571,124814400
2020-04-24,68.30996704101562,68.31962524638433,66.86878746416366,66.91707112395504,126161200
2020-04-27,68.35823822021484,68.68895986495261,67.58091858862758,68.02750920842628,117087600
2020-04-28,67.25016784667969,69.0003428067964,67.15844072674598,68.81929022471536,112004800
2020-04-29,69.45903015136719,69.92735352024151,68.53204161617626,68.73481966758834,137280800
2020-04-30,70.92434692382812,71.10057413486881,69.60870223992275,69.99735834734561,183064000
2020-05-01,69.78253173828125,72.17966741995511,69.00521194830733,69.10177190288344,240616800
2020-05-04,70.76984405517578,70.8977876030395,69.11864515995262,69.8066465413913,133568000
2020-05-05,71.83202362060547,72.66245223551824,71.08367131021836,71.2285148811078,147751200
2020-05-06,72.57313537597656,73.20319497472518,72.14826285856589,72.53209353947886,142333600
2020-05-07,73.32388305664062,73.6690955962119,72.8966015934725,73.1983559121912,115215200
2020-05-08,75.0691146850586,75.12236750357918,73.65550314168313,73.98228146501447,133838400
2020-05-11,76.25035858154297,76.7441494175839,74.36957144120983,74.57774424961227,145946400
2020-05-12,75.37895202636719,77.38318317958411,75.25792355724299,76.93295343320654,162301200
2020-05-13,74.46883392333984,76.47791143801962,73.39410026175051,75.55809041384309,200622400
2020-05-14,74.92632293701172,74.98683718466037,72.98744407851115,73.70877656980059,158929200
2020-05-15,74.48335266113281,74.52934407916516,72.66792527667609,72.70181680027588,166348400
2020-05-18,76.2382583618164,76.611028150083,75.11511790410643,75.80498172029709,135178400
2020-05-19,75.7977294921875,77.0999898949941,75.76626090152799,76.25521336264156,101729600
2020-05-20,77.27184295654297,77.3420341535439,76.61586330214624,76.65459330065981,111504800
2020-05-21,76.69577026367188,77.67368271832201,76.45855171857032,77.13389289033314,102688800
2020-05-22,77.18953704833984,77.27183551713587,76.33265345783,76.43431323052285,81803200
2020-05-26,76.66670227050781,78.48454498542678,76.6110265113562,78.3054252019707,125522000
2020-05-27,77.0007553100586,77.14599099987917,75.78563172544763,76.52391007078806,112945200
2020-05-28,77.0346450805664,78.29092158030248,76.40045688271769,76.6763980387844,133560800
2020-05-29,76.9596176147461,77.73661866221555,76.60379346248526,77.27671175329887,153532400
2020-06-01,77.90603637695312,78.02706486056282,76.78288850329889,76.91360133395523,80791200
2020-06-02,78.26669311523438,78.2909002875674,77.19922108217762,77.63976650286615,87642800
2020-06-03,78.69754791259766,78.95897353375568,78.01494559700772,78.58620379313693,104491200
2020-06-04,78.01980590820312,78.81859097042819,77.6470360985682,78.5208656190316,87560400
2020-06-05,80.24189758300781,80.3024118345787,78.24008880036028,78.26913445919533,137250400
2020-06-08,80.71632385253906,80.75021537775042,79.23009773769596,79.93932296340279,95654400
2020-06-09,83.26519012451172,83.6573213064147,80.3653518160227,80.39682040985336,147712400
2020-06-10,85.40738677978516,85.87455499385788,83.77350211039672,84.21162466782144,166651600
2020-06-11,81.30693817138672,84.97652287764004,81.20527837641917,84.55292316229209,201662400
2020-06-12,82.00890350341797,84.18741636682982,80.90028576320306,83.44188410385023,200146000
2020-06-15,83.02310943603516,83.67424321088224,80.5032957450343,80.66547714891838,138808800
2020-06-16,85.22342681884766,85.4945368687229,83.4418908130573,85.07335265810912,165428800
2020-06-17,85.10481262207031,86.02704912393895,84.98378413219785,85.96653487900272,114406400
2020-06-18,85.1386947631836,85.55503301794639,84.53112944713651,85.06123476532262,96820400
2020-06-19,84.65216827392578,86.30783714893171,83.54596609025744,85.8430918789263,264476000
2020-06-22,86.86698150634766,87.00979422869749,84.99830144840965,85.04429286253834,135445200
2020-06-23,88.72114562988281,90.13718045697547,87.68998051908838,88.1087417587427,212155600
2020-06-24,87.1550521850586,89.26821268122214,86.78228229668392,88.3508144843821,192623200
2020-06-25,88.31207275390625,88.35080275936323,86.55232106785238,87.30996064055707,137522400
2020-06-26,85.59859466552734,88.42824081207692,85.45093609470156,88.20796811592135,205256800
2020-06-29,87.57136535644531,87.66577111516035,85.02976731524565,85.50661981464565,130646000
2020-06-30,88.3023681640625,88.58800096545747,87.1404978146636,87.15985911945725,140223200
2020-07-01,88.13536071777344,88.92204587845694,88.08695375546539,88.37984062385425,110737200
2020-07-02,88.13536071777344,89.67484690422407,88.02160103220285,89.04065881814572,114041600
2020-07-06,90.49301147460938,90.96017971455592,89.52962194946613,89.56109054157537,118655600
2020-07-07,90.21222686767578,91.64762315168353,90.10088271239697,90.87062222466152,112424400
2020-07-08,92.3132553100586,92.344723894615,91.1005476599512,91.1876920007991,117092000
2020-07-09,92.71023559570312,93.25727928434208,91.66454778966232,93.20402645939578,125642800
2020-07-10,92.87239074707031,92.93048942692937,91.69599774453822,92.30597848062999,90257200
2020-07-13,92.4439926147461,96.7792345052281,92.23098126624099,94.1746987408597,191649200
2020-07-14,93.97378540039062,94.16500509879575,90.89482027358295,91.82673375082925,170989200
2020-07-15,94.62005615234375,96.09418202713559,93.42429428051739,95.84486367498508,153198000
2020-07-16,93.45578002929688,94.31024088700049,92.85789898357274,93.49451003316076,110577600
2020-07-17,93.26697540283203,94.06092201052024,92.79496133182224,93.90600938284572,92186800
2020-07-20,95.23246765136719,95.37044189094031,93.01038653957822,93.35411067179673,90318000
2020-07-21,93.91808319091797,96.09659542988256,93.66876486349388,96.02155837705527,103433200
2020-07-22,94.18193817138672,94.86211761268852,93.53322731563136,93.620364272229,89001600
2020-07-23,89.8951187133789,93.99314144318696,89.08664931990235,93.91568143989768,197004400
2020-07-24,89.67243957519531,90.01616378626149,86.31268703007238,88.0966534330444,185438800
2020-07-27,91.79769897460938,91.88968182119616,90.50996128337569,90.73264959796012,121214000
2020-07-28,90.28968048095703,91.54595685387366,90.28483461346657,91.36925259131361,103625600
2020-07-29,92.02037811279297,92.20434377285328,90.73505619988047,90.7713632677891,90329200
2020-07-30,93.13384246826172,93.23792519284922,90.78830982976133,91.19496376791191,158130000
2020-07-31,102.88389587402344,103.03397001244983,97.62157236005555,99.61612680199143,374336800
2020-08-03,105.47631072998047,108.09052270549662,104.4645145020522,104.7622398081077,308151200
2020-08-04,106.18070220947266,107.26995848073891,104.94378735797679,105.66511972582127,173071600
2020-08-05,106.56558227539062,106.8850992523654,105.43759589570149,105.90234853375506,121776800
2020-08-06,110.2835922241211,110.7773905993439,106.30902020460445,106.89721697372634,202428800
2020-08-07,107.77618408203125,110.26174118969138,106.98080610359243,109.80585245809037,198045600
2020-08-10,109.34269714355469,110.35874505613272,106.69709332777636,109.21902314455248,212403600
2020-08-11,106.09087371826172,109.10506522291367,105.83140397675015,108.60795666047292,187902400
2020-08-12,109.6167221069336,109.87376452711321,106.98566715289093,107.17965891895842,165598000
2020-08-13,111.55667877197266,112.55817781440562,110.50667808377885,110.99409224252035,210082000
2020-08-14,111.45723724365234,111.5469586132698,109.65065854076958,111.38206488530741,165565200
2020-08-17,111.16626739501953,112.60183183496459,110.5406375676734,112.577581010581,119561600
2020-08-18,112.09256744384766,112.5169308684593,110.58425829007268,110.91890034610189,105633600
2020-08-19,112.23323059082031,113.64454412496903,112.13866200158594,112.49997484302729,145538000
2020-08-20,114.72361755371094,114.83758973633215,112.25745666606086,112.27443297843882,126907200
2020-08-21,120.63561248779297,121.11817195845913,115.66934527196243,115.6814669811538,338054800
2020-08-24,122.07845306396484,124.91805616382935,120.21610549023623,124.83317459173283,345937600
2020-08-25,121.07697296142578,121.42131690614454,119.35769534098384,120.95330633788029,211495600
2020-08-26,122.72348022460938,123.17936898693925,121.32671591454528,122.39126546065715,163022400
2020-08-27,121.25640106201172,123.65708422717836,120.11425182681509,123.32486945527224,155552400
2020-08-28,121.05997467041016,122.64587607239329,120.83687750115561,122.22878715620412,187630000
2020-08-31,125.16539764404297,127.06655257654671,122.21668415759454,123.74924435405829,225702700
2020-09-01,130.151123046875,130.7525170783164,126.61072335487663,128.7737615436641,151948100
2020-09-02,127.45453643798828,133.8369650688364,123.18665813924054,133.4586759232684,200119000
2020-09-03,117.25041961669922,124.97140947448622,116.88183227033254,123.09936731503697,257599600
2020-09-04,117.32798767089844,119.9857128528748,107.56035532150342,116.46471189207791,332607200
2020-09-08,109.43242645263672,115.41716207276087,109.29663073421304,110.52849400857393,231366600
2020-09-09,113.79730224609375,115.56265389882519,111.79915900187885,113.7391061983007,176940500
2020-09-10,110.08230590820312,116.88182317054356,109.12203408038299,116.74602745349068,182274400
2020-09-11,108.63704681396484,111.77006490232608,106.69709954942977,111.12987875287997,180860300
2020-09-14,111.89616394042969,112.44904864015743,109.41303369608222,111.27538137934282,140150100
2020-09-15,112.07073974609375,115.26195346815392,110.19869058392199,114.7769667152629,184642000
2020-09-16,108.76314544677734,112.51694623083202,108.6758513682307,111.77006975767836,154679000
2020-09-17,107.02689361572266,108.83104527474275,105.4458391619844,106.42551466292394,178011000
2020-09-18,103.63198852539062,107.5506832359034,102.90450823656477,107.08509999522968,287104900
2020-09-21,106.77470397949219,106.88140167582651,100.0042844680874,101.40104892896447,195713800
2020-09-22,108.45276641845703,109.47124185175878,105.88234181116601,109.29664627463028,183055400
2020-09-23,103.9035873413086,108.74375412227577,103.56409061974239,108.26846907252015,150718700
2020-09-24,104.9705581665039,106.93960365288808,101.84724157417912,102.01213533208141,167743300
2020-09-25,108.90864562988281,109.06384497371614,104.4370662899755,105.17424837255975,149981400
2020-09-28,111.5081787109375,111.85736984450415,109.39363569114487,111.55668035738763,137672400
2020-09-29,110.66429901123047,111.84766814275456,110.1599159291002,111.11049343812664,99382200
2020-09-30,112.3326416015625,113.73910777869786,110.2084044241761,110.37329816208843,142675200
2020-10-01,113.283203125,114.18527875349272,112.35202947628338,114.10767909935542,116120400
2020-10-02,109.62641143798828,111.90585528542881,108.85043700934379,109.50031753591523,144712000
2020-10-05,113.00193786621094,113.14743540361185,110.14051836534591,110.48970949498322,106243800
2020-10-06,109.76220703125,112.6333277612592,108.87952757625551,112.22593325878677,161498200
2020-10-07,111.62458801269531,112.08047688818796,110.70310845150664,111.17840094740609,96849000
2020-10-08,111.51786804199219,112.90493061170089,111.1492733309645,112.7594330889432,83477200
2020-10-09,113.45783233642578,113.48693036528995,111.46938316049868,111.8185743074938,100506900
2020-10-12,120.66472625732422,121.42130453731181,115.6984583933761,116.45503667336371,240226800
2020-10-13,117.46382904052734,121.6250176489062,116.05736995065374,121.50861812548327,262330500
2020-10-14,117.55110931396484,119.33585728240598,116.02825097556021,117.36681195189107,150712000
2020-10-15,117.08551025390625,117.56079523723751,114.60238025084043,115.15526489684527,112559200
2020-10-16,115.44624328613281,117.90028246955836,115.24254973816036,117.63838547908625,115393800
2020-10-19,112.49755096435547,116.80422908289772,112.1871596819352,116.35804207693808,120639300
2020-10-20,113.98160552978516,115.40746797741103,112.15805033404632,112.71093501778782,124423700
2020-10-21,113.36083221435547,115.14558032107824,112.95343762450592,113.16683302863848,89946000
2020-10-22,112.27445983886719,114.49570058030427,111.14928675399084,113.92341222842757,101988000
2020-10-23,111.58574676513672,113.05040874920564,110.84856486980061,112.89520944479378,82572600
2020-10-26,111.59547424316406,113.05043475532885,109.490625744662,110.58670073335905,111850700
2020-10-27,113.09893035888672,113.75851276167866,111.10078693291935,112.02225897491293,92276800
2020-10-28,107.8610610961914,111.96405267029793,107.76406521649079,111.59546536731106,143937800
2020-10-29,111.85736083984375,113.41901900582575,108.83104039265947,108.99594153712782,146129200
2020-10-30,105.59134674072266,108.62736202117581,104.4855772187525,107.72528610585144,190272600
2020-11-02,105.50403594970703,107.356689266343,104.09757704674024,105.83383085542181,122866900
2020-11-03,107.1239013671875,108.14236934595198,105.46524717293197,106.3673230400161,107624400
2020-11-04,111.49848175048828,112.1192643704232,108.97655143196363,110.71280536595152,138235500
2020-11-05,115.4559555053711,116.02824377297978,113.3608163942021,114.40838224963099,126387100
2020-11-06,115.32478332519531,115.8203179514325,112.837361996159,114.96527127109147,114457900
2020-11-09,113.02198791503906,118.53122507296646,112.7596464655049,117.08347300114552,154515300
2020-11-10,112.68193054199219,114.25599431151727,110.89409578251818,112.27384048419532,138023400
2020-11-11,116.10212707519531,116.23815709626824,113.13860742972919,113.86734286251138,112295000
2020-11-12,115.83004760742188,117.1126214574974,115.20819406878398,116.22842646880996,103162300
2020-11-13,115.87860870361328,116.27698006864752,114.52802013673282,116.05350543811248,81581900
2020-11-16,116.88916778564453,117.55959935095183,114.80012470399369,115.54828982886944,91183000
2020-11-17,116.00493621826172,117.24864320805052,115.58712770640344,116.16040329852451,74271000
2020-11-18,114.68350219726562,116.42275133775613,114.65435397133162,115.24705927558566,76322100
2020-11-19,115.27620697021484,115.68429695756758,113.49809106564801,114.25597458875419,74113000
2020-11-20,114.01305389404297,115.40250938194856,113.96447599254086,115.27619794234921,73604300
2020-11-23,110.62203216552734,114.28514625847261,110.52486892820643,113.85761911856477,127959300
2020-11-24,111.90460205078125,112.56532241854126,109.39775058959653,110.68033196208322,113874200
2020-11-25,112.74019622802734,113.43978322932423,111.90457924459807,112.27380983588145,76499200
2020-11-27,113.2843246459961,114.15880846315034,112.92481998616722,113.26489496698315,46691300
2020-11-30,115.67459106445312,117.54015173092947,113.49809620715159,113.65356330256418,169410200
2020-12-01,119.24054718017578,119.96928259001577,116.60738412219025,117.57903133531022,127728200
2020-12-02,119.59032440185547,119.87210294466338,117.4624149241799,118.56037345602128,89004200
2020-12-03,119.45429992675781,120.27047995352808,118.74499426371094,120.01784962535093,78967600
2020-12-04,118.78385925292969,119.3765645833526,118.07455360054387,119.12393425897255,78260400
2020-12-07,120.24132537841797,121.03807568238211,118.78385476777048,118.84215122001115,86712000
2020-12-08,120.85345458984375,121.43644873670094,119.60002903502645,120.84374345698704,82225500
2020-12-09,118.32717895507812,122.37894545635208,117.5692954268489,120.99920839659741,115089200
2020-12-10,119.74580383300781,120.35794633884018,116.7434174184058,117.08349246993481,81312200
2020-12-11,118.93934631347656,119.27942137660283,117.13208179162801,118.95877599719218,86939800
2020-12-14,118.32717895507812,119.85266455789507,118.09398573402578,119.12392925566253,79184500
2020-12-15,124.25423431396484,124.27367140820184,120.61055751786674,120.81460252887871,157243700
2020-12-16,124.18621826171875,124.73033828648967,122.97165933994127,123.79756533721344,98208600
2020-12-17,125.0510025024414,125.9060568568483,124.40971173663625,125.24532899403545,94359800
2020-12-18,123.06883239746094,125.43965383144652,122.54414204339464,125.3036238225863,192541500
2020-12-21,124.59431457519531,124.67204812925546,119.94984220975749,121.4753279960592,121251600
2020-12-22,128.14080810546875,130.599073771845,125.9740246713456,127.8784592702847,168904800
2020-12-23,127.24693298339844,128.6752408300138,127.07202876522139,128.41290674198933,88223700
2020-12-24,128.228271484375,129.67603102914552,127.3829432351903,127.59670678746939,54930100
2020-12-28,132.81442260742188,133.44598718799116,129.7245776284665,130.19097883452193,124486200
2020-12-29,131.04603576660156,134.85489050709643,130.53106400488656,134.13588116304936,121047300
2020-12-30,129.92868041992188,132.13432398091498,129.6177461619134,131.73594502265215,96452100
2020-12-31,128.9278564453125,130.91973597132423,127.98535756948488,130.27844532518537,99116600
2021-01-04,125.74085998535156,129.82177500940742,123.16599358092327,129.73433032505793,143301900
2021-01-05,127.29549407958984,128.00480720900393,124.7886425294723,125.23560676408721,97664900
2021-01-06,123.0105209350586,127.33435496235823,122.7967573877346,124.0987683518539,155088000
2021-01-07,127.20802307128906,127.89789896268525,124.2347856325796,124.72060913109178,109578200
2021-01-08,128.30599975585938,128.86955684085643,126.53759495540402,128.67521556411702,105158200
2021-01-11,125.32306671142578,126.47932939006745,124.85668015090326,125.5271191713702,100384500
2021-01-12,125.14815521240234,126.01292057820679,123.26315737935117,124.85665810373773,91951100
2021-01-13,127.17889404296875,127.72301407124303,124.84694682860504,125.10928088256377,88636800
2021-01-14,125.25502014160156,127.2857588427231,125.10926419379747,127.09143240514113,90221800
2021-01-15,123.53520965576172,126.52788445335536,123.39917965706009,125.12871028033413,111598500
2021-01-19,124.20565032958984,125.0607045202907,123.34088500532488,124.15706500945309,90757300
2021-01-20,128.2865447998047,128.7335089174472,124.90521758681017,125.01209934367105,104319500
2021-01-21,132.9893341064453,135.7099489572785,129.80233279797613,130.00638521290585,120150900
2021-01-22,135.126953125,135.88483658611096,131.19177987621222,132.41604973812463,114459400
2021-01-25,138.86778259277344,140.97625472972098,132.66867020571667,139.01353853335786,157611700
2021-01-26,139.10101318359375,140.20869037046396,137.3617564370404,139.52854031294,98390600
2021-01-27,138.03216552734375,140.208660067174,136.42895396495652,139.3633171255217,140843800
2021-01-28,133.203125,137.964205672891,132.82418314547382,135.56423565217162,142621100
2021-01-29,128.21856689453125,132.86303917443942,126.51818434944722,131.97883669271752,177523800
2021-02-01,130.3367462158203,131.5415940017464,127.21775238608966,129.95780442586786,106239800
2021-02-02,131.16261291503906,132.44517904055598,130.7933823696511,131.88162209144176,83305400
2021-02-03,130.1424102783203,131.92052618668296,129.82176496768204,131.9108002272906,89880900
2021-02-04,133.4945831298828,133.5042942626405,130.7739685158837,132.43549143917588,84183100
2021-02-05,133.08102416992188,133.7232731231055,132.20524094162676,133.65516390896917,75693800
2021-02-08,133.22695922851562,133.27561713779653,131.29048728628555,132.37062753976116,71297200
2021-02-09,132.35118103027344,134.1708861386868,132.19549648512387,132.94477197557092,76774200
2021-02-10,131.74786376953125,133.3048279995829,130.7844904817518,132.80853804149436,73046600
2021-02-11,131.49488830566406,132.72098784651604,130.17147291387968,132.24416393424985,64280000
2021-02-12,131.72842407226562,131.88412349618312,130.09362466607496,130.73587365349886,60145100
2021-02-16,129.60707092285156,132.35120265140839,129.21782237561078,131.84520181246612,80576300
2021-02-17,127.32028198242188,128.6631634845205,125.98714097419074,127.71925617483,97918500
2021-02-18,126.22071075439453,126.50290300476138,123.98257950080088,125.7244206319919,96856700
2021-02-19,126.37639617919922,127.19381084254253,125.3351876918398,126.73645300235252,87668800
2021-02-22,122.61046600341797,126.23039523519333,122.22122494397281,124.56638952046134,103916400
2021-02-23,122.4742431640625,123.30137584564321,115.20519230196524,120.43073670834654,158273000
2021-02-24,121.97797393798828,122.18232386351377,118.94190941685854,121.5790071569596,111039900
2021-02-25,117.7352523803711,123.05810538980377,117.29736077604736,121.32599026278942,148199500
2021-02-26,117.99800109863281,121.49142336780443,117.93961010314024,119.29221728289741,164560400
2021-03-01,124.35231018066406,124.48854343367245,119.48681564706342,120.42098970661608,116307900
2021-03-02,121.75414276123047,125.2572974809927,121.64710128326877,124.95563918354922,102260900
2021-03-03,118.77645111083984,122.3282636330786,118.56236816181614,121.45247312532506,112966300
2021-03-04,116.89836883544922,120.27502322512267,115.42899483365645,118.47479173492613,178155000
2021-03-05,118.1536865234375,118.65970219404976,114.40725661331615,117.72552798386944,153766600
2021-03-08,113.22982025146484,117.74499981575629,113.08385389082869,117.67688317068041,154376600
2021-03-09,117.83256530761719,118.77647261328785,115.59444185391254,115.8279835568737,129525800
2021-03-10,116.7524185180664,118.88350022910564,116.23666982400522,118.4164168777091,111943300
2021-03-11,118.67915344238281,119.89552719538874,117.99798711036199,119.24355264557505,103026500
2021-03-12,117.77417755126953,117.91041082516712,115.9544870681418,117.16112781873039,88105100
2021-03-15,120.65454864501953,120.6642817142442,117.18058534747087,118.14395874848536,92403800
2021-03-16,122.19204711914062,123.79766203262986,121.36491441345117,122.31854732264155,115227900
2021-03-17,121.4038314819336,122.47423888090718,119.04892629520441,120.71293209328559,111932600
2021-03-18,117.28762817382812,119.86634216018179,117.08327826271949,119.57440947336566,121229700
2021-03-19,116.76216888427734,118.16343408346621,116.46051051329101,116.67459352140682,185549500
2021-03-22,120.07069396972656,120.5377847911862,117.024896545298,117.0930131834112,111912300
2021-03-23,119.24354553222656,120.89781076796868,118.8543044696532,120.01229458916613,95467100
2021-03-24,116.85948181152344,119.59389566921122,116.84002309374534,119.51604594978313,88530500
2021-03-25,117.34600830078125,118.38723138862223,115.79878440882977,116.32425877519718,98844700
2021-03-26,117.94933319091797,118.21207408800578,115.72093550893463,117.11246742653448,94071200
2021-03-29,118.12448120117188,119.28247132989765,117.48223975334861,118.37748900748083,80819200
2021-03-30,116.67459106445312,117.1611406456859,115.66256704459003,116.878940997672,85671900
2021-03-31,118.86405181884766,120.19719278132602,117.89095275757859,118.37750228821312,118323800
2021-04-01,119.69117736816406,120.83943448866229,119.19489479787379,120.33342627373456,75089100
2021-04-05,122.51316833496094,122.7661761594041,119.75929632134557,120.53777850848313,88651200
2021-04-06,122.81482696533203,123.71007628588559,122.26989388745704,123.09702657327624,80171300
2021-04-07,124.4593734741211,124.47883218903853,121.77361794195266,122.44505868103397,83466700
2021-04-08,126.85321807861328,126.88240986807646,125.06271903272915,125.48114458057893,88844600
2021-04-09,129.42218017578125,129.46109760648577,125.9871415439433,126.30826602843275,106686700
2021-04-12,127.70954895019531,129.2762393125197,127.11595782289686,128.95511478316322,91420000
2021-04-13,130.8136749267578,131.0374983592836,128.3809277339075,128.8772176641677,91266500
2021-04-14,128.4782257080078,131.36833015937881,128.11818392495562,131.3099466105929,87222800
2021-04-15,130.8818359375,131.36838551347583,130.04497007288896,130.22013564136392,89347100
2021-04-16,130.55096435546875,131.04723949609195,129.69463249088383,130.6871976204425,84922400
2021-04-19,131.21266174316406,131.82571884662076,129.75301328602865,129.91843832937323,94264200
2021-04-20,129.52920532226562,131.88410306298763,128.26417368348118,131.38782793049364,94812300
2021-04-21,129.90872192382812,130.15199668398512,127.76790700410929,128.7993896114448,68847100
2021-04-22,128.39071655273438,130.54125756563838,127.87497514158638,129.46111681150813,84566500
2021-04-23,130.7066650390625,131.4851323617936,128.60476763173878,128.60476763173878,78657500
2021-04-26,131.09591674804688,131.42676689058607,129.9671181870508,131.20295824690538,66905100
2021-04-27,130.77476501464844,131.7673300838562,130.5022985012677,131.3780816016613,66015800
2021-04-28,129.98658752441406,131.38785269000346,129.5000379446019,130.69694575341165,107760100
2021-04-29,129.88925170898438,133.38268843991688,128.886960916459,132.79882309453924,151101000
2021-04-30,127.92362213134766,129.96712145874997,127.5441140528076,128.23500614148355,109839500
2021-05-03,128.97454833984375,130.46340362512916,128.28365629304724,128.48799878924353,75135100
2021-05-04,124.41072845458984,127.9528162936493,123.2916629147694,127.66088357051092,137564700
2021-05-05,124.65399169921875,126.94076551104096,124.5274840738415,125.72439172337612,84000900
2021-05-06,126.2498779296875,126.2596035749363,123.71008135413715,124.44963872166365,78128300
2021-05-07,126.92243957519531,127.9459170756659,126.21086004578889,127.54628013792039,78973300
2021-05-10,123.64729309082031,126.26937098545628,123.60830211734293,126.1426633359984,88071200
2021-05-11,122.73101043701172,123.0819142652862,119.67028275042819,120.38185488141869,126142800
2021-05-12,119.67028045654297,121.49306907963458,119.1634127705143,120.28437887697672,112172300
2021-05-13,121.81474304199219,122.96495055227784,121.12267010296466,121.43459040557941,105861300
2021-05-14,124.23213958740234,124.66103284772763,122.67253787272075,123.06244016058305,81918000
2021-05-17,123.0819320678711,123.72527195908786,122.00970635261075,123.61804864388507,74244600
2021-05-18,121.69776916503906,123.78373756646234,121.62953683178752,123.36459396598383,63342900
2021-05-19,121.54181671142578,121.76600548369002,119.75801895076617,120.050447495282,92612000
2021-05-20,124.09565734863281,124.49530918227134,121.94145662294912,122.06817912472063,76857100
2021-05-21,122.26314544677734,124.76825782596866,122.04869881375613,124.59280216593018,79295400
2021-05-24,123.89096069335938,124.70975612799803,122.76025239580743,122.82848472896345,63092900
2021-05-25,123.69602966308594,125.08018314804377,123.13067172111496,124.59279971373591,72009500
2021-05-26,123.64729309082031,124.17366007761332,123.22814942189817,123.75451640869117,56575900
2021-05-27,122.1169204711914,124.41733561849655,121.92197306010468,123.24763627844212,94625600
2021-05-28,121.46382141113281,122.62377842352186,121.40533868337067,122.39958223915701,71311100
2021-06-01,121.14215850830078,122.1851426884376,120.81074644955004,121.92196296159237,67637100
2021-06-02,121.90245056152344,122.07790617267895,120.91795665587394,121.14214539210477,59278900
2021-06-03,120.42086791992188,121.69779071261881,120.02121601385367,121.53208465063497,76229200
2021-06-04,122.71151733398438,122.97470451422886,120.72302254551224,120.93746915555829,75169300
2021-06-07,122.72126007080078,123.13065406520676,121.67827588309044,122.98443979955707,71057600
2021-06-08,123.54004669189453,125.21662849111421,123.0234294041827,123.40358202860334,74403800
2021-06-09,123.92022705078125,124.52457600687696,123.32562769760736,123.99820900061968,56877900
2021-06-10,122.92596435546875,124.95345011953233,122.76025831506651,123.81298472926724,71186400
2021-06-11,124.13465118408203,124.22238272093318,122.91621132668672,123.33535493510138,53522400
2021-06-14,127.18561553955078,127.24409827001125,123.86171564217574,124.5927795199969,96906500
2021-06-15,126.36685943603516,127.30262798000346,126.12317141530278,126.65928803562127,62746300
2021-06-16,126.86397552490234,127.58529740869534,125.21665702603657,127.07842216944793,91815000
2021-06-17,128.4625244140625,129.203345250585,126.37655629930642,126.52277798345058,96721700
2021-06-18,127.1661376953125,128.18961527761795,126.95169109033546,127.40982566701065,108953300
2021-06-21,128.9596710205078,129.066894317528,125.94769141357571,127.01016734634604,79663300
2021-06-22,130.59722900390625,130.69471012361893,128.29681438987527,128.79394727746697,74783600
2021-06-23,130.3243408203125,130.92869718078555,129.86620618552573,130.3925806003398,60214200
2021-06-24,130.04165649414062,131.240597184488,129.5737648661965,131.05539194095186,68711000
2021-06-25,129.74920654296875,130.50951172104854,129.45677804212312,130.09037560621056,70783700
2021-06-28,131.37705993652344,131.83519451956099,129.98317185834844,130.04165459260284,62111300
2021-06-29,132.88792419433594,133.0438880631515,130.9579196567259,131.3965550234282,64556100
2021-06-30,133.50201416015625,133.94064949902392,132.43952338561445,132.73195190270366,63261400
2021-07-01,133.80418395996094,133.86266668828733,132.33229922059724,133.15110203776288,52485800
2021-07-02,136.42633056640625,136.46531411179538,134.2721215635701,134.4183284507029,78852600
2021-07-06,138.4342803955078,139.53574001915328,136.53351700878477,136.53351700878477,108181800
2021-07-07,140.91990661621094,141.2318195282519,139.0581266890823,139.91589835234652,104911600
2021-07-08,139.62347412109375,140.42276298269945,137.11835448019005,138.0053823208354,105575500
2021-07-09,141.44619750976562,141.9725568005314,139.04830216098574,139.14578326504855,99890800
2021-07-12,140.85166931152344,142.62572515772004,140.36429329314447,142.51850183873523,76299700
2021-07-13,141.962890625,143.73694652851253,140.00364432229037,140.39353920017592,100827100
2021-07-14,145.3842315673828,145.79364043052715,143.95134516697595,144.3607540301203,127050800
2021-07-15,144.73117065429688,146.21279783696795,143.3762659892824,145.47199168239987,106820300
2021-07-16,142.6939239501953,145.97883295333372,142.19680585690423,144.71166743629377,93251400
2021-07-19,138.85342407226562,140.43253247911716,138.09311867670348,140.12060468938105,121434600
2021-07-20,142.4599609375,143.3859869898834,139.350515378791,139.83789124908492,96350000
2021-07-21,141.7289276123047,142.4405072449087,140.97837931958148,141.85565012536404,74993500
2021-07-22,143.0935821533203,144.4582288663732,142.12857241610413,142.25529492286392,77338200
2021-07-23,144.80911254882812,144.96507639303513,143.2105203295334,143.82461867014172,71447400
2021-07-26,145.22825622558594,146.0470440562457,143.97081824593766,144.5264338354404,72434100
2021-07-27,143.06434631347656,145.4427434254304,141.87514775749966,145.35500444699645,104818600
2021-07-28,141.31956481933594,143.25932698356266,138.94116715524945,141.15385873599058,118931200
2021-07-29,141.962890625,142.84991857675627,140.92965581242072,141.03687913486968,56699500
2021-07-30,142.1773223876953,142.63545700170118,140.47150644681145,140.73469364228038,70440600
2021-08-02,141.8459014892578,143.2397895751834,141.582714310116,142.6646895204393,62880000
2021-08-03,143.63941955566406,144.30224361135603,141.51445299043982,142.12855135709023,64786600
2021-08-04,143.2397918701172,144.058579914417,142.58670986762564,143.5517196242508,56368300
2021-08-05,143.3470001220703,144.10730535100612,142.47947159810346,143.2690181917266,46397700
2021-08-06,142.66368103027344,143.61060825982952,142.16581806356817,142.86869219057516,54126800
2021-08-09,142.6148223876953,143.2103123656707,142.05838923545102,142.72220631473397,48908700
2021-08-10,142.1365203857422,144.19632898598317,141.84365370926938,142.95653516321173,69023100
2021-08-11,142.3903350830078,143.2298783064216,142.06818321748432,142.57581781429272,48493500
2021-08-12,145.34823608398438,145.5044336133679,142.37078584930737,142.71246608285676,72282600
2021-08-13,145.55325317382812,145.88516176552068,144.74299521470792,145.42634081402107,59375000
2021-08-16,147.5252227783203,147.59356480078714,142.9858407795006,145.00659283395282,103296000
2021-08-17,146.6173095703125,148.07185618392833,145.54347021491796,146.65635150331968,92229700
2021-08-18,142.87844848632812,147.13473517673972,142.67343732669485,146.2366215497856,86326000
2021-08-19,143.21038818359375,144.47946756706352,141.06272340162622,141.5801148978695,86960300
2021-08-20,144.66488647460938,144.9675098694575,143.28842371499448,143.93272733385453,60549600
2021-08-23,146.1487274169922,146.61730507779947,144.3720141553827,144.78202147056598,60131800
2021-08-24,146.0608673095703,147.27137582254224,145.6020463753851,145.8949130199866,48606400
2021-08-25,144.83087158203125,146.74425443123712,144.28419502392072,146.24637657624294,58991300
2021-08-26,144.0303497314453,145.57276688380205,144.00106455542348,144.82109417148567,48597200
2021-08-27,145.0651397705078,145.21156564308194,143.33723999505236,143.97177197062845,55802400
2021-08-30,149.47763061523438,149.83883931473636,145.07491826892314,145.45564049048158,90956700
2021-08-31,148.2183074951172,149.16523456794167,147.69114453920625,149.02856544896787,86453100
2021-09-01,148.8821563720703,151.2934023311897,148.71620204197066,149.1945515081308,80313700
2021-09-02,149.9949951171875,151.03954929712242,148.77472989529102,150.20976298790652,71115500
2021-09-03,150.6295623779297,150.9517142276546,149.44833892893834,150.10239938899159,57808700
2021-09-07,152.96273803710938,153.5191714127496,150.7174463222015,151.2836513561049,82278300
2021-09-08,151.4202880859375,153.30437064554417,150.31716343749,153.24580029178898,74420200
2021-09-09,150.40505981445312,152.3965266648195,150.28790419091163,151.79127971049815,57305700
2021-09-10,145.4263458251953,151.78148246152148,145.16276433644302,151.3129047338198,140893200
2021-09-13,145.9925079345703,147.81801961235422,145.2115353535065,147.0468186846345,102404300
2021-09-14,144.59657287597656,147.4764113119793,143.41536423851278,146.77353720711707,109296300
2021-09-15,145.4849090576172,145.88515965134906,142.88818092204215,145.02608811276684,83281300
2021-09-16,145.2506103515625,145.4263362978241,143.71796490468603,144.90894501042473,68034100
2021-09-17,142.5855712890625,145.27992686740734,142.29270460935308,145.27992686740734,129868800
2021-09-20,139.53977966308594,141.39457695669392,137.90950701335717,140.37932278347847,123478900
2021-09-21,140.0181121826172,141.1602935933769,139.38358019514303,140.50621829477157,75834000
2021-09-22,142.38055419921875,142.94674416241062,140.28168904837355,141.0138481925674,76404300
2021-09-23,143.33726501464844,143.581318108749,142.1755699033987,143.16153904107028,64838200
2021-09-24,143.4250946044922,143.96201429353556,142.09744541695585,142.19507259526048,53477900
2021-09-27,141.9119873046875,142.48796392317834,140.39887004950094,142.00961449990794,74150700
2021-09-28,138.53428649902344,141.30672576458994,138.31951860844126,139.84240736288436,108972300
2021-09-29,139.43243408203125,141.0138935757981,138.65146109771675,139.08099698388077,74602000
2021-09-30,138.13404846191406,140.9455448156453,137.9192805517919,140.2426707272125,89056700
2021-10-01,139.2566680908203,139.5202495626883,135.80088336468526,138.52450892126643,94639600
2021-10-04,135.83016967773438,138.8271483868743,134.98086980059804,138.38784096480848,98322000
2021-10-05,137.7533721923828,138.85649729002284,136.04499999839257,136.17191241375247,80861100
2021-10-06,138.62213134765625,138.76855721821823,135.0784763218966,136.15231569207103,83221100
2021-10-07,139.88143920898438,140.78932429837576,139.32500600229986,139.65691457441454,61732700
2021-10-08,139.50076293945312,140.75031377150447,139.16885425815033,140.6038878520535,58773200
2021-10-11,139.41287231445312,141.36529686032225,138.43666004151856,138.88572424122802,64452200
2021-10-12,138.14382934570312,139.8424445053315,137.68500826630617,139.82291608395988,73035900
2021-10-13,137.55810546875,138.03644005527403,135.88877555756454,137.8802573777795,78762700
2021-10-14,140.34030151367188,140.45745714105692,138.14382342191217,138.72955687137625,69907100
2021-10-15,141.3945770263672,141.453147377337,140.09621296187518,140.35003767716657,67940300
2021-10-18,143.06394958496094,143.34704466516118,139.75458969636082,140.03768477656104,85589200
2021-10-19,145.22134399414062,145.62159463310732,143.06392303976392,143.51297237963328,76378900
2021-10-20,145.70948791503906,146.18783745350981,144.5966061422776,145.16281124011374,58418800
2021-10-21,145.92422485351562,146.0804224119474,144.35252229936606,145.27016433537898,61421000
2021-10-22,145.1530303955078,146.60757740087539,145.1042167942401,146.12924283758312,58883400
2021-10-25,145.10418701171875,145.8168177773373,144.10844635434742,145.14322894722775,50720600
2021-10-26,145.76806640625,147.25189877039264,145.46542800058126,145.77782316934065,60893400
2021-10-27,145.30921936035156,146.16827612937263,144.9577823061733,145.80708231384622,56094900
2021-10-28,148.9407501220703,149.5264686918417,146.1585385042387,146.25616571377768,100077900
2021-10-29,146.23663330078125,146.37330245291255,142.92727357091124,143.718003300801,124953200
2021-11-01,145.4165802001953,146.13896771640327,144.28417043944881,145.44586537540286,74588300
2021-11-02,146.45135498046875,147.96448683414823,145.11393416867705,145.12370582377017,69122000
2021-11-03,147.8863983154297,148.35497602206758,146.25612565424197,146.8125588879088,54511500
2021-11-04,147.3690185546875,148.80403696262286,147.0566234619275,147.97426542713765,60394600
2021-11-05,147.8969268798828,148.79635114627666,146.7042085245969,148.49328605752575,65463900
2021-11-08,147.0757293701172,148.18046407919945,146.80199217243356,148.02403856122066,55020900
2021-11-09,147.43746948242188,148.04359979638906,146.7042415538898,146.84111017051336,56787900
2021-11-10,144.61207580566406,146.7726603269792,144.54364896685252,146.66511965093986,65187100
2021-11-11,144.5631866455078,146.0882980655143,144.37743321812488,145.62882237351127,41000000
2021-11-12,146.63577270507812,147.03659252052734,144.18189439318962,145.11064651980587,63804000
2021-11-15,146.64553833007812,148.48350051743287,146.08827812399716,147.00725921767452,59222800
2021-11-16,147.62319946289062,148.102247003654,146.00031832566742,146.58690654221206,59256200
2021-11-17,150.05755615234375,151.53378312081145,147.61346287620162,147.62323387898405,88807000
2021-11-18,154.33956909179688,155.12168178008048,149.627365877677,150.2726099643279,137827700
2021-11-19,156.95962524414062,157.41911583313842,153.02952027938457,154.12446895909494,117305600
2021-11-22,157.41912841796875,161.99446283900974,157.39957149925132,158.0643575600625,117467900
2021-11-23,157.80039978027344,158.18167763297342,155.5029467463392,157.51687668201387,96041900
2021-11-24,158.31857299804688,158.5140974575523,156.07000441983408,157.1551823252834,69463600
2021-11-26,153.3032684326172,156.8618668141861,152.8633347292546,156.00155632601601,76959800
2021-11-29,156.65655517578125,157.58530732404222,155.23896961955737,155.8060008585356,88748200
2021-11-30,161.60342407226562,161.8185054389282,156.34373142534065,156.41217318635103,174048100
2021-12-01,161.0852813720703,166.49161375206606,160.8506430799377,163.73466976035556,152052500
2021-12-02,160.09783935546875,160.52800204808736,154.27113083970096,155.19011206164845,136739200
2021-12-03,158.22076416015625,161.27100166043388,156.14817855062066,160.35202051883033,118023100
2021-12-06,161.62298583984375,164.12573463510114,160.60623481829575,160.61600581977925,107497000
2021-12-07,167.35189819335938,167.74296195252498,164.5754126322905,165.29886939857903,120405400
2021-12-08,171.1647186279297,172.02504411674911,166.882663021836,168.28069194116756,116998900
2021-12-09,170.65631103515625,172.7973384356804,170.03062395661757,170.9984899495763,108923700
2021-12-10,175.43695068359375,175.61293309472177,170.78340409261324,171.29177949219212,115402700
2021-12-13,171.80995178222656,178.05705234389498,171.60464142456377,177.06962931153166,153237000
2021-12-14,170.43148803710938,173.76523433574428,168.3589020297747,171.33091243496327,139380400
2021-12-15,175.29034423828125,175.4858686850592,168.45665517933287,171.19404218690133,131063300
2021-12-16,168.4077606201172,177.08918279763162,166.93153397693786,175.27077720416733,150185800
2021-12-17,167.31277465820312,169.59067037342322,165.89520416900396,166.1298274724243,195432700
2021-12-20,165.95388793945312,166.76532847471316,163.71510567618958,164.51676029378936,107499100
2021-12-21,169.12144470214844,169.3267401361631,165.3379790393109,167.72341591348743,91185900
2021-12-22,171.712158203125,171.92723953166936,168.30019977990446,169.17029609354066,92135300
2021-12-23,172.3378448486328,172.89510508509778,171.35043687369296,171.91746810959268,68356600
2021-12-27,176.2972869873047,176.38527073958,173.11019564746687,173.12973764737882,74919600
2021-12-28,175.28053283691406,177.27492068975482,174.5375340801528,176.1310871789595,79144300
2021-12-29,175.36854553222656,176.59059189162147,174.15627017338588,175.31966069433915,62348900
2021-12-30,174.2149200439453,176.53193000592643,174.10737937130014,175.45652327947462,59773000
2021-12-31,173.5990447998047,175.22191121478994,173.2959647369927,174.10740540326523,64062300
2022-01-03,177.93971252441406,178.79026689432098,173.73588518068755,173.85319685203027,104487900
2022-01-04,175.68138122558594,178.84893075193062,175.1143499260673,178.54586564233023,99310400
2022-01-05,171.00827026367188,176.14086475419518,170.73453308424857,175.59339039534856,94537600
2022-01-06,168.1535186767578,171.37972289069452,167.8015688549183,168.8378614087922,96904000
2022-01-07,168.31976318359375,170.2457092977057,167.2052575825263,169.0236630282213,86709100
2022-01-10,168.33932495117188,168.64239004792708,164.40921985835627,165.2988731483881,106765600
2022-01-11,171.1647186279297,171.26247339503044,166.99998962694013,168.46644539148625,76138300
2022-01-12,171.60462951660156,173.21772467571947,170.91051556767007,172.1814317936139,74805200
2022-01-13,168.33932495117188,172.6702498945838,167.94826118313497,171.8490383580425,84505800
2022-01-14,169.19967651367188,169.8937905683483,167.2639441267619,167.508353425533,80440800
2022-01-18,166.00279235839844,168.68150862321704,165.62151446360372,167.6745435442064,90956700
2022-01-19,162.51260375976562,167.25414945182573,162.22909557704548,166.19829964047344,94815000
2022-01-20,160.83106994628906,165.8854518373375,160.50844792121475,163.24583471657064,91420500
2022-01-21,158.7780303955078,162.61036568511253,158.67048972769118,160.74307541554964,122848900
2022-01-24,158.00570678710938,158.67050778679211,151.24045969712583,156.44149634340394,162294600
2022-01-25,156.2068328857422,159.1201868610098,153.50856023591945,155.424720331175,115798400
2022-01-26,156.1188507080078,160.713741500623,154.2906743409117,159.84364519078215,108275300
2022-01-27,155.65939331054688,160.17607231774176,154.74041197266266,158.81715723147198,121954600
2022-01-28,166.52093505859375,166.54049197821774,159.15932862262193,162.00425626677838,179935700
2022-01-31,170.8714141845703,171.0864955438015,165.71926239899202,166.35473547583268,115541600
2022-02-01,170.70523071289062,170.93008309016165,168.45666218750117,170.11864243059435,86213900
2022-02-02,171.90768432617188,171.94679815950911,169.45382085751916,170.8420635898593,84914300
2022-02-03,169.033447265625,172.29876649074853,168.27089152715305,170.57811566132818,89418100
2022-02-04,168.74957275390625,170.42346859121156,167.0756769166009,168.05455952783922,82465400
2022-02-07,168.03501892089844,170.27665387927516,167.3400055860888,169.20967525085985,77251200
2022-02-08,171.13804626464844,171.64706939744136,167.80983647215697,168.1035042386361,74829200
2022-02-09,172.5574493408203,172.91963117728815,171.20658637108463,172.33231049138615,71285000
2022-02-10,168.48524475097656,171.77429042410176,167.92728951408122,170.46259150846328,90865900
2022-02-11,165.07875061035156,169.4249914689082,164.4914151129285,168.69082956541044,98670700
2022-02-14,165.313720703125,165.9989356288058,163.04270559336564,163.83559821712237,86185500
2022-02-15,169.14112854003906,169.29775335068365,166.65477315145358,167.35956986279012,62527400
2022-02-16,168.90621948242188,169.67953027359678,166.45901263665095,168.22100455291906,61177400
2022-02-17,165.313720703125,168.2797341887302,164.91237519788157,167.41831260412283,69589300
2022-02-18,163.7670440673828,166.93861378532614,162.68048390268257,166.23383213199764,82772700
2022-02-22,160.84999084472656,163.16993775264925,158.72580252665216,161.4960419882263,91162800
2022-02-23,156.6897430419922,162.64133603328534,156.37649344425944,162.04421705709984,90009200
2022-02-24,159.3033447265625,159.41102239990326,148.79014121364656,149.357894860665,141147500
2022-02-25,161.36883544921875,161.63312305071847,157.472871153436,160.3801542624622,91974200
2022-02-28,161.63308715820312,161.92675492011216,158.99989062280463,159.61659142915732,95056600
2022-03-01,159.75364685058594,163.0818568508139,158.5496253630897,161.22197083806662,83474400
2022-03-02,163.04269409179688,163.82580321014547,159.50892707803538,160.91852050375005,79724800
2022-03-03,162.7196502685547,165.3430634011942,162.05401727070716,164.91235266773373,76678400
2022-03-04,159.7242889404297,162.0540345545001,158.67689221468046,161.01642127862274,83737200
2022-03-07,155.93600463867188,161.53521443024337,155.68148559760553,159.91026569329455,96418800
2022-03-08,154.11529541015625,159.44041971330986,152.50992837199067,155.4661583222758,131148300
2022-03-09,159.5089111328125,159.959203685233,156.04367342146804,158.06995256595388,91454900
2022-03-10,155.17247009277344,157.00297572975708,152.68609998585092,156.81698565051138,105342000
2022-03-11,151.4625244140625,155.9164439341305,151.23738556277695,155.57382899544626,96970100
2022-03-14,147.4393310546875,150.865421052167,146.93032272367594,148.2518056179064,108732100
2022-03-15,151.8148956298828,152.28477002224423,147.2043670461277,147.71337523300835,92964300
2022-03-16,156.21987915039062,156.6212246232631,151.19822129277074,153.73352378158447,102300200
2022-03-17,157.2281036376953,157.6000837703935,154.30125449850178,155.26055517399735,75615400
2022-03-18,160.51718139648438,161.00662274780382,156.38629519642316,157.1204572234023,123511700
2022-03-21,161.8876190185547,162.83713639325782,159.56765695852218,160.05709828830467,95811400
2022-03-22,165.25497436523438,165.84229498697943,161.42753966012307,162.01486028186812,81532000
2022-03-23,166.61563110351562,168.99430889731204,164.1096788423283,164.44251031244588,98062700
2022-03-24,170.39410400390625,170.46261801995993,166.61561651162776,167.44765777264146,90131400
2022-03-25,171.03038024902344,171.57855215101324,169.1019802060181,170.20812239603873,80546200
2022-03-28,171.8917694091797,172.01901397467847,168.36778650765086,168.53419473681177,90371900
2022-03-29,175.1808319091797,175.22976408859992,172.61614940998814,172.95876428530602,100589400
2022-03-30,174.01600646972656,175.8171473086946,172.9685946624538,174.77953388921446,92633200
2022-03-31,170.92271423339844,174.27049138056105,170.7171422878286,174.0845012718467,103049300
2022-04-01,170.62905883789062,171.18702920461877,168.3091113767006,170.35497284823808,78751300
2022-04-04,174.6718292236328,174.72077634534207,170.75629847192283,170.88355800105404,76468400
2022-04-05,171.36325073242188,174.5348369396801,170.73676622764393,173.7517275745655,73401800
2022-04-06,168.20138549804688,169.96337702443967,166.53728819844997,168.72019203962893,89058800
2022-04-07,168.50486755371094,169.69910564386342,166.26323274049562,167.54556668896316,77594700
2022-04-08,166.49815368652344,168.15246782773184,165.62694868711696,168.15246782773184,76575500
2022-04-11,162.2498016357422,165.4605355802755,162.00508096962494,165.14730089465874,72246700
2022-04-12,164.11947631835938,166.28279871101802,163.12101178667447,164.47187468621496,79265200
2022-04-13,166.80162048339844,167.42810486793778,163.24828613297083,163.85518867958416,70618900
2022-04-14,161.7994842529297,167.653212444084,161.55476362429968,167.0169298477089,75329400
2022-04-18,161.58416748046875,163.08185675186522,160.11584349387897,160.45844346214486,69023900
2022-04-19,163.86489868164062,164.27604241097183,160.44860885483567,161.53516885593277,67723800
2022-04-20,163.6985626220703,165.3137281661249,162.59243524088046,165.1962520760154,67929800
2022-04-21,162.9056396484375,167.90773030576432,162.40641490220864,165.34306268686478,87227800
2022-04-22,158.3734130859375,164.32502122927878,158.08954369720692,162.94480808191494,84882400
2022-04-25,159.44041442871094,159.7242838315626,155.11375480994548,157.71757136622622,96046400
2022-04-26,153.48880004882812,158.91180327087787,153.41048764569481,158.82370741856425,95623200
2022-04-27,153.26365661621094,156.41564486229873,152.0987839265491,152.61759051221244,88063200
2022-04-28,160.18435668945312,161.04577820352466,155.57381282317428,155.88706244158715,130216800
2022-04-29,154.3208465576172,162.69029635210208,153.92929946524063,158.42236732431553,131747600
2022-05-02,154.62429809570312,154.88858563658798,150.0333364297974,153.40069487713816,123055300
2022-05-03,156.11221313476562,157.31624964341847,153.01895506893698,154.81029731534235,88966500
2022-05-04,162.5140838623047,162.9643614673084,155.89682831665468,156.29817374379095,108256500
2022-05-05,153.4594268798828,160.61505617925764,151.6778534074066,160.38991736716943,130525300
2022-05-06,154.18484497070312,156.30234136161945,151.14584468974874,152.9398334410661,116124600
2022-05-09,149.067626953125,152.76344175992415,148.50885169375428,151.88114377776745,131577900
2022-05-10,151.46937561035156,153.65550196924158,149.92046680625165,152.45950928453797,115366700
2022-05-11,143.61703491210938,152.39090538432077,142.94061098912724,150.47928231405317,142689800
2022-05-12,139.7545166015625,143.32288335129687,136.06851615454784,139.96039053030978,182602000
2022-05-13,144.21499633789062,145.18551933414366,140.29371306035543,141.74458368466105,113990900
2022-05-16,142.67587280273438,144.61691862288893,141.34263600841436,142.68568558350242,86643800
2022-05-17,146.30307006835938,146.82263885480765,143.79343645262884,145.93054340694096,78336300
2022-05-18,138.0487823486328,144.46007380411618,137.14687404841018,143.96011558077154,109742900
2022-05-19,134.6470489501953,138.87222861134381,133.91180845347094,137.12725902913175,136095600
2022-05-20,134.88233947753906,137.93113785871375,130.00034593006458,136.3528207232791,137426100
2022-05-23,140.29373168945312,140.44077384848245,134.94117272312687,135.07841705772444,117726300
2022-05-24,137.59783935546875,139.17615657107172,134.62746828487894,138.03898075989613,104132700
2022-05-25,137.75469970703125,138.99969650386015,135.61759232548434,135.7058176181396,92482700
2022-05-26,140.95053100585938,141.49950829001511,134.44120114221013,134.68628135538745,90601500
2022-05-27,146.69522094726562,146.73442720207444,142.40141055796454,142.5288570634857,90978500
2022-05-31,145.9109344482422,147.69512536408004,143.95029298038025,146.13641898717157,103718400
2022-06-01,145.7835235595703,148.75389460714223,144.7737792988703,146.95009283292427,74286600
2022-06-02,148.23434448242188,148.29316134885798,143.96994216366954,144.92085472708317,72348100
2022-06-03,142.51902770996094,145.05805472503135,141.61713446378366,144.00910439920688,88570300
2022-06-06,143.2641143798828,145.64630225545608,142.04851092055418,144.13659949613532,71598400
2022-06-07,145.7835235595703,146.06781003090646,141.26424373812605,141.50932395629872,67808200
2022-06-08,145.0482635498047,146.92066479832334,144.5581031788664,145.6560576230458,53950200
2022-06-09,139.8329620361328,145.03846322934638,139.7251261469218,144.1855888973648,69473000
2022-06-10,134.43138122558594,137.98993516430295,134.3627515970909,137.51938542071767,91437900
2022-06-13,129.2847137451172,132.53937106937602,128.85337019356888,130.25522177759234,122207100
2022-06-14,130.14739990234375,131.25516732822615,128.89259032192393,130.5101288143863,84784300
2022-06-15,132.76486206054688,134.63727870714717,129.55922325217023,131.64729675078482,91533000
2022-06-16,127.5005111694336,129.78466025494586,126.50057984100815,129.48076322339185,108123900
2022-06-17,128.97103881835938,130.46113104749855,127.25547692933145,127.51036998343507,134520300
2022-06-21,133.1962127685547,134.36279718069025,130.69640612370614,130.79442925101708,81000500
2022-06-22,132.6864471435547,135.04900927487205,131.2747825760473,132.13745484401576,73409200
2022-06-23,135.5489959716797,135.86269092971577,132.96094899420544,134.1275334387869,72433800
2022-06-24,138.87225341796875,139.117333627322,137.01944763359853,137.1468791706762,89116800
2022-06-27,138.87225341796875,140.66624234545563,138.19582964679236,139.89178050713437,70207900
2022-06-28,134.73533630371094,140.5976523771425,134.61770255675322,139.33304472180774,67083400
2022-06-29,136.49008178710938,137.90174634957765,133.98046254650382,134.75492447437682,66242400
2022-06-30,134.02947998046875,135.64700354645933,131.13753620204082,134.5490488814723,98964500
2022-07-01,136.19598388671875,136.3038197907336,132.9903451154339,133.36285690870372,71051600
2022-07-05,138.77423095703125,138.82324999611623,134.23534018265374,135.05882114715405,73353800
2022-07-06,140.10745239257812,141.28383440664965,138.30366564043456,138.56835645511603,74064300
2022-07-07,143.46995544433594,143.66601661315485,140.46036340026106,140.4701612232241,66253700
2022-07-08,144.14637756347656,144.64635079248632,142.1465295229667,142.40140757015126,64547800
2022-07-11,142.01905822753906,143.75423009408246,140.95051223046443,142.80331779694055,63141600
2022-07-12,142.98960876464844,145.52863633565593,142.19555121961218,142.89157069008422,77588800
2022-07-13,142.62689208984375,143.56799177024092,139.3232005090592,140.17608985764943,71185600
2022-07-14,145.54823303222656,146.0187828364424,140.43095716603992,141.24462523992875,78140700
2022-07-15,147.21475219726562,147.8911758482325,145.2835192940871,146.83242773695906,76259900
2022-07-18,144.17581176757812,148.58725611818477,143.8130828380742,147.77358792071823,81420900
2022-07-19,148.0284881591797,148.25395782693252,144.0189783944477,145.0090973341563,82982400
2022-07-20,150.02830505371094,150.6949310490213,147.41085002655058,148.14609070693865,64823400
2022-07-21,152.29286193847656,152.50853373902038,148.94996398855773,151.45958316742,65086600
2022-07-22,151.0576629638672,153.2045683993023,150.39105184778396,152.33208328648058,66675400
2022-07-25,149.94004821777344,151.98891489270602,149.2832351431614,150.9791857674136,53623900
2022-07-26,148.61666870117188,150.07733740905365,147.8324089141252,149.26366918886245,55138700
2022-07-27,153.70448303222656,154.2338646113094,149.1656081545016,149.57734107239523,78620700
2022-07-28,154.25350952148438,154.53779601902812,151.37136349671525,153.89078059336344,81378700
2022-07-29,159.31195068359375,160.40992030893383,156.36119003723385,158.06695385906744,101786900
2022-08-01,158.33164978027344,160.37071938994356,157.72385550686172,157.84148924790597,67829400
2022-08-02,156.86111450195312,159.21389322725332,156.4886027966237,156.94935473605096,59907000
2022-08-03,162.86073303222656,163.31167231688755,157.58660124880873,157.67482654904526,82507500
2022-08-04,162.5469970703125,163.89984462441896,161.19414951620604,162.7430582477967,55474100
2022-08-05,162.3212127685547,162.81205403488926,160.01425282506756,160.22041274781424,56697000
2022-08-08,161.85003662109375,164.73618641729826,161.19231095001098,163.32256080452132,60276900
2022-08-09,161.8990936279297,162.78261696114208,160.25968547297944,161.0155852740051,63135500
2022-08-10,166.1399383544922,166.23809760904007,163.8427901046544,164.60850119483868,70170500
2022-08-11,165.40370178222656,167.85790820975464,165.10919401506573,166.9449356294848,57149200
2022-08-12,168.9475860595703,169.01629605421468,166.29703098384923,166.70935086886797,68039400
2022-08-15,170.01760864257812,170.21394216296972,168.21131628811554,168.3782005294128,54091700
2022-08-16,169.86053466796875,170.52808660786044,168.51563433427114,169.61511402434292,56377100
2022-08-17,171.3527069091797,172.92339013736907,169.4089794863745,169.60531301748716,79542000
2022-08-18,170.96006774902344,171.69632990983627,169.9489355798505,170.56740058830673,62290100
2022-08-19,168.3782196044922,170.55755638009072,168.17205964818893,169.86055507755876,70346300
2022-08-22,164.50054931640625,166.74859572706774,164.0784180378036,166.58171149389958,69026800
2022-08-23,164.1667938232422,165.61969500518398,163.597416059393,164.0195474098714,54147100
2022-08-24,164.46127319335938,165.03065085876125,163.20472075222654,164.2551282502834,53841500
2022-08-25,166.91549682617188,167.0234825149317,165.26627719342727,165.68839353539587,51218200
2022-08-26,160.62294006347656,167.9168512892463,160.56404149028532,167.44564772442519,78961000
2022-08-29,158.4239501953125,159.91609703205498,156.89252766433086,158.19815240165843,73314000
2022-08-30,155.99916076660156,159.58229569538483,154.83095626158936,159.1601794345339,77906200
2022-08-31,154.34011840820312,157.63857209111154,154.261582013457,157.37351363125413,87991100
2022-09-01,155.0666046142578,155.51817026416148,151.836860169279,153.77077627080038,74229900
2022-09-02,152.95594787597656,157.42260624530542,152.1313381712874,156.8237793213389,76957800
2022-09-06,151.6993865966797,154.2124912520568,150.8747769402501,153.60385293125665,73714800
2022-09-07,153.1032257080078,153.80021196934476,150.79626559392008,151.9841081371773,87449600
2022-09-08,151.63072204589844,153.4959132532277,149.88331299426738,151.80741774838046,84923800
2022-09-09,154.4873809814453,154.92915012061422,151.91537744584716,152.62219009337275,68028800
2022-09-12,160.4363555908203,161.25115382171967,156.3820172588061,156.66669857838036,104956000
2022-09-13,151.02206420898438,157.59933535695706,150.56067213786505,156.97105902298662,122656600
2022-09-14,152.46511840820312,154.22233860679495,150.79626102566698,151.95463927472932,87965400
2022-09-15,149.57896423339844,152.39640331677907,148.6071081028978,151.81719923234522,90481100
2022-09-16,147.9395294189453,148.57763194380593,145.6522077108374,148.44019701186863,162278800
2022-09-19,151.65029907226562,151.72883546494634,146.36885773323408,146.57500265714634,81474200
2022-09-20,154.0260009765625,155.18439428665013,150.27598106267698,150.59011171978128,107689800
2022-09-21,150.90426635742188,155.8323177224437,150.78646922639234,154.45795295017905,101696800
2022-09-22,149.9422149658203,151.64052177438083,148.14573389948876,149.58880860884872,86652500
2022-09-23,147.67449951171875,148.6954577569954,145.83875792782328,148.42058784002563,96029900
2022-09-26,148.00827026367188,150.95331767501642,146.898964278694,146.91860212230296,93339400
2022-09-27,148.9801788330078,151.88596656060932,147.20333533190674,149.94223877822546,84442700
2022-09-28,147.0953369140625,147.88068609523327,142.18692325585735,144.93563790031018,146691400
2022-09-29,139.87013244628906,144.03247205665744,138.1031007730531,143.42383363893248,128138200
2022-09-30,135.66851806640625,140.4787712884576,135.47218456289696,138.69210195416497,124925300
2022-10-03,139.84071350097656,140.44936703001858,135.16790871082608,135.67838796700266,114311700
2022-10-04,143.42381286621094,143.541609967603,141.61750576224773,142.37340544784647,87830100
2022-10-05,143.7183380126953,144.68039782185656,140.39043433471556,141.43103055560152,79471000
2022-10-06,142.76609802246094,144.83744897574383,142.55995305808347,143.13914221609966,68402200
2022-10-07,137.52394104003906,140.47881588020488,136.89566464180587,139.9290609248713,85925600
2022-10-10,137.84786987304688,139.29094450363405,136.03176603772727,137.84786987304688,74899000
2022-10-11,136.43423461914062,138.76083241469453,135.68816128454225,137.33738075448184,77033700
2022-10-12,135.8059539794922,137.78895683135124,135.6292583188671,136.58149154588781,70433700
2022-10-13,140.37078857421875,140.95978909716513,131.90867508719168,132.51732843397534,113224000
2022-10-14,135.84524536132812,141.87277603175662,135.65872326737428,141.66661609125816,88598000
2022-10-17,139.80142211914062,140.282437004532,137.7006219624551,138.48597103526853,85250900
2022-10-18,141.1168670654297,144.0128276023933,138.03438444661543,142.82500010106065,99136600
2022-10-19,141.22483825683594,142.2948685353432,138.9080670690917,139.09458913180654,61758300
2022-10-20,140.7634735107422,143.21768011702426,140.0370229627389,140.40025572638473,64522000
2022-10-21,144.57240295410156,145.1417806685085,140.03701908535325,140.25299045906925,86548600
2022-10-24,146.71243286132812,147.47814394112922,143.32563155001017,144.49383601206912,75981900
2022-10-25,149.54953002929688,149.69679141311283,146.62411995147127,147.34074408565283,74732300
2022-10-26,146.61428833007812,149.20592954793565,145.32827166402765,148.19479776463467,88194300
2022-10-27,142.14761352539062,146.31976369631963,141.48988811948774,145.35771914522275,109180200
2022-10-28,152.8872528076172,154.61500878306214,145.11232844918345,145.4853576495381,164762400
2022-10-31,150.5312042236328,151.4147275390832,149.13721674827332,150.35450854811523,97943200
2022-11-01,147.8905029296875,152.60258320946681,146.39835590820144,152.2393653788708,80379300
2022-11-02,142.37342834472656,149.3826416112209,142.34397906464244,146.22162239502856,93604600
2022-11-03,136.33604431152344,140.18423717782827,136.20842081756695,139.45778687425923,97918500
2022-11-04,136.07058715820312,140.28898493787645,132.1373429796548,139.71866273149064,140814800
2022-11-07,136.60157775878906,136.8277351131925,133.40581664759068,134.82178704829124,83374600
2022-11-08,137.1719207763672,139.0697043062685,135.19547054516553,138.06673762400212,89908500
2022-11-09,132.619140625,136.23773265765962,132.34381476431366,136.18856411022261,74917800
2022-11-10,144.41888427734375,144.41888427734375,137.17188688278108,138.88285345399055,118854000
2022-11-11,147.20166015625,147.50648417895965,141.96061049585242,143.38642351170455,93979700
2022-11-14,145.8053741455078,147.77199641885335,144.96955367768106,146.48386123047396,73374100
2022-11-15,147.5359649658203,151.0267217594032,146.0806689942232,149.6795905900005,89868300
2022-11-16,146.3068389892578,147.36881668355312,144.83187247009243,146.6411761367448,64218300
2022-11-17,148.20468139648438,148.95199258833983,143.71094152135223,143.98626748699053,80389400
2022-11-18,148.76510620117188,150.15157823399846,147.4671435564981,149.7680875657841,74829600
2022-11-21,145.53985595703125,147.86047052115927,145.25470236836378,147.65398361312236,58724100
2022-11-22,147.6736297607422,147.90962978782017,144.47786920588229,145.65785433713793,51804100
2022-11-23,148.548828125,149.29613922514196,146.84768896962234,146.95585380028717,58301400
2022-11-25,145.63819885253906,146.3953525551104,144.66471552066162,145.8348580598712,35195900
2022-11-28,141.81312561035156,144.19273663104678,140.98714790150922,142.71777000634125,69246000
2022-11-29,138.81402587890625,142.39327767480953,138.007718580844,141.8819517027843,83763800
2022-11-30,145.55953979492188,146.23802684928043,138.2043770255708,139.04018245155586,111380900
2022-12-01,145.8348846435547,146.64120704597443,144.16325857031342,145.73656252403373,71250400
2022-12-02,145.34323120117188,145.53006273642814,143.21927533321448,143.52411441944975,65447400
2022-12-05,144.1829071044922,148.4013049961633,143.33725898348703,145.3038811249747,68826400
2022-12-06,140.5249786376953,144.84171332835018,139.55149534602168,144.61555599946504,64727200
2022-12-07,138.58787536621094,140.97731424983792,137.66356048798676,139.8170142991394,69721100
2022-12-08,140.26930236816406,141.1247931057231,138.7451823842777,139.98414879173407,62128300
2022-12-09,139.7874755859375,143.14056922258405,138.54849429856367,139.9644643389149,76097000
2022-12-12,142.07861328125,142.0884409898644,138.7058487137347,140.31847817047847,70462700
2022-12-13,143.0422821044922,147.46718252429508,141.8328135242381,147.00502505789572,93886200
2022-12-14,140.82000732421875,144.2124280542218,138.80421630941913,142.9242927483946,82291200
2022-12-15,134.2219696044922,139.43352160827794,133.7598121718234,138.75503452609877,98931900
2022-12-16,132.26516723632812,135.35276341025192,131.49818579850947,134.40879318099954,160156900
2022-12-19,130.160888671875,132.94366095306307,129.12842399506934,132.85516655290323,79592600
2022-12-20,130.09205627441406,131.0261987808424,127.72227301817315,129.19723960857664,77432800
2022-12-21,133.18948364257812,134.52678732015247,130.5345467103143,130.76070405901197,85928000
2022-12-22,130.02320861816406,132.31432503613755,128.1254256005218,132.10783812958184,77852100
2022-12-23,129.65939331054688,130.21004508793624,127.47644161865645,128.73507853958517,63814900
2022-12-27,127.85994720458984,129.2169213883547,126.57181200307966,129.1874232542848,69007800
2022-12-28,123.93653869628906,128.8432592520272,123.76937760067855,127.50595548300566,85438400
2022-12-29,127.44696807861328,128.30244404039559,125.59834568207035,125.8540011982905,75703700
2022-12-30,127.76162719726562,127.78129762399215,125.30335650339804,126.2670048571161,77034200
2023-01-03,122.98272705078125,128.7154254385632,122.0977455022682,128.1057773178633,112117500
2023-01-04,124.2511978149414,126.51281646624362,122.99256074022561,124.77235152537197,89113600
2023-01-05,122.93354797363281,125.63765344479737,122.67789249421179,125.0083349534918,80962700
2023-01-06,127.456787109375,128.11560378272642,122.80572954739813,123.90704074173942,87754700
2023-01-09,127.97793579101562,131.18353963295718,127.72228030225448,128.29260255023266,70790800
2023-01-10,128.5482635498047,129.06941726347972,125.98182082594903,128.08610610497774,63896200
2023-01-11,131.2622528076172,131.2819082339263,128.28282027028612,129.05962972547783,69458900
2023-01-12,131.1835174560547,132.0193227611732,129.24639368399414,131.64567480294028,71379600
2023-01-13,132.51097106933594,132.66830441383743,129.4627162913207,129.82653652186355,57809700
2023-01-17,133.6713104248047,134.99877137842552,131.89151977321038,132.5798345273993,63646600
2023-01-18,132.95350646972656,136.2967583598761,132.77650266153844,134.53663801277594,69672800
2023-01-19,133.0124969482422,133.9761376268957,131.53753029546903,131.84235433638028,58280400
2023-01-20,135.569091796875,135.71659745917918,131.98001240951498,133.02231973826562,80223600
2023-01-23,138.75503540039062,140.92815961902411,135.59860004292767,135.81492969380113,81760300
2023-01-24,140.15133666992188,140.77082749424633,137.95855701188813,137.96838472187488,66435100
2023-01-25,139.49252319335938,140.05300275817604,136.49342112366645,138.53871015801215,65799300
2023-01-26,141.55746459960938,141.8426182007582,139.53183124401355,140.78064047196506,54105100
2023-01-27,143.4945526123047,144.77285978471076,140.69212554632242,140.77079221891566,70555800
2023-01-30,140.6134796142578,143.12092578303154,140.46598895897412,142.54077586673455,64015300
2023-01-31,141.8819580078125,141.93112656571586,139.90550801485074,140.31849689379183,65874500
2023-02-01,143.0029296875,144.16324461699494,138.961535368266,141.56730384751015,77663600
2023-02-02,148.30300903320312,148.6569866770964,145.69722523392414,146.41503824093917,118339000
2023-02-03,151.9215850830078,154.75352622762708,145.3629009773319,145.5595602225663,154357300
2023-02-06,149.19781494140625,150.54496158543438,148.26367223482333,150.0238078121574,69858300
2023-02-07,152.0690460205078,152.63936822302708,148.12597415973434,148.12597415973434,83322600
2023-02-08,149.3846435546875,152.00025508514892,148.6471601159277,151.31194020980092,64120100
2023-02-09,148.35215759277344,151.75442098443708,147.90967054867934,151.21359681759392,56007100
2023-02-10,148.7165069580078,149.0414968354293,146.95369947058745,147.1900598433605,57450700
2023-02-13,151.51339721679688,151.91715888947925,148.62788900472555,148.65743217523777,62199000
2023-02-14,150.87327575683594,151.4346261088162,148.568818055862,149.80967642706798,61707600
2023-02-15,152.970947265625,153.13836360909013,150.5581593331422,150.7846620299423,65573800
2023-02-16,151.37554931640625,153.9557534849536,151.02101618410566,151.17857477742453,68167900
2023-02-17,150.23312377929688,150.6762863218937,148.55894582557343,150.03616431892533,59144100
2023-02-21,146.22494506835938,149.00212332766463,146.15601601247863,147.91882364629484,58867200
2023-02-22,146.6484375,147.67263591965713,144.9250155718982,146.60903658364012,51011300
2023-02-23,147.1309814453125,148.05670759936388,145.00379786650186,147.8105044744373,48394200
2023-02-24,144.4818572998047,144.9545631210652,143.5068874555982,144.87577631301392,55469600
2023-02-27,145.6734619140625,146.90447752822308,145.21059884097443,145.46665970602933,44998500
2023-02-28,145.17123413085938,146.81586942805245,144.60004099931746,144.81670098117985,50547000
2023-03-01,143.10305786132812,144.9938954752606,142.80761119698582,144.59997660749858,55479000
2023-03-02,143.69395446777344,144.4818072483105,141.71447229045577,142.18719297500317,52238100
2023-03-03,148.7362060546875,148.8149928448926,145.0924034132026,145.79161175732688,70732300
2023-03-06,151.4936981201172,153.92618602775224,151.1293223291666,151.4542972077173,87558000
2023-03-07,149.29754638671875,151.69063299374776,148.83468341689917,151.3656431408717,56182000
2023-03-08,150.5482940673828,151.1391876253047,149.52409559763862,150.4892077170001,47204800
2023-03-09,148.30291748046875,152.19292402611515,147.94838436334126,151.22781194000862,53833600
2023-03-10,146.24465942382812,148.64760438030467,145.3681768808884,147.92869544727571,68572400
2023-03-13,148.1846923828125,150.81413914374863,145.45675839142748,145.56508833410462,84457100
2023-03-14,150.27255249023438,151.07024829967136,147.8203787096759,148.98245037600438,73695900
2023-03-15,150.6664581298828,150.92250395033966,147.64307677577528,148.8937927615987,77167900
2023-03-16,153.4830322265625,154.08376844517147,149.33696504123728,149.84907174243986,76161100
2023-03-17,152.6459197998047,154.35949876084172,151.93685367986137,153.70951897971963,98944600
2023-03-20,155.0094451904297,155.4230795673691,151.80880531492744,152.7148458265595,73641400
2023-03-21,156.86093139648438,156.9791040860205,154.16253977805687,154.93070734117964,73938300
2023-03-22,155.43292236328125,159.67746084227036,155.41322191031108,156.8805976022137,75701800
2023-03-23,156.5162353515625,159.0964541870748,155.28521978995877,156.41776312286146,67622100
2023-03-24,157.81619262695312,157.90482213956633,155.45264879499626,156.44730394409444,59196500
2023-03-27,155.8761444091797,158.32833330749588,155.47236761782167,157.51093700805714,52390300
2023-03-28,155.25567626953125,156.0829301456233,153.6110412861723,155.57082346557496,45992200
2023-03-29,158.32830810546875,158.60405440029712,156.92987617396892,156.94956160428092,51305700
2023-03-30,159.8941650390625,160.0024950198449,158.8207229739758,159.07676882534926,49501700
2023-03-31,162.3955841064453,162.49407137264149,159.4510041879724,159.97295363930863,68749800
2023-04-03,163.6462860107422,163.76445869825218,161.7259047034759,161.77514833228696,56976200
2023-04-04,163.11444091796875,164.30605520216943,162.60233439332404,164.0697099039033,46278300
2023-04-05,161.2728729248047,162.54328933366952,159.34264903941414,162.2379998945446,51511700
2023-04-06,162.15924072265625,162.45468749786315,159.53963569062748,159.96309788102116,45390100
2023-04-10,159.5691680908203,159.5691680908203,157.6487867222166,158.96843186504725,47716900
2023-04-11,158.35784912109375,159.89415417908276,158.07224508795338,159.88431146406083,47644200
2023-04-12,157.66848754882812,159.59871163720814,157.35334033527027,158.77147274218814,50133100
2023-04-13,163.04554748535156,163.28190788405584,158.96842452673738,159.1752417539843,68445600
2023-04-14,162.7008514404297,163.79399372639534,161.33196290458474,162.09025757823102,49386500
2023-04-17,162.72055053710938,162.8781241294329,161.53877864877254,162.5826774005875,41516200
2023-04-18,163.94171142578125,164.86743742961687,163.13415809407996,163.57733566867122,49923000
2023-04-19,165.0841064453125,165.60605581206516,163.0258371209191,163.28189796071484,47720200
2023-04-20,164.1189727783203,165.3204450523275,163.04553091898333,163.56748026442403,52456400
2023-04-21,162.5137481689453,163.9220227028112,161.991798793606,162.5432913390932,58337300
2023-04-24,162.81906127929688,163.08496487632468,161.400928797878,162.49407133338445,41949600
2023-04-25,161.28274536132812,163.78416246885476,161.24334444666383,162.68117729099055,48714100
2023-04-26,161.2728729248047,162.76979197769046,160.32746143764658,160.58350725145092,45498800
2023-04-27,165.85226440429688,165.9999802574992,162.6811671878293,162.6811671878293,64902300
2023-04-28,167.1029510498047,167.2703823718156,165.33030085507355,165.93103698503495,55275900
2023-05-01,167.0143280029297,167.86126725124362,166.07875924686118,166.70903856930101,52472900
2023-05-02,165.9802703857422,167.76279339985444,164.99545801480568,167.50673256610264,48425700
2023-05-03,164.90684509277344,168.32414556576836,164.6212560883793,166.925713661642,65136000
2023-05-04,163.2720489501953,164.50306450874902,161.81453073644045,162.3857237588548,81235400
2023-05-05,170.93394470214844,171.6528537535889,168.16660843856448,168.38326843111625,113453200
2023-05-08,170.86495971679688,171.20965008439242,169.49607101524845,169.86044681233003,55962800
2023-05-09,169.16123962402344,170.9043468501181,168.993823309898,170.42179836441701,45326900
2023-05-10,170.92401123046875,171.3868741888453,169.28921929352364,170.3922192288459,53724500
2023-05-11,171.1111602783203,171.93839911576495,169.5551548305296,171.20964753246403,49514700
2023-05-12,170.1841583251953,171.653548851867,168.6358569767775,171.21962961924467,45533100
2023-05-15,169.69107055664062,170.81530899814229,169.09935977781652,170.7659972586019,37266700
2023-05-16,169.69107055664062,170.74626955321972,169.42479920138675,169.61217478294208,42110300
2023-05-17,170.30252075195312,170.53919306240596,168.06389984598047,169.33607370599472,57951600
2023-05-18,172.62986755371094,172.81724313624747,170.19401507639674,170.60820660461047,65496700
2023-05-19,172.7383575439453,173.95134816577144,172.5213979143073,173.95134816577144,55809500
2023-05-22,171.79164123535156,172.2945999966471,171.05201016081833,171.5746815829952,43570900
2023-05-23,169.1881103515625,170.9829553293692,168.9119826700276,170.7364116817252,50747300
2023-05-24,169.4642333984375,170.03621645106807,168.16249079935005,168.7246024757336,45143500
2023-05-25,170.59832763671875,171.49573497151061,169.31629781123684,170.02634463618594,56058300
2023-05-26,173.00460815429688,173.33991896491864,170.71669083708804,170.92379413047703,54835000
2023-05-30,174.84877014160156,176.51540772383512,174.1288668535482,174.51347436884586,55964400
2023-05-31,174.7994842529297,176.870457363353,174.31625318107535,174.87838004309978,99625300
2023-06-01,177.6001434326172,177.6297274606824,174.4838287285775,175.24318722718178,68901800
2023-06-02,178.4482879638672,179.2668146743205,176.78165050926717,178.52718373632618,61996900
2023-06-05,177.09722900390625,182.39298156722955,175.57851175717974,180.10506441660397,121946500
2023-06-06,176.7323455810547,177.62975297431,174.97694105936182,177.4818328127375,64848400
2023-06-07,175.361572265625,178.70470351330488,174.8684849721747,175.97299569419778,61944600
2023-06-08,178.0735321044922,178.33978837820231,175.00652888652115,175.44043301517675,50214900
2023-06-09,178.4581756591797,179.71060666093933,178.13273621096323,178.99070336218668,48900000
2023-06-12,181.2490234375,181.34764691680866,178.468018885392,178.7638742754878,54274900
2023-06-13,180.775634765625,181.6040176863898,179.917667815392,180.27269121683804,54929100
2023-06-14,181.4068145751953,181.84073380664427,179.50350482104812,180.83483150172444,57462900
2023-06-15,183.43832397460938,183.94128262941163,181.23915892536104,181.41667817053525,65433200
2023-06-16,182.3634033203125,184.40479194393566,181.72239585614398,184.14837692000424,101256200
2023-06-20,182.4521484375,183.52709013546678,181.8604527350327,181.8604527350327,49799100
2023-06-21,181.4167022705078,182.84665255889604,180.06563271508736,182.34369383727915,49515700
2023-06-22,184.41465759277344,184.46396933431626,181.13069423738702,181.19973368511316,51245300
2023-06-23,184.0990753173828,184.96691381940127,182.45216546765664,182.98470820219737,53117000
2023-06-26,182.70855712890625,185.45012108460458,182.66910172140945,184.24698696904443,48088700
2023-06-27,185.4600067138672,185.78544616190248,183.10304984582174,183.32000947784528,50730800
2023-06-28,186.63357543945312,187.27458302156515,185.00639308619472,185.33181751858015,51216800
2023-06-29,186.96884155273438,187.4422162021352,186.32783407243755,186.4658979165552,46347300
2023-06-30,191.28829956054688,191.79124321876165,188.61575961709715,188.98065447297634,85213200
2023-07-03,189.7991943359375,191.19956064074086,189.10885998965753,191.10093714903454,31458200
2023-07-05,188.68479919433594,190.31198136153697,187.98460856583768,188.92148652956726,46920300
2023-07-06,189.1581573486328,189.36526064633148,186.5842409083175,187.21539208287066,45094300
2023-07-07,188.04376220703125,190.0062550438309,187.60985803081866,188.7636804868427,46815000
2023-07-10,186.0023956298828,187.36332142042107,184.4540942539423,186.6434031135775,59922200
2023-07-11,185.47970581054688,186.68283993061024,184.02017173211044,186.5447760995126,46638100
2023-07-12,187.14634704589844,189.04965668897157,185.864317131752,187.0575799007695,60750200
2023-07-13,187.9056854248047,188.5467078881079,187.15619821079162,187.86624506525828,41342300
2023-07-14,188.05364990234375,188.53686585918993,187.00830716161786,187.6000029338883,41616200
2023-07-17,191.30804443359375,191.63348390558141,189.15817566199323,189.24692777767194,50520200
2023-07-18,191.05160522460938,191.64331601668746,189.75971887799713,190.6768691009351,48288200
2023-07-19,192.4026641845703,195.48938034906212,189.9865244553515,190.4303150490968,80507300
2023-07-20,190.4599151611328,193.7537348839622,189.8386203157028,192.39280905028917,59581200
2023-07-21,189.28634643554688,192.2744541324422,188.58615588066942,191.4164870851642,71951700
2023-07-24,190.08517456054688,192.2153155367517,189.59208720760122,190.73605347791477,45377800
2023-07-25,190.943115234375,191.75178560391285,190.2527960456413,190.65713123041024,37283200
2023-07-26,191.81097412109375,192.93521264770516,190.64729522856234,190.9924473358141,47471900
2023-07-27,190.5486602783203,194.47363103189025,189.8879250921341,193.3099522093675,47460200
2023-07-28,193.12257385253906,193.91151654263126,191.4559363697747,191.97860770429688,48291400
2023-07-31,193.7340087890625,193.77346420221568,192.56045853696887,193.34940127389015,38824100
2023-08-01,192.9056396484375,194.01015053136803,192.58020018161,193.52693454400202,35175100
2023-08-02,189.91751098632812,192.48155598125388,189.19760772385698,192.3434921357412,50389300
2023-08-03,188.52699279785156,189.7103992851957,188.05363321247987,188.92147165885288,61235200
2023-08-04,179.4739532470703,184.78943469803295,179.40491378965757,182.95514900922737,115956800
2023-08-07,176.37733459472656,180.59816071157974,174.89807268327345,179.6119861039443,97576100
2023-08-08,177.314208984375,177.77771228390873,175.12490000933562,177.20572916857282,67823000
2023-08-09,175.72645568847656,178.42856448196,174.56276182695083,178.3693964131728,60378500
2023-08-10,175.5094757080078,178.25103959448677,175.1445959609342,176.99859377509202,54686900
2023-08-11,175.56874084472656,176.3883728930982,174.34424265962002,175.10462674008653,52036700
2023-08-14,177.21788024902344,177.44500246999712,175.09473274674426,175.74649049543365,43675600
2023-08-15,175.2329864501953,177.23762299403361,174.8379899652799,176.6451282666605,43622600
2023-08-16,174.36398315429688,176.30935657463468,174.29485048513217,174.9169842350172,46964900
2023-08-17,171.82611083984375,175.29225282363015,171.31260330101006,174.92688028330798,66062900
2023-08-18,172.3099822998047,172.91236175457905,169.81159252872837,170.14734105941557,61172200
2023-08-21,173.64312744140625,173.92951274494206,171.56937297444222,172.88275833759562,46311900
2023-08-22,175.01576232910156,175.46013721394584,174.04801023595033,174.8478880423005,42038900
2023-08-23,178.8571319580078,179.28176749229362,176.1019960768648,176.28962468028294,52722800
2023-08-24,174.1763916015625,178.8374232276998,173.8110039705464,178.4127876208845,54945800
2023-08-25,176.3784942626953,176.91174101480664,173.62335841851225,175.16386577811136,51449600
2023-08-28,177.93878173828125,178.33377827348758,176.31927183489213,177.8400250704037,43820700
2023-08-29,181.81964111328125,182.58989476243158,177.25736718090633,177.4548654120463,53003900
2023-08-30,185.3055877685547,185.503101122087,182.43195531976062,182.62945360513962,60813900
2023-08-31,185.52279663085938,186.75717945843076,185.1376697913831,185.49317264844964,60794500
2023-09-01,187.0929718017578,187.54721631397274,185.92770639795236,187.12259578872172,45766500
2023-09-05,187.32992553710938,187.60642607121574,185.26604116890505,185.92766852324166,45280000
2023-09-06,180.6248016357422,186.49059214043663,179.20278998997966,186.0462022000218,81755800
2023-09-07,175.3415985107422,175.98348658181322,171.37181936653653,172.9913289322691,112488800
2023-09-08,175.95387268066406,177.98814840122637,175.56874581023814,176.12176201867752,65551300
2023-09-11,177.11912536621094,178.0473836718388,175.1243584797436,177.82026144859472,58953100
2023-09-12,174.0973663330078,177.87951732730735,172.6358612060169,177.24751388848827,90370200
2023-09-13,172.0334930419922,175.0848841389881,171.80635572558617,174.30474566083996,84267900
2023-09-14,173.54437255859375,173.89987544974738,171.41135521167203,171.82610607332606,60895800
2023-09-15,172.823486328125,174.29487626046748,171.64836639188815,174.27512191376346,109259500
2023-09-18,175.7465057373047,177.13889330258442,173.96899129951683,174.27511585610648,67257600
2023-09-19,176.832763671875,177.38576479928514,174.91699900323943,175.30212586469654,51826900
2023-09-20,173.29750061035156,177.45489404541186,173.20861358406935,177.0203888259045,58436200
2023-09-21,171.75697326660156,174.09737357666756,171.68785565712008,172.36923745366522,63149100
2023-09-22,172.60623168945312,174.8676297137013,171.87548661966315,172.48773574692532,56725400
2023-09-25,173.88009643554688,174.75897636563758,171.97420160197885,172.02357992644104,46172700
2023-09-26,169.81161499023438,173.01112622988728,169.5153600429677,172.63588402695854,64588900
2023-09-27,168.3007049560547,170.87809720821267,166.93795639924983,170.4633463371719,66921800
2023-09-28,168.55743408203125,169.88068876106084,165.52578284422083,167.22429469748067,56294400
2023-09-29,169.07095336914062,170.90771561508154,168.21181267677895,169.870831028669,51861100
2023-10-02,171.5792236328125,172.12235512412923,168.79444856905252,169.0808338409062,52164500
2023-10-03,170.24607849121094,171.46072207785286,168.6858318118607,170.1078282132375,49594600
2023-10-04,171.49034118652344,172.03347264460572,168.83394692911625,168.95244285882518,53020300
2023-10-05,172.72474670410156,173.25799352598938,170.52259660006877,171.6187292983148,48527900
2023-10-06,175.27252197265625,175.76627518846593,171.01635659512883,171.62862082907643,57266700
2023-10-09,176.75375366210938,176.81300162773064,173.60360623261292,174.60098214625398,42390800
2023-10-10,176.1612548828125,177.47464011941017,175.72674968355904,175.8748846750232,43698000
2023-10-11,177.5536346435547,177.60301297187604,175.3811238107674,175.9736185461729,47551100
2023-10-12,178.4522705078125,180.06189553412176,176.80312172309905,177.82026707710477,56743100
2023-10-13,176.61550903320312,179.6570151987734,175.91437292525092,179.1533924067404,51427100
2023-10-16,176.4871368408203,176.84263973108403,174.3047411678942,174.54174811745375,52517000
2023-10-17,174.936767578125,176.19090503163542,172.61613638208402,174.4430143362244,57549400
2023-10-18,173.64312744140625,175.36139405816417,172.92225196490105,173.38638119353993,54764400
2023-10-19,173.26788330078125,175.6181383369893,173.0012523479638,173.84062376512662,59302900
2023-10-20,170.72007751464844,173.22833664495803,170.4830706009531,173.1197103596996,64244000
2023-10-23,170.83859252929688,171.8359684831129,167.80694090892598,168.77470794688867,55980100
2023-10-24,171.27308654785156,171.50020876645127,169.3079436842464,170.8879597127696,43816600
2023-10-25,168.9623565673828,170.89786073622298,168.5179666183954,169.73261037900426,57157000
2023-10-26,164.804931640625,169.2388405091802,163.600172706508,168.2414494672427,70625300
2023-10-27,166.11831665039062,166.8490767618186,164.7456834493569,164.82468576422622,58499100
2023-10-30,168.1624755859375,169.03148612945668,166.76021816135642,166.90835317753996,51131000
2023-10-31,168.636474609375,168.76484019690602,165.80232095364974,167.23421730907862,44846000
2023-11-01,171.7964630126953,172.0532092124064,167.99455793411695,168.86356825336904,56934900
2023-11-02,175.35154724121094,175.5589151808211,173.26790779511074,173.3271557778565,77334800
2023-11-03,174.44297790527344,174.61086723243213,171.1842192438163,172.06309922812656,79829200
2023-11-06,176.99075317382812,177.18825142381783,174.00849494223715,174.17636920813592,63841300
2023-11-07,179.5484161376953,180.1606652677133,176.7340169447808,176.94138484513783,70530000
2023-11-08,180.6050262451172,181.15802736111343,179.32126504404005,180.07177947416378,49340300
2023-11-09,180.1310577392578,181.8196853547634,179.53854783351557,180.67418930816274,53763500
2023-11-10,184.31365966796875,184.48177017271385,181.47578777634308,181.91086536697577,66133400
2023-11-13,182.73159790039062,183.94782669363863,182.1482051958573,183.74018560328048,43627500
2023-11-14,185.34202575683594,186.0045247766197,184.214786141562,185.5991101996175,60108400
2023-11-15,185.90565490722656,187.3789832148446,185.67823345303117,185.7474572062222,53790500
2023-11-16,187.58665466308594,188.82266388785246,186.5385061665612,187.4482222334322,54412900
2023-11-17,187.56686401367188,188.24914348244,186.4594046371221,188.12059370194675,50922700
2023-11-20,189.30714416503906,189.76200213676566,187.75472463510502,187.76460727588125,46505100
2023-11-21,188.5062255859375,189.37638084971888,187.61630503925363,189.2676114417462,38134500
2023-11-22,189.16873168945312,190.77059476808083,188.69410838615653,189.34672485819107,39617700
2023-11-24,187.84371948242188,188.76330300712377,187.13177703645835,188.73363999587542,24048300
2023-11-27,187.66575622558594,188.53591159550703,186.78571821300812,187.79430602014355,40552600
2023-11-28,188.26890563964844,188.9413024556769,187.2800983304318,187.65584993609482,38415400
2023-11-29,187.2504425048828,189.93999969621768,186.85492560121705,188.76331653900834,43014200
2023-11-30,187.82394409179688,188.18981305356235,186.08364867108205,187.71517468500207,48794400
2023-12-01,189.09951782226562,189.4159283197641,187.11200544734405,188.19969953750024,45704800
2023-12-04,187.30975341796875,187.92282418358675,185.35191925319242,187.85360043262926,43389500
2023-12-05,191.25509643554688,192.2241233156588,188.05135551468544,188.081033613139,66628400
2023-12-06,190.16741943359375,192.58009647341478,189.95976327032974,192.27356863697858,41089700
2023-12-07,192.09561157226562,192.817436726138,191.42321471638212,191.4627754603769,47477700
2023-12-08,193.51950073242188,193.79636559429088,191.50232520965804,192.0263919187675,53406400
2023-12-11,191.0177764892578,191.32431940935732,189.2774811684409,190.94856782781682,60943700
2023-12-12,192.53067016601562,192.54055280703432,189.57413099725628,190.9189094878757,52696900
2023-12-13,195.74427795410156,195.78382360297798,192.6690869899489,192.90639105920806,70404200
2023-12-14,195.89260864257812,197.38570218691584,193.96443748585023,195.80361960949875,66831600
2023-12-15,195.35867309570312,196.1793699091571,194.79504567055722,195.3191123528845,128538400
2023-12-18,193.69747924804688,194.42920214917604,192.21426816132805,193.89523770867535,55751900
2023-12-19,194.7357177734375,194.7456004150459,193.69746706046115,193.96444926391277,40714100
2023-12-20,192.64932250976562,195.46741418063525,192.64932250976562,194.69614571593394,52242800
2023-12-21,192.50099182128906,194.87413831888384,191.33420648650613,193.90511142023345,46482500
2023-12-22,191.43310546875,193.2228443252002,190.81015202156473,192.9954077755279,37149600
2023-12-26,190.8892364501953,191.71983089218512,190.67169765519787,191.4429660781885,28919300
2023-12-27,190.98814392089844,191.33423254727063,188.95120308408815,190.3355425015734,48087700
2023-12-28,191.41331481933594,192.48122849088116,191.00790021395272,191.96704448132198,34049900
2023-12-29,190.37509155273438,192.22415660179112,189.58404259835586,191.72975289130503,42672100
2024-01-02,183.56216430664062,186.3308274284663,181.83175174149957,185.05525771688224,82488700
2024-01-03,182.18775939941406,183.79952025374087,181.37693010719954,182.15809638511382,58414500
2024-01-04,179.87391662597656,181.04070184894312,178.85544644389557,180.11122069139344,71983600
2024-01-05,179.152099609375,180.7144169560074,178.15340966673114,179.95304619735901,62379700
2024-01-08,183.48309326171875,183.52265400582175,179.46853775144191,180.05193047893468,59144500
2024-01-09,183.0677947998047,183.07767744176536,180.68476543102267,181.8614486084712,42841800
2024-01-10,184.1060333251953,184.31367440860302,181.8614365329183,182.2866315170422,46792900
2024-01-11,183.51271057128906,184.95637561143621,181.56475932944636,184.4520743217413,49128400
2024-01-12,183.83908081054688,184.6499101684802,183.11725559073133,183.9775132511691,40477800
2024-01-16,181.57467651367188,182.19761480887055,178.90488492167398,180.1211286782067,65603000
2024-01-17,180.6352996826172,180.88250149305736,178.2819487070673,179.24109293861534,47317400
2024-01-18,186.51870727539062,187.0229935165519,183.75004409317066,184.00712853391946,78005800
2024-01-19,189.41590881347656,189.80154302609114,186.7065866846462,187.21087293560348,68903000
2024-01-22,191.7198486328125,193.14373357255337,190.10808789018887,190.14764863184953,60133900
2024-01-23,192.9954071044922,193.55903452389106,191.66052626402544,192.83720939883855,42355600
2024-01-24,192.32302856445312,194.18199120084623,192.16481576816378,193.23272951111284,53631300
2024-01-25,191.99671936035156,194.07322080915367,190.94858599423335,193.03497008475262,54822100
2024-01-26,190.2662811279297,192.5800863732271,189.7916578927919,192.09558049769083,44594000
2024-01-29,189.58399963378906,190.04874022336423,187.45807019569023,189.86086444187634,47145600
2024-01-30,185.93533325195312,189.65325866018404,185.37172089064353,188.80288370915284,55859400
2024-01-31,182.3360595703125,185.00585134318092,182.28663127585358,184.94651023142666,55467800
2024-02-01,184.76852416992188,184.857513201702,181.7625567551165,181.93065217781273,64885400
2024-02-02,183.76986694335938,185.23329771545795,177.2437318686429,177.84690500460306,102551700
2024-02-05,185.579345703125,187.1317803970082,183.75994390321247,186.0440863383638,69668800
2024-02-06,187.18124389648438,187.1911265388062,184.67956238073768,184.76855142564483,43490800
2024-02-07,187.2899932861328,188.91163664571195,186.49894443287428,188.50622203381667,53439000
2024-02-08,186.21221923828125,187.41855040104747,185.25307484073457,187.27023532431497,40962000
2024-02-09,186.9745635986328,188.10324181676,186.1329987846296,186.77653768433356,45155200
2024-02-12,185.29141235351562,186.796321504533,184.9349868995182,186.54880424779185,41781900
2024-02-13,183.20237731933594,184.36077144619387,181.68757282391297,183.92513863049606,56529500
2024-02-14,182.3212127685547,183.6875129162611,180.62820312290157,183.4796068721132,54630500
2024-02-15,182.03408813476562,182.65783644316613,179.5490203671251,181.72716915991907,65434500
2024-02-16,180.4994659423828,183.01424950876478,179.8658224253954,181.59844306951368,49752500
2024-02-20,179.7569580078125,180.6183133605895,178.2124525032785,179.98466968931257,53665600
2024-02-21,180.5093994140625,181.0737309260645,178.86588113831095,180.13316833455778,41371400
2024-02-22,182.53903198242188,183.1231842228548,180.64801151557128,181.65787110291916,52292200
2024-02-23,180.7073974609375,183.20236045475278,180.4202689919066,183.1726595934398,45119700
2024-02-26,179.3609161376953,180.9450175834942,178.85597124394113,180.43019254491847,40867400
2024-02-27,180.8163299560547,182.09351248592515,177.77681047698752,179.30152539649055,54318900
2024-02-28,179.6183319091797,181.30144633523983,178.34114943443706,180.69750358801915,48953900
2024-02-29,178.95497131347656,180.75690414056305,177.74708592784262,179.46981142225187,136682600
2024-03-01,177.87582397460938,178.7371792855814,175.61846756104012,177.76691576574171,73563100
2024-03-04,173.36106872558594,175.14318064223312,172.06406578926712,174.400628974546,81510100
2024-03-05,168.4305419921875,170.33147275577412,167.93550746706842,169.0641855800497,95132400
2024-03-06,167.4404754638672,169.53943215491887,167.00484265804033,169.36121186741923,68587700
2024-03-07,167.3216552734375,169.0344703547855,166.81672553933012,167.47015957545335,71765100
2024-03-08,169.0345001220703,171.97500667784078,167.2622830078253,167.3216847390924,76267000
2024-03-11,171.03443908691406,172.6482565736913,170.34139373001014,171.2225546353428,60139500
2024-03-12,171.50965881347656,172.3017170819102,169.31170429451927,171.43045147590772,59825400
2024-03-13,169.43051147460938,171.4700511814422,169.0641756745517,171.05422401757613,52488700
2024-03-14,171.28195190429688,172.57893998999515,170.34138929390355,171.19284931228447,72913500
2024-03-15,170.90573120117188,170.90573120117188,168.5988682774061,169.47013396047814,121752700
2024-03-18,171.9947967529297,175.94517770513775,171.7967859641753,173.82643054023092,75604200
2024-03-19,174.3313446044922,174.85607994565953,171.31163124958826,172.6086191723699,55215200
2024-03-20,176.89561462402344,176.89561462402344,173.35116602745083,173.97491429018868,53423100
2024-03-21,169.66812133789062,175.72735394947048,169.14338597139206,175.29172116809335,106181300
2024-03-22,170.56910705566406,171.33146450930536,168.37115239719608,170.05426688241553,71160100
2024-03-25,169.1533203125,170.23249206020807,167.76721443821097,168.87610215909345,54288300
2024-03-26,168.02462768554688,169.71763732680742,167.8959138727621,168.31174106723407,57388400
2024-03-27,171.5888671875,171.87599567632833,168.42064920188324,168.71767294274684,60273300
2024-03-28,169.7770538330078,170.51960569647457,168.81668554767697,170.04437673388762,65672700
2024-04-01,168.34146118164062,169.54934678777494,167.79692011211174,169.48994505423667,46240500
2024-04-02,167.1632537841797,167.65828830624176,166.55931106297376,167.40087579338118,49329500
2024-04-03,167.9652099609375,168.98497988400436,166.90584392266877,167.11374996517486,47691700
2024-04-04,167.1434783935547,170.2126836435028,167.1434783935547,168.59886612133832,53704400
2024-04-05,167.8959197998047,168.69787335368648,167.2721714324497,167.90581505219322,42104800
2024-04-08,166.77713012695312,167.51968192191484,166.5692240844266,167.3513719945941,37425500
2024-04-09,167.9850311279297,168.3909631058002,166.6781477036779,167.02466284236104,42373800
2024-04-10,166.11378479003906,167.4107728345435,165.45044033625643,167.12365945587084,49709300
2024-04-11,173.3016815185547,173.7175238179071,166.49001666248702,166.66822184170525,91070300
2024-04-12,174.7967071533203,176.58872985356905,172.47994902506244,172.52944039553972,101670900
2024-04-15,170.9750213623047,174.8758957155582,170.78690583147454,173.6185038309996,73531800
2024-04-16,167.6978759765625,172.03436750787574,166.59889888763496,170.04433444727835,73711200
2024-04-17,166.3315887451172,168.9552655008738,166.3315887451172,167.9256004082147,50901200
2024-04-18,165.38111877441406,166.96523521407434,164.8959946340493,166.36129252101995,43122900
2024-04-19,163.36138916015625,164.74747975255278,162.45052746983075,164.559379327856,68149400
2024-04-22,164.19302368164062,165.59891971474525,163.1336578084027,163.8762094876148,48116400
2024-04-23,165.2425079345703,165.391027347015,163.28217556978177,163.7079130900853,49537800
2024-04-24,167.3414764404297,167.6186945681344,164.55938480415762,164.88609429896647,48251800
2024-04-25,168.2028350830078,168.9156860278579,166.4801094484109,167.84640961058278,50558300
2024-04-26,167.61868286132812,169.63841695172266,167.49986430971396,168.19292468782604,44838400
2024-04-29,171.77699279785156,174.28186646983917,171.38097119165224,171.64827897757164,68169400
2024-04-30,168.63844299316406,173.25216784182598,168.3117184327478,171.6086497890361,65934800
2024-05-01,167.61868286132812,170.9948217396029,167.43056733625505,167.8959009696714,50383100
2024-05-02,171.3116455078125,171.69777183075684,169.19289835753364,170.79680537480178,94214900
2024-05-03,181.5588836669922,185.14292911827533,180.84603267784937,184.7963988764884,163224100
2024-05-06,179.9054718017578,182.37073431535399,178.62827413884693,180.53911545314375,78569700
2024-05-07,180.58859252929688,183.06376520709566,179.51933122687228,181.6281680754234,77305800
2024-05-08,180.9252166748047,181.25194126160505,179.64801918938014,181.0341248704048,45057100
2024-05-09,182.73704528808594,182.82614787366472,180.3014688648197,180.74699689996783,48983000
2024-05-10,181.47796630859375,183.50044009541958,180.56586910059414,183.31206939842306,50759500
2024-05-13,184.6802215576172,185.49318663872077,183.0344740478803,183.84743912898392,72044800
2024-05-14,185.8203125,186.68285108112164,184.69010361608505,185.8996272619275,52393600
2024-05-15,188.09068298339844,189.01268886802714,185.76085876781028,186.2962297111884,70400000
2024-05-16,188.20960998535156,189.458798518541,188.031163125035,188.8342042519463,52845200
2024-05-17,188.2393798828125,189.1713095252472,187.55530322495105,187.8824709799172,41282900
2024-05-20,189.39930725097656,190.27175449259957,187.38674246856843,187.70400151197455,44361300
2024-05-21,190.69808959960938,191.07481584379752,189.28036268210627,189.44890089382775,42309400
2024-05-22,189.26051330566406,191.16403734183464,188.63593413629764,190.6187578068766,34648500
2024-05-23,185.2750701904297,189.35968258649532,185.02721720275102,189.3398501117122,51005900
2024-05-24,188.34841918945312,188.94327235106317,186.4250777783575,187.19839293954828,36327000
2024-05-28,188.35838317871094,191.3425280405038,187.47602704829728,189.86531862155948,52280100
2024-05-29,188.65577697753906,190.59895109353056,187.8824768517226,187.98162409974876,53068000
2024-05-30,189.6471710205078,190.52952698465035,188.99285067972127,189.12172393667825,49889100
2024-05-31,190.59896850585938,190.91622762632966,188.27906791647348,189.79592715782175,75158300
2024-06-03,192.3636474609375,193.31540952983562,190.86662095571478,191.24334718637152,50080500
2024-06-04,192.68092346191406,193.64259428823095,191.3722523931234,192.96842627855952,47471400
2024-06-05,194.18783569335938,195.20898869639487,193.19642383583022,193.7218709101011,54156800
2024-06-06,192.80978393554688,194.81244022862765,192.50244866402238,194.0093990023229,41181800
2024-06-07,195.19911193847656,195.2486855650071,192.47272888451312,192.978343568532,53103900
2024-06-10,191.4614715576172,195.60558138834554,190.49980075281104,195.20900753042525,97010200
2024-06-11,205.3709716796875,205.38089548057218,191.96709351098235,191.98691085726122,172373300
2024-06-12,211.24014282226562,218.30889945026047,205.1231180281253,205.58908283581826,198134300
2024-06-13,212.40008544921875,214.88852380834695,209.782758705521,212.8957913864929,97862700
2024-06-14,210.66514587402344,213.32212283006638,209.48536314811375,212.01346682824212,70122700
2024-06-17,214.80923461914062,217.06965275202606,210.89316027395952,211.53757201804441,93728300
2024-06-18,212.4496612548828,216.75240063817128,211.1707464886947,215.72132373307375,79943300
2024-06-20,207.8792266845703,212.40007736780652,207.0563681724187,212.0927269910851,86172500
2024-06-21,205.70806884765625,210.07027533194446,205.33132746963062,208.58315742215362,241805100
2024-06-24,206.35247802734375,210.87331399723786,204.8157865138524,205.93608683303725,80727000
2024-06-25,207.2744903564453,209.56464939365068,206.8184342324815,207.35378999494392,55549700
2024-06-26,211.41860961914062,213.0147835489249,208.83102368645302,209.68363861405976,66213200
2024-06-27,212.26132202148438,213.88723714823547,210.52635096614495,212.84625148948237,49772700
2024-06-28,208.8112030029297,214.21441082608845,208.49395901051298,213.9169841828714,82542700
2024-07-01,214.8885498046875,215.64201747450758,210.10002805599396,210.26856627972688,60402900
2024-07-02,218.37828063964844,218.4873365423676,213.25268346733495,214.29365375141188,58046200
2024-07-03,219.64730834960938,219.64730834960938,217.14894613859082,218.11061688690268,37369800
2024-07-05,224.3961639404297,224.5052198536283,219.7464397478406,219.7464397478406,60412400
2024-07-08,225.8634796142578,225.89322076278884,221.3327197032473,225.13973799267995,59085900
2024-07-09,226.71607971191406,227.42989753320916,224.4259205051531,225.97252074204383,48076100
2024-07-10,230.97915649414062,231.0783037422216,227.28119408246098,227.3307677065015,62627700
2024-07-11,225.61563110351562,230.39422897123262,223.83108651749725,229.40281699319425,64710600
2024-07-12,228.56008911132812,230.64206011910093,226.71606240173486,226.9540066999144,53046500
2024-07-15,232.386962890625,235.1926606193721,231.0882156126273,234.44910163171727,62631300
2024-07-16,232.80335998535156,234.24090427881208,230.33473879844306,232.98180687397965,43234300
2024-07-17,226.9143829345703,229.47222770464353,224.6936146131452,227.4794799069808,57345900
2024-07-18,222.25473022460938,228.46097889584826,220.36114484151935,228.3023493485251,66034600
2024-07-19,222.3836212158203,224.85224251867803,221.36246807560826,222.88925101284036,49151500
2024-07-22,222.03662109375,225.82380677595344,221.174082433242,225.06041535891617,48201800
2024-07-23,223.07760620117188,224.9910392063895,220.7676144514488,222.44310313331528,39960300
2024-07-24,216.6631622314453,222.86941075843336,215.26528287042115,222.07627816799848,61777600
2024-07-25,215.6221923828125,218.95333716975932,212.77682977395946,217.04981289629316,51391200
2024-07-26,216.08815002441406,217.6050090608147,214.15488466672127,216.8217851678197,41601300
2024-07-29,216.36575317382812,217.41664743865044,213.8971319294418,215.09674706599597,36311800
2024-07-30,216.9209442138672,218.43780333279796,214.26395224147618,217.3075942808937,41643800
2024-07-31,220.17276000976562,221.89782218872546,218.7352157578384,219.53825698895486,50036300
2024-08-01,216.48472595214844,222.55216258005441,215.15623749650504,222.44310665442717,62501000
2024-08-02,217.9718017578125,223.6625110090241,215.84027241148294,217.26789271454797,105568600
2024-08-05,207.47276306152344,211.6664309709882,194.3167235143498,197.38018251460616,119548600
2024-08-06,205.4502716064453,208.18657796978488,199.3431861620261,203.53685401433648,69660500
2024-08-07,208.01806640625,211.80525225793107,204.61751548926864,205.12313014700663,63516400
2024-08-08,211.47808837890625,212.36044444161047,207.0365669160157,211.27980900719393,47161100
2024-08-09,214.38290405273438,214.9182597959333,210.1495712142523,210.2784595957283,42201600
2024-08-12,215.91148376464844,217.87674748817912,213.99585104906322,214.46235526228747,38028100
2024-08-13,219.62364196777344,220.23902400333975,217.38044783379533,217.38044783379533,44155300
2024-08-14,220.0703125,221.37056313371255,218.06533789669703,218.92887503482297,41960600
2024-08-15,223.0479736328125,223.67329096872731,221.10255033510867,222.9288713384501,46414000
2024-08-16,224.36807250976562,225.14226768918678,221.98592068094572,222.25391598005478,44340200
2024-08-19,224.20925903320312,224.30852103873067,221.38045847347976,224.0405257400108,40687800
2024-08-20,224.8246612548828,225.4797542015927,223.7725505409132,224.09017687092657,30299000
2024-08-21,224.7154541015625,226.2836998547364,223.37550792716294,224.83457153469638,34765500
2024-08-22,222.85939025878906,226.64103964823346,222.23407290784718,226.09512887719345,43695300
2024-08-23,225.15220642089844,226.5219434569281,222.66088738350675,223.9809934126029,38677300
2024-08-26,225.4896697998047,225.58893181224732,222.22415556593285,225.07279660900764,30602200
2024-08-27,226.33334350585938,227.14724957253156,223.21670725505913,224.31844891527626,35934600
2024-08-28,224.8048095703125,228.149730282918,224.00082364270057,226.22416240429726,38052200
2024-08-29,228.08023071289062,231.18694665641485,227.17701311839377,228.38793686624163,51906300
2024-08-30,227.29612731933594,228.68570457235603,225.78743262658827,228.4772755570311,52990800
2024-09-03,221.1125030517578,227.29614502733148,219.52440165721936,226.84949624301046,50190600
2024-09-04,219.20677185058594,220.12984491677884,215.86183603349318,220.01074262314262,43840200
2024-09-05,220.7253875732422,223.80231295165626,219.87178579311316,219.9809679444758,36615400
2024-09-06,219.17697143554688,223.5640821152314,218.13478104858405,222.28367202274,48423000
2024-09-09,219.26632690429688,219.6236489368284,215.09757995493325,219.17700018247805,67180000
2024-09-10,218.47225952148438,219.83206111139577,215.1174037589381,217.29111136152258,51591000
2024-09-11,221.00328063964844,221.43007391385896,216.2687680395375,219.81221238330573,44587100
2024-09-12,221.1125030517578,221.88669831664953,218.18445530425632,220.84450772306226,37455600
2024-09-13,220.84449768066406,222.37303270856336,220.25889118684435,221.9164638014437,36766600
2024-09-16,214.71047973632812,215.60377723416104,212.32832783334672,214.92882889414335,59357400
2024-09-17,215.1769561767578,215.2861383219032,212.90400170360138,214.14470101422842,45519300
2024-09-18,219.0479736328125,221.05294820219595,215.92140190435074,215.93133719300198,59894900
2024-09-19,227.16708374023438,228.11002736409566,222.95864123060412,223.31596324984213,66781300
2024-09-20,226.5020751953125,231.3556905514529,225.92638886705737,228.2589097535001,318679900
2024-09-23,224.78492736816406,227.74275012420983,224.12983453268782,225.64844919522082,54146000
2024-09-24,225.67825317382812,227.64353192764617,224.05045616714196,226.94872814757065,43556100
2024-09-25,224.68568420410156,225.59883710649478,222.35317851779175,223.2563961324406,42308700
2024-09-26,225.8271484375,226.79985253593196,223.73284722402752,225.608784129346,36636700
2024-09-27,226.09512329101562,227.81226214161182,225.6087788258606,226.7601514881057,34026000
2024-09-30,231.26634216308594,231.26634216308594,227.94126208675945,228.32835965023514,54541900
2024-10-01,224.52688598632812,227.9412778656533,222.07526286618742,227.81225543239978,63285000
2024-10-02,225.0926513671875,225.67825786117984,221.36063294746157,224.2092739820147,32880600
2024-10-03,223.9909210205078,225.12243834811912,221.65841506946865,223.46486564904646,34044200
2024-10-04,225.1124725341797,226.3035407723517,222.46234078203926,226.20427877531475,37245100
2024-10-07,220.04051208496094,224.01074997862722,219.68319006872073,222.8296017820206,39505400
2024-10-08,224.0901641845703,224.298593199742,221.58890998571715,222.63110049734397,31855700
2024-10-09,227.8321075439453,228.04055170887608,223.1571606453159,223.554178398676,33591100
2024-10-10,227.3358154296875,227.7923994519787,225.47973405841245,226.0851959438118,28183500
2024-10-11,225.85693359375,227.70309500312143,225.64848941975737,227.5939128444124,31759200
2024-10-14,229.57901000976562,230.0058033150611,226.89910245149323,226.99834931201846,39882100
2024-10-15,232.1100311279297,235.72294688412148,230.64103225198252,231.87181141001133,64751400
2024-10-16,230.05543518066406,230.3929017691756,228.12986736523644,229.87678174389526,34082200
2024-10-17,230.4226837158203,232.11004699556463,228.8048220166126,231.69315867439417,32993800
2024-10-18,233.25146484375,234.42267769537074,232.2688255608399,234.42267769537074,46431500
2024-10-21,234.72047424316406,235.08773156933626,232.7055796017645,232.7055796017645,36254500
2024-10-22,234.10507202148438,234.46239402859047,230.8693336731526,232.14972869721714,38846600
2024-10-23,229.04302978515625,233.39044533687328,226.0653512199268,232.33833466706656,52287000
2024-10-24,228.85446166992188,229.10260155629064,226.710529416834,228.26884002769643,31109500
2024-10-25,229.6881866455078,231.48471683213373,227.86188088691335,228.03061417648678,38802300
2024-10-28,231.6633758544922,232.98348177622344,230.81970938626554,231.5839844241638,36087100
2024-10-29,231.93136596679688,232.5864588417728,230.59141979007921,231.36561495313973,35417200
2024-10-30,228.38792419433594,231.7328445287285,227.84201349481597,230.87924283818487,47070900
2024-10-31,224.22911071777344,228.11994197442104,223.693120129287,227.63358238786932,64370100
2024-11-01,221.25144958496094,223.67329727363756,218.63109301833273,219.32588166379162,65276700
2024-11-04,220.35812377929688,221.13231895883285,218.0752491010658,219.34572401852256,44944500
2024-11-05,221.78741455078125,222.28369429475046,219.49460455688452,220.14969745378525,28111300
2024-11-06,221.0628662109375,224.3879467919736,219.54425129715867,220.95368405362794,54561100
2024-11-07,225.7874298095703,226.18446269494834,222.89909318788202,222.95864433437472,42137700
2024-11-08,225.51914978027344,227.20835428792034,224.9726384261151,225.72780810336752,38328800
2024-11-11,222.8064727783203,224.26714170400084,220.0938084143074,223.57158868270503,42005600
2024-11-12,222.8064727783203,224.15783943194586,221.9420008205612,223.12444853772337,40398300
2024-11-13,223.69082641601562,225.2111120360391,221.34580821096,222.58787261698694,48566200
2024-11-14,226.77114868164062,227.41701609796436,223.57158960851197,223.59146688403666,44923900
2024-11-15,223.5715789794922,225.4793879673537,222.84621765747355,224.96268496170848,47923700
2024-11-18,226.57240295410156,228.28148462394066,223.7404903183321,223.81998425203597,44633700
2024-11-19,226.8307647705078,228.6988344551977,225.22105418122663,225.53901477922054,36211800
2024-11-20,227.5461883544922,228.47027695087482,224.45593165289552,226.61215353970658,35169600
2024-11-21,227.06922912597656,228.69881686539628,224.27707103239013,227.42694424740614,42108300
2024-11-22,228.41067504882812,229.25528492407807,226.61216818417898,226.61216818417898,38168300
2024-11-25,231.39161682128906,231.7692092379923,228.28149797848934,229.99057974831032,90152800
2024-11-26,233.56771850585938,234.07449047305911,231.84870566104107,231.84870566104107,45986200
2024-11-27,233.4385528564453,234.19373774290258,232.32566796514345,232.98148163119754,33498400
2024-11-29,235.8233184814453,236.3002669685808,232.48464874765904,233.31931239062584,28481400
2024-12-02,238.06895446777344,239.26133321145704,235.654388648958,235.76369091824088,48137100
2024-12-03,241.10952758789062,241.21882985808793,237.3833345065081,238.28756099978403,38861000
2024-12-04,241.46726989746094,242.56029272240895,239.7184485394643,241.32815927991484,44383900
2024-12-05,241.4970703125,242.98754766386446,240.59285890906452,242.44105143123323,40033900
2024-12-06,241.29833984375,243.0769846168902,240.5431701206591,241.36790273028285,36870600
2024-12-09,245.1835174560547,245.67041216886827,240.21525975684386,240.29475369946152,44649200
2024-12-10,246.19700622558594,246.6342152579071,243.78242549232758,245.32258816094367,36914800
2024-12-11,244.92515563964844,249.2077910379196,244.69660488558225,246.38582450957213,45205800
2024-12-12,246.38583374023438,247.1608807008323,244.12029436088807,245.32261935264157,32777500
2024-12-13,246.55477905273438,247.70740339826426,244.6767781146993,246.24674947927724,33155300
2024-12-16,249.44627380371094,249.7841268474892,246.07779571830554,246.4156487620838,51694800
2024-12-17,251.87078857421875,252.2185726786221,248.19428090188288,248.49237939681157,51356400
2024-12-18,246.4752655029297,252.6657103008961,246.1672359539693,250.55917390522964,56774100
2024-12-19,248.20419311523438,250.400169527173,245.5213371883983,245.92873792847348,60882300
2024-12-20,252.87437438964844,253.38113119374523,244.13023820234332,246.46531011815415,147495300
2024-12-23,253.6494140625,254.02699130961165,251.84096111600803,253.15258832932108,40858800
2024-12-24,256.5608215332031,256.5707374276886,253.66927695641888,253.868019379837,23234700
2024-12-26,257.3755798339844,258.44874034869076,255.99442012888886,256.55086249805703,27237100
2024-12-27,253.96737670898438,257.05764856283577,251.45343969164696,256.19314630806485,42355300
2024-12-30,250.5989227294922,251.8906728018858,249.15813098648073,250.62873106361576,35557500
2024-12-31,248.83021545410156,251.6720594492945,247.84649497663966,250.83739579916153,39480700
