Price,Close,High,Low,Open,Volume
Ticker,GOOGL,GOOGL,GOOGL,GOOGL,GOOGL
Date,,,,,
2015-01-02,26.26045799255371,26.570396349230737,26.17764066273826,26.411706170235586,26480000
2015-01-05,25.76009178161621,26.183095962111732,25.67529382896273,26.141440429219443,41182000
2015-01-06,25.12434959411621,25.846876415134567,25.07029576570784,25.811667839004635,54456000
2015-01-07,25.050458908081055,25.364859835605216,24.976074833139705,25.33808262798601,46918000
2015-01-08,25.137739181518555,25.16699642626597,24.54811092499961,24.86995196750364,73054000
2015-01-09,24.83077621459961,25.2215475482558,24.728126144995183,25.200719778572132,42000000
2015-01-12,24.649274826049805,24.808954375529883,24.34429464256883,24.75738058619834,57138000
2015-01-13,24.88433074951172,25.22154383043746,24.659192240158898,24.922514988303167,60958000
2015-01-14,25.08913803100586,25.204683901204348,24.70382433468335,24.815897018606716,52800000
2015-01-15,24.99392318725586,25.27856930708844,24.894742543827252,25.23592251951945,51068000
2015-01-16,25.313779830932617,25.33311881737609,24.94829890362507,24.951274568857933,49658000
2015-01-20,25.287994384765625,25.569171129443106,25.259728399950568,25.428334942620978,46796000
2015-01-21,25.80621337890625,25.87861493705752,25.270638965153605,25.33262663942792,46356000
2015-01-22,26.644779205322266,26.721147679984977,25.881588195922973,25.935640126231064,56068000
2015-01-23,26.87537384033203,27.04695604247036,26.567915529254652,26.6809813562442,45966000
2015-01-26,26.61602020263672,26.853061388067903,26.385425977502006,26.853061388067903,30932000
2015-01-27,25.845882415771484,26.42063228188283,25.829517201942046,26.352197652881124,39148000
2015-01-28,25.41147232055664,26.06903760177489,25.407505397386487,26.034820288326287,35822000
2015-01-29,25.451147079467773,25.548343324793095,24.96764210595776,25.434781865020337,79018000
2015-01-30,26.657182693481445,26.93240814666787,25.696621458751704,25.7372857404322,121108000
2015-02-02,26.39187240600586,26.60511015362786,25.872167586263934,26.49700250116337,75378000
2015-02-03,26.446422576904297,26.652220220255426,26.12458153912829,26.27979854116529,47062000
2015-02-04,26.089370727539062,26.617504992397134,26.03630816237833,26.438484572025626,33896000
2015-02-05,26.274343490600586,26.316990282581052,26.066559557654234,26.180121018325785,33176000
2015-02-06,26.47518539428711,26.789586336296473,26.21582954045871,26.332862306470247,42938000
2015-02-09,26.247068405151367,26.4751825813196,26.161277301678282,26.33533765344044,30314000
2015-02-10,26.786609649658203,26.82826518596834,26.24161449122016,26.38939327600725,47430000
2015-02-11,26.67949104309082,26.875372294473127,26.580310399240943,26.76528213922532,38306000
2015-02-12,27.076711654663086,27.192255630025567,26.629904034551185,26.761813224322232,48590000
2015-02-13,27.33209991455078,27.400534544362216,27.10596825880114,27.15109508581772,47382000
2015-02-17,27.02712059020996,27.42334568324706,26.940338227851452,27.33210076845686,39174000
2015-02-18,26.91008758544922,27.153080089510205,26.75635937118843,26.96810833337687,31164000
2015-02-19,27.09853172302246,27.118863861646584,26.815868081647878,26.901163559729678,30834000
2015-02-20,26.867937088012695,27.154567648570318,26.68445410594335,27.154567648570318,38234000
2015-02-23,26.53072166442871,26.743959391760264,26.381951640914796,26.729082956922916,32906000
2015-02-24,26.711727142333984,26.748918230341577,26.332361019234753,26.35963574491601,28406000
2015-02-25,27.142173767089844,27.25325520293225,26.679992136919854,26.701317426876454,40836000
2015-02-26,27.73526954650879,27.77692508208699,27.031088581871714,27.06332338324558,54032000
2015-02-27,27.900901794433594,28.23761928186068,27.623196318626363,27.67873703544505,68328000
2015-03-02,28.51531982421875,28.563422317291515,27.926684766133675,28.1176078515459,50406000
2015-03-03,28.70227813720703,28.804432570237033,28.291174693248323,28.581276560304175,50526000
2015-03-04,28.67946434020996,28.843110810434542,28.391345005427517,28.612020966188823,37964000
2015-03-05,28.833194732666016,28.920968353841317,28.67450644227373,28.74343670388251,35918000
2015-03-06,28.410188674926758,28.90013869210113,28.36853314330806,28.861458825842842,37592000
2015-03-09,28.469696044921875,28.53664189391752,28.21926533686031,28.31199902426644,23478000
2015-03-10,27.76303482055664,28.25447357300574,27.761546042150737,28.190997131569823,40080000
2015-03-11,27.556743621826172,27.977763404821363,27.54285844386434,27.760558738826912,40524000
2015-03-12,27.82849884033203,27.861723007930234,27.54881086246796,27.695100865810453,35602000
2015-03-13,27.42334747314453,27.986692259361273,27.290942644748977,27.732294595019148,35428000
2015-03-16,27.851806640625,27.956441108422055,27.340035660068505,27.618236750928325,36856000
2015-03-17,27.651958465576172,27.802215392654798,27.493270170559015,27.685678262189203,28892000
2015-03-18,28.07595443725586,28.093310910720167,27.448141943417497,27.65790840369397,35324000
2015-03-19,27.952472686767578,28.11562352549206,27.875608580105705,27.994623849019984,24660000
2015-03-20,28.015949249267578,28.122568126643777,27.992643336149026,28.10322913721107,44320000
2015-03-23,28.036775588989258,28.248526445963858,27.92222287007759,28.068017239601534,30234000
2015-03-24,28.640291213989258,28.855511490485483,28.171662634965077,28.19397918240136,79156000
2015-03-25,28.11760711669922,28.765749792129892,28.11760711669922,28.641774453777348,53070000
2015-03-26,27.950984954833984,28.127031611706055,27.6866709384634,28.001071857479552,49842000
2015-03-27,27.648983001708984,27.97231092538727,27.618236978800084,27.861227604693646,34552000
2015-03-30,27.827009201049805,27.877591731934814,27.61129331182884,27.78287552194635,24788000
2015-03-31,27.50765037536621,27.891972812931563,27.506161596720883,27.668321182815355,34932000
2015-04-01,27.249286651611328,27.6960924051215,27.077704434444374,27.514098195679992,38902000
2015-04-02,26.84363555908203,27.175392918273534,26.800491249828205,27.146135677649177,47760000
2015-04-06,26.97455596923828,27.05340448591427,26.56543694970901,26.721149575441377,33718000
2015-04-07,27.019681930541992,27.282509049877884,26.956703001704756,27.026128890456608,27318000
2015-04-08,27.217050552368164,27.34896163497774,27.076214364887697,27.076214364887697,28386000
2015-04-09,27.176387786865234,27.243335535686125,26.875376406810727,27.23540168831244,32366000
2015-04-10,27.202173233032227,27.267136568432296,27.025632848374226,27.253251390894178,26104000
2015-04-13,27.20713233947754,27.436735297330877,27.091092733983057,27.12828571557167,29326000
2015-04-14,26.767763137817383,27.104480575062755,26.567419327232265,27.104480575062755,47206000
2015-04-15,26.83024787902832,26.936866749688544,26.400301101916753,26.677510922318778,46962000
2015-04-16,26.953231811523438,27.03802976523538,26.68445336019386,26.696849759396873,31722000
2015-04-17,26.418651580810547,26.768758621521986,26.233186067673152,26.645278894626806,49234000
2015-04-20,27.003318786621094,27.066299612000666,26.448901000306595,26.468737510531874,38508000
2015-04-21,26.923477172851562,27.163989640722676,26.888268599216065,27.091588085878954,29128000
2015-04-22,27.233911514282227,27.324165171603404,26.84413337924256,26.93042011308014,31806000
2015-04-23,27.644515991210938,27.828496482594353,27.278541307653953,27.294906521429535,78184000
2015-04-24,28.4478816986084,28.99535691705771,28.18455702804782,28.764762678828102,92168000
2015-04-27,28.0739688873291,28.54011550691454,27.884534573920153,28.403743761447362,48062000
2015-04-28,27.9871883392334,28.158770562038914,27.818086153186698,27.984708302474584,37178000
2015-04-29,27.83940887451172,28.06008484784066,27.720889225969838,27.795768930500152,33622000
2015-04-30,27.213579177856445,27.825522048940716,27.11192037979657,27.6990666687902,47240000
2015-05-01,27.33209991455078,27.33507557998348,26.969594628131464,27.299865115457823,36572000
2015-05-04,27.415409088134766,27.60633026618509,27.145141881923504,27.323666661858756,35260000
2015-05-05,26.929428100585938,27.404006069251963,26.896202043307127,27.28250887301028,28528000
2015-05-06,26.534690856933594,26.97356463930399,26.393854667726384,26.90959255894804,39034000
2015-05-07,26.87983512878418,27.036540888221232,26.45385720058945,26.575352497432018,31844000
2015-05-08,27.22250747680664,27.413428682728835,27.176885017324594,27.218540553162164,28226000
2015-05-11,27.0653018951416,27.441692330054178,27.056376791245913,27.19969110791262,21858000
2015-05-12,26.715696334838867,26.925462790901502,26.530724570125198,26.91802268095449,35282000
2015-05-13,26.753385543823242,26.96910144425895,26.728093331209017,26.801983669631728,24238000
2015-05-14,27.23490333557129,27.25920428937405,26.902650313455325,26.975547499722595,31736000
2015-05-15,27.100513458251953,27.304330467605634,26.90264967167524,27.2939165841016,33440000
2015-05-18,27.109439849853516,27.192255287067976,26.890250780477007,26.968108036391747,26706000
2015-05-19,27.238872528076172,27.443183282389327,27.131758023465434,27.17539607500563,47126000
2015-05-20,27.399044036865234,27.575584410452482,27.031580592387993,27.320195528871597,30840000
2015-05-21,27.612285614013672,27.651958633866258,27.239863936616246,27.284495138093554,34170000
2015-05-22,27.49872398376465,27.68320011988938,27.45409278255471,27.49574831812216,24266000
2015-05-26,27.13522720336914,27.439709849299344,26.92595639205407,27.402516869220108,37474000
2015-05-27,27.485334396362305,27.536908186762428,27.10497887448245,27.209117713257594,34844000
2015-05-28,27.481863021850586,27.560215911054758,27.31424962232268,27.46252403282781,23544000
2015-05-29,27.042491912841797,27.469958614692285,27.028606736216865,27.43326126573492,43446000
2015-06-01,27.23539924621582,27.302840726272397,26.95620691732995,27.21159581451539,33210000
2015-06-02,27.470455169677734,27.710471995182925,27.10348734287344,27.147127281614427,31842000
2015-06-03,27.536911010742188,27.67080462791866,27.38119836559819,27.52748838387326,26710000
2015-06-04,27.358383178710938,27.570134041026023,27.230936536477614,27.382682240911098,26866000
2015-06-05,27.251266479492188,27.439709522392008,27.144647613449155,27.373754930305452,24396000
2015-06-08,26.951248168945312,27.268129122621044,26.924964699478593,27.25523520237596,27336000
2015-06-09,26.885787963867188,27.018690300299024,26.721643977927535,26.948271262882823,30016000
2015-06-10,27.40351104736328,27.51161870475974,27.032082511080166,27.061339755940764,30316000
2015-06-11,27.276559829711914,27.514096631971313,27.233415517518978,27.497235788608503,25872000
2015-06-12,27.149112701416016,27.217545439845125,27.057865897321253,27.13324311626932,25468000
2015-06-15,26.927446365356445,26.979515786750213,26.73950081933234,26.914056815324653,27150000
2015-06-16,27.020179748535156,27.110433411224438,26.856533267749956,27.00084075893816,32526000
2015-06-17,27.10597038269043,27.193248378129557,26.868433567264532,27.047454002498426,24440000
2015-06-18,27.581045150756836,27.634105830796933,27.175397396337154,27.175397396337154,41192000
2015-06-19,27.647491455078125,27.66683233410043,27.386648753029142,27.597902076880672,59290000
2015-06-22,27.754608154296875,28.048678827672735,27.716423913874806,27.741220496656698,34752000
2015-06-23,27.938589096069336,28.013470691140693,27.629146352572405,27.76006429084313,31396000
2015-06-24,27.69956398010254,27.9013965932914,27.612285983657653,27.893462745900152,28924000
2015-06-25,27.66881561279297,27.926188919344042,27.64451655196632,27.78535273565518,26684000
2015-06-26,27.42632484436035,27.770480563846277,27.366321572371575,27.756099755067353,43676000
2015-06-29,26.840662002563477,27.319206906545624,26.790575100916495,27.113407381290678,37756000
2015-06-30,26.780656814575195,27.07125427390861,26.75586023416077,27.03108562968219,34510000
2015-07-01,26.942323684692383,27.066794662367407,26.76677454555039,26.960175786827996,30760000
2015-07-02,27.14266586303711,27.17539439967458,26.95570970169703,27.01373044889129,28124000
2015-07-06,27.057369232177734,27.204156741094213,26.8828113691032,26.890249586579323,25614000
2015-07-07,27.276063919067383,27.32416641545881,26.77123741316802,27.14713038726974,33578000
2015-07-08,26.862977981567383,27.189281572539045,26.838183289862506,27.05638111697833,27662000
2015-07-09,27.009267807006836,27.219034249992017,27.007780920138345,27.207629108859532,29766000
2015-07-10,27.577571868896484,27.73526890233056,27.373756748347304,27.45855470449898,43436000
2015-07-13,28.352169036865234,28.40770974785909,27.706008859173977,27.746177505537858,41792000
2015-07-14,28.969566345214844,29.243800503479164,28.473169338099332,28.489534552723068,74832000
2015-07-15,28.95865821838379,29.193219369597855,28.772695192681354,28.947748705350484,41466000
2015-07-16,29.842355728149414,29.97724059377571,29.155035587373664,29.233388479248838,112642000
2015-07-17,34.69425582885742,34.8618730291378,33.62211941904652,33.72129819448271,257162000
2015-07-20,34.3580322265625,34.604000420067635,33.80907201914201,34.166617275261125,102436000
2015-07-21,34.48250198364258,34.990797837634226,33.92709111290519,33.96329094268302,75604000
2015-07-22,34.4701042175293,35.37413141840576,34.297530758000796,34.41654602374495,83100000
2015-07-23,33.45995330810547,34.51820817553252,33.304238793044426,34.30893546441238,76232000
2015-07-24,32.47012710571289,33.61169283125958,32.391280496447614,33.561112201736194,82622000
2015-07-27,32.64370346069336,33.08009533437121,32.31045538646763,32.31144664446251,58382000
2015-07-28,32.7126350402832,32.93281539367433,32.402696650191075,32.81677388534284,34364000
2015-07-29,32.80039978027344,32.89462224145807,32.37441997272285,32.84155968049941,36756000
2015-07-30,32.955623626708984,33.12869272868121,32.317397262340016,32.60254283352619,39606000
2015-07-31,32.60551452636719,32.9774405475805,32.590638090866996,32.96256411208031,34922000
2015-08-03,32.963558197021484,33.06025881949313,32.6134511700776,32.6134511700776,31348000
2015-08-04,32.792972564697266,33.12622069302439,32.75479020855828,32.94471829795352,26188000
2015-08-05,33.388545989990234,33.71683019917647,33.00620417058776,33.01463364676089,36448000
2015-08-06,33.232826232910156,33.46094038318707,32.76568652955006,33.4232536691256,40660000
2015-08-07,32.94719314575195,33.16588280837708,32.67345461645793,33.11530216930516,27544000
2015-08-10,32.88520050048828,33.30572459369137,32.740893039665856,33.08107985052655,34458000
2015-08-11,34.23207473754883,34.91146105133953,33.93552589748607,34.692271955765406,109880000
2015-08-12,34.29008865356445,34.51472961114356,33.74658049758928,34.43984803080831,58498000
2015-08-13,34.04412841796875,34.41704573605791,33.82940377183487,34.177524505881294,36354000
2015-08-14,34.185951232910156,34.32926745628415,33.865105253744765,33.921637223376614,27598000
2015-08-17,34.42101287841797,34.452252638028696,33.87304017850036,34.11999961520021,24680000
2015-08-18,34.154212951660156,34.50282925713866,33.98510890263128,34.27025443832036,27710000
2015-08-19,34.41754150390625,34.72301544404769,34.05850936341007,34.22265336753486,50194000
2015-08-20,33.69550704956055,34.52267021396411,33.48722937149362,34.17256697658716,57798000
2015-08-21,31.937536239624023,33.36870839688974,31.891416261520664,33.27696406965198,91880000
2015-08-24,30.652158737182617,31.126736692089594,29.411412213241473,29.783835746200477,129788000
2015-08-25,30.372472763061523,32.08481790465654,30.332799744475725,32.05853821868506,71430000
2015-08-26,32.71659851074219,32.852476523564945,31.26013596134002,31.89141785393162,87740000
2015-08-27,33.124229431152344,33.422764562164154,32.28814113625834,33.324077639023805,58974000
2015-08-28,32.71411895751953,33.07662047453683,32.41955266056175,33.015128431118065,38836000
2015-08-31,32.125484466552734,32.94818700633582,32.052589167728634,32.44881240251621,38936000
2015-09-01,31.219966888427734,31.957867603060503,30.99681089642206,31.430724589655597,51458000
2015-09-02,31.981176376342773,31.988614594789684,31.273525990177284,31.638509456787272,37630000
2015-09-03,31.59139633178711,32.29557533902631,31.430723644034288,32.130935728023736,34572000
2015-09-04,31.19021224975586,31.464942030080678,31.06822131588769,31.226909601564884,40478000
2015-09-08,31.930095672607422,31.987618896192036,31.38559621400263,31.787275088083895,39092000
2015-09-09,31.90679359436035,32.59857438096081,31.782318832244048,32.32682213966818,40978000
2015-09-10,32.28714370727539,32.476576103009215,31.82198651767921,31.93108541247201,27850000
2015-09-11,32.49641418457031,32.49690981350326,32.105147301136526,32.24400285432852,34892000
2015-09-14,32.35607147216797,32.52715801826378,32.208786462151075,32.51277721415697,29942000
2015-09-15,32.98091506958008,33.168364974643964,32.39922069065663,32.56633845746613,35546000
2015-09-16,33.00322723388672,33.129680714647485,32.83858762437274,33.00471412069936,26252000
2015-09-17,33.308204650878906,33.81997367496066,32.97743855348306,33.100918257466,47752000
2015-09-18,32.77511978149414,33.21746302370192,32.730982313024505,32.980419923065185,72544000
2015-09-21,33.075626373291016,33.17580016850662,32.63030945504248,33.00273108634691,39094000
2015-09-22,32.39228057861328,32.6709792043601,31.987128452895835,32.60403145335091,54362000
2015-09-23,32.39674758911133,32.743381467920265,32.2697946666451,32.377406705795956,29160000
2015-09-24,32.477073669433594,32.56931361997211,31.845298109931004,32.18251117603219,38692000
2015-09-25,31.745128631591797,32.65907608536779,31.720829568305255,32.65907608536779,48480000
2015-09-28,30.956642150878906,31.879020878776494,30.638769952852407,31.690575939784342,47646000
2015-09-29,30.87531280517578,31.473864168626108,30.648189910301227,31.01862712105259,42130000
2015-09-30,31.656858444213867,31.703472161677922,31.19963691627631,31.33253737107602,52954000
2015-10-01,31.836868286132812,31.928116988639527,31.297328835528596,31.63553319599703,42506000
2015-10-02,32.580223083496094,32.580718712462634,31.41535124189224,31.63900286718666,48788000
2015-10-05,33.30870056152344,33.375648301219435,32.524679913967475,32.808834194265174,37960000
2015-10-06,33.306724548339844,33.66178788565895,32.882231529697485,33.19316118315001,42774000
2015-10-07,33.22539138793945,33.658809452481414,32.63576318304108,33.59235733793918,44354000
2015-10-08,33.076622009277344,33.31912079139769,32.45624962760866,33.198119214835195,39308000
2015-10-09,33.28688430786133,33.428214232948385,32.846523642870494,33.10092129145445,32124000
2015-10-12,33.544254302978516,33.62111840780781,33.08852159244433,33.18522220552426,26684000
2015-10-13,33.87849426269531,34.140825752180255,33.37961533986918,33.43664672098599,42446000
2015-10-14,33.74162673950195,34.21917850798546,33.6667451451537,33.90626636458576,31292000
2015-10-15,34.36695861816406,34.423490588881315,33.93899623911965,33.98164303164574,47156000
2015-10-16,34.481014251708984,34.52564734412958,34.17256655376191,34.484983066996705,36316000
2015-10-19,34.71062088012695,34.72500168821004,34.32679215609925,34.41555893306463,30172000
2015-10-20,33.72129440307617,34.61391841535207,33.40788284910291,34.60846271312809,52434000
2015-10-21,33.31465530395508,33.96428490972052,33.26010584875353,33.880478210998824,31952000
2015-10-22,33.777828216552734,34.12049703283294,33.30969715941544,33.4951645611541,88632000
2015-10-23,35.67167282104492,37.31657834222597,35.60274256042105,37.19557677269566,126726000
2015-10-26,36.25634002685547,36.44627185210069,35.705889214024495,35.705889214024495,48776000
2015-10-27,36.340641021728516,36.496355526337496,35.91020053312721,36.03070268274443,38778000
2015-10-28,36.54396438598633,36.56627903959063,36.06541759705097,36.34957189663582,39604000
2015-10-29,36.937217712402344,37.03342270931934,36.45668835683246,36.52958743975667,36520000
2015-10-30,36.56726837158203,37.009611522377696,36.52462158247046,36.972420434995975,39984000
2015-11-02,37.080528259277344,37.102347282876416,36.272702273183576,36.4254430052311,39914000
2015-11-03,37.13408660888672,37.276903412475235,36.754222968060866,36.96597381216498,36306000
2015-11-04,37.4559211730957,37.68353969402846,37.15292544075802,37.18763838131115,41840000
2015-11-05,37.72172927856445,38.00340164348714,37.56304099528392,37.62948932561928,45486000
2015-11-06,37.767845153808594,37.838262291535855,37.44203536359888,37.65825063261014,33544000
2015-11-09,37.42914581298828,37.85215188446314,37.14846848712241,37.61510882381188,35538000
2015-11-10,37.60221481323242,37.718256306786806,37.11375545340267,37.36517553658122,29798000
2015-11-11,37.9488525390625,38.13878058173137,37.676105276193994,37.80652757672948,41866000
2015-11-12,37.51642990112305,37.97613148399133,37.48320384024646,37.69743285926435,35452000
2015-11-13,36.700172424316406,37.45691457162377,36.670415771122535,37.39294438825416,48188000
2015-11-16,37.21342849731445,37.277398680946014,36.415522661202665,36.70711516313477,50704000
2015-11-17,36.99325180053711,37.438076922730126,36.897542438477124,37.315092832793695,38864000
2015-11-18,37.689002990722656,37.74305681978294,37.06317489340695,37.171282551527526,36266000
2015-11-19,37.68553161621094,37.84868056944109,37.55114049409953,37.67759398567718,28078000
2015-11-20,38.53153610229492,38.64658634351289,37.891826645041604,38.149693700541384,55478000
2015-11-23,38.51665496826172,38.8241151515043,38.35846232466683,38.55484109549322,34648000
2015-11-24,38.16604995727539,38.481443966702955,37.594771455637776,38.331185178713035,47880000
2015-11-25,38.14771270751953,38.33318010532594,38.012330322506855,38.26821487230879,23612000
2015-11-27,38.28209686279297,38.38276629242169,38.03563306790784,38.142749457401536,14434000
2015-11-30,37.829833984375,38.43383915842495,37.74404099789401,38.27713340313055,33586000
2015-12-01,38.868247985839844,38.92825313443831,37.98356173696997,38.032655482758976,40398000
2015-12-02,38.57368850708008,39.32745689791467,38.50326757910973,38.94065444844514,46876000
2015-12-03,38.09514236450195,38.90246896222293,37.810000595568624,38.70807647638323,41950000
2015-12-04,38.64113235473633,38.800316282640765,37.96174984853431,38.170027531453435,49800000
2015-12-07,38.33268356323242,38.729898036561686,38.02175015120801,38.6832824278646,36626000
2015-12-08,38.439300537109375,38.61336089691655,37.81347246475396,37.91165997198597,31082000
2015-12-09,37.81496047973633,38.48641292283451,37.29227997230973,38.23895784800109,46550000
2015-12-10,37.69048309326172,37.98951380078681,37.44054991590039,37.86652972777277,32458000
2015-12-11,37.21342849731445,37.561552965405944,37.125652991030314,37.143011354083406,43184000
2015-12-14,37.81446075439453,37.894302416018554,36.511232813437,37.25508484436039,53864000
2015-12-15,37.692970275878906,38.41995962886247,37.58932706644658,38.07481268341187,49386000
2015-12-16,38.511199951171875,38.75468995750433,37.54221134881579,38.01430735997485,53120000
2015-12-17,38.17597579956055,38.75915326493866,38.149692330947715,38.73782986935756,36510000
2015-12-18,37.53229522705078,38.38971066143538,37.51940130672291,38.04704186506938,67794000
2015-12-21,37.72817611694336,38.003401521184635,37.39840126080366,37.83975316548937,34848000
2015-12-22,38.04207992553711,38.20126383905244,37.74801305103078,37.90025437574304,36338000
2015-12-23,38.11051559448242,38.27862840063212,37.57196742689514,38.218623244545924,30594000
2015-12-24,37.978118896484375,38.144741067933076,37.906214846339445,38.111019373697786,10412000
2015-12-28,38.79138946533203,38.820151079785774,38.071838341300904,38.184406654224105,31156000
2015-12-29,39.37258529663086,39.60714642250896,38.987765366064636,39.02693896958323,38430000
2015-12-30,39.19109344482422,39.496571208834155,39.03736519638475,39.37259583856282,28566000
2015-12-31,38.581626892089844,39.09339599773387,38.5474095736843,39.068103784825745,32752000
2016-01-04,37.660736083984375,37.797605354813236,37.07061220664022,37.797605354813236,67382000
2016-01-05,37.76437759399414,38.14473310359051,37.472788854840516,37.891826124773026,45216000
2016-01-06,37.65528106689453,37.972657666344276,37.09342694910747,37.210955341035884,48206000
2016-01-07,36.74628448486328,37.45591910307374,36.462629645815845,37.018536076276376,63132000
2016-01-08,36.24592590332031,37.19855118037878,36.14723899592248,37.08350095161553,47506000
2016-01-11,36.35304260253906,36.452720779028354,35.68308085744033,36.29750188930507,50896000
2016-01-12,36.96150588989258,37.110277793628185,36.51965840558957,36.7338873742387,46816000
2016-01-13,35.68357849121094,37.341378072128926,35.54522232933326,37.15987570253287,51728000
2016-01-14,36.26973342895508,36.691248873480134,34.96104962981701,35.9250820981259,55558000
2016-01-15,35.233299255371094,35.91119484385276,34.787978510562624,35.208502672773584,76676000
2016-01-19,35.659271240234375,35.97020461123329,35.201556040131216,35.71233380217857,48724000
2016-01-20,35.63348388671875,36.049543518387125,34.10709828895675,35.005669655801064,82440000
2016-01-21,36.035667419433594,36.581158209960165,35.264044951901475,35.71333074848642,51938000
2016-01-22,36.967464447021484,37.12119645318262,36.72150004733301,36.79588223031551,47146000
2016-01-25,36.38031768798828,37.31459724254527,36.32477697420802,36.88713048466049,45340000
2016-01-26,36.38874435424805,36.66992108776197,36.05054002440141,36.45916528243361,30940000
2016-01-27,35.58489227294922,36.49288453769845,35.380084007391744,36.49288453769845,42428000
2016-01-28,37.108299255371094,37.250124802931474,36.230551739420775,36.606942199152336,62104000
2016-01-29,37.755455017089844,37.94191367537337,36.904982129138716,37.141033955305296,75808000
2016-02-01,38.222591400146484,38.56079573905824,37.75693853330035,38.2468885694867,111522000
2016-02-02,38.725433349609375,40.185367019887565,38.71005750235272,39.696903895891936,135846000
2016-02-03,37.16185760498047,39.247119933438036,36.51123299740429,38.99173103754169,131114000
2016-02-04,36.20228958129883,36.95655746731046,35.833836712647845,36.924322665173534,104922000
2016-02-05,34.899559020996094,36.038147532189555,34.72004294416008,35.97765052349355,109556000
2016-02-08,34.91939163208008,34.93724562533521,33.82096811188599,34.10214485923391,89410000
2016-02-09,34.7636833190918,35.752512478189,34.14281522756152,34.36349122891852,84300000
2016-02-10,35.05278396606445,35.864574950078676,34.98038430968948,35.29776085518859,60314000
2016-02-11,35.02849197387695,35.32404954034548,34.276210399786976,34.53159931735835,65004000
2016-02-12,35.05476760864258,35.506531441939906,34.79144111920743,35.318585943532135,46538000
2016-02-16,35.58786392211914,35.847717254748574,35.217920430891354,35.63794892863247,43444000
2016-02-17,36.298492431640625,36.38725920195434,35.536790155612145,36.052028629810145,49154000
2016-02-18,35.5814208984375,36.49834209810593,35.48422464827459,36.39718081601734,47276000
2016-02-19,35.80953598022461,35.90474971679895,35.36371958367762,35.50158011508094,34918000
2016-02-22,36.1536865234375,36.4413102081515,35.87598298422507,36.176496804607964,37516000
2016-02-23,35.57050704956055,36.245428835425884,35.49017354088412,36.00739829970938,41332000
2016-02-24,35.74952697753906,35.76539845421387,34.81326875766319,35.239244814592205,37092000
2016-02-25,36.15715789794922,36.17649499219727,35.369168469771076,35.850193349970084,36146000
2016-02-26,35.94590759277344,36.50627479219468,35.80110448008465,36.3793256728897,42474000
2016-02-29,35.56704330444336,36.23055816299538,35.54819805081142,35.75449323240851,45068000
2016-03-01,36.8043098449707,36.81224369104345,35.637451824544755,35.76936100114286,60112000
2016-03-02,36.67091369628906,36.85142100878452,36.36196659665054,36.83902650122352,36292000
2016-03-03,36.27964782714844,36.746291969969896,36.18245157917267,36.67091474737662,40534000
2016-03-04,36.21171951293945,36.44875884690852,35.983601502304026,36.438842481998655,48516000
2016-03-07,35.347843170166016,36.06243786379414,34.967983358994836,35.96028156294621,61690000
2016-03-08,35.38404846191406,35.81647526866855,34.911456792475256,35.12915519101109,52530000
2016-03-09,35.97318649291992,36.01434640318758,35.34091140107319,35.46538238994127,39544000
2016-03-10,36.30841064453125,36.52511777944269,35.86805000263362,36.09120409724842,44616000
2016-03-11,36.93820571899414,36.939692605908576,36.53305362708699,36.694223845072095,35380000
2016-03-14,37.20450210571289,37.40385465060891,36.878196672392164,36.943161895075534,32824000
2016-03-15,37.22086715698242,37.34186872057424,36.83753411272129,36.995231135173626,29832000
2016-03-16,37.557586669921875,37.638915222062195,37.01903850161791,37.14549199055474,29306000
2016-03-17,37.613128662109375,37.95331553476409,37.55758794820657,37.571968755668735,44564000
2016-03-18,37.46088790893555,37.79462782651566,37.282858730922236,37.76933939753168,56222000
2016-03-21,37.79561996459961,37.85413444883395,37.255581140686395,37.386499070206696,28774000
2016-03-22,37.69097900390625,37.9364515228525,37.58337077678476,37.611141130032486,22096000
2016-03-23,37.567501068115234,37.955794186354,37.49162822203553,37.85462913043871,24678000
2016-03-24,37.432613372802734,37.56749631352511,37.217393152248114,37.252106091047246,31116000
2016-03-28,37.355262756347656,37.604204718627905,37.29377070928025,37.49857520641017,21676000
2016-03-29,37.980587005615234,38.044560973656424,37.107803352439426,37.375091123461125,40062000
2016-03-30,38.102081298828125,38.5469063504642,38.06439458482014,38.095634339620254,40396000
2016-03-31,37.83232116699219,38.13878637916053,37.60172503089125,38.1020909137051,32554000
2016-04-01,38.16804122924805,38.18638706729147,37.45046887721825,37.54766890303258,31674000
2016-04-04,37.942405700683594,38.30540661925344,37.77727045556589,38.16010409929226,26924000
2016-04-05,37.617591857910156,37.83082960126046,37.470306818416816,37.59577283294784,24478000
2016-04-06,38.08869552612305,38.10605388984193,37.50501865436197,37.58138713118536,25312000
2016-04-07,37.694454193115234,38.15266504605509,37.56452752396481,37.952321232202195,25498000
2016-04-08,37.6622200012207,38.0420798690037,37.47873891888084,37.979596569868875,23434000
2016-04-11,37.5665168762207,38.046550623881764,37.55660051205497,37.95877509978983,31774000
2016-04-12,37.902732849121094,37.93248572041304,37.270457850177024,37.610648487904214,27388000
2016-04-13,38.27912139892578,38.46954506244542,37.91612049696891,38.19977536822236,35426000
2016-04-14,38.451698303222656,38.66096723532075,38.3440862798703,38.45021141628466,26992000
2016-04-15,38.6803092956543,38.72642927613029,38.42888540865253,38.45715517847342,31712000
2016-04-18,39.0611572265625,39.10430342950914,38.56178646360881,38.68972683530677,33540000
2016-04-19,38.49434280395508,39.22331840346527,38.19779400459653,39.201003750442005,43952000
2016-04-20,38.42839050292969,38.66345107068384,38.24738754743505,38.638654486784844,34262000
2016-04-21,38.6803092956543,38.76362036785129,38.26127200626965,38.54691321102571,77628000
2016-04-22,36.58612060546875,37.387000368528696,36.219154600685734,36.89060330146668,140798000
2016-04-25,36.80629348754883,36.938698297116204,36.45370836315738,36.46610665327489,49442000
2016-04-26,35.971195220947266,36.973905477702885,35.720762633644206,36.91588662759573,55864000
2016-04-27,35.77730941772461,36.05947369271744,35.16338012697874,35.96872438929452,66262000
2016-04-28,34.96402359008789,36.16410789180207,34.87178740984706,35.868054686016556,62590000
2016-04-29,35.1038703918457,35.31363496531506,34.9005489954883,34.917411732063755,58278000
2016-05-02,35.42768859863281,35.47727797598857,35.02848786826442,35.30420889246359,33476000
2016-05-03,35.13163757324219,35.37611507234514,35.07659249084334,35.33297265193177,38620000
2016-05-04,35.27693557739258,35.45942540137822,34.91393466180809,35.04882140569697,34172000
2016-05-05,35.442569732666016,35.5834040370402,35.181725108746676,35.456950540503065,29668000
2016-05-06,35.96177673339844,36.001945382557324,35.30570014741897,35.31809843914861,39952000
2016-05-09,36.157657623291016,36.41354215536826,35.87846339621092,36.03715168342154,38074000
2016-05-10,36.66596221923828,36.696706352834255,36.28064659066157,36.446773118112404,32634000
2016-05-11,36.228084564208984,36.73638436302992,36.09667096818485,36.72249918143815,29834000
2016-05-12,36.10509490966797,36.46710461716454,35.91665372888056,36.29998305116495,27094000
2016-05-13,35.944419860839844,36.26477020884887,35.87895900339875,36.03318662984244,25244000
2016-05-16,36.215675354003906,36.33369936195989,35.70489756365002,35.91912655555551,22538000
2016-05-17,35.71432113647461,36.49090365851421,35.60572163675657,36.25336873687271,33404000
2016-05-18,35.793174743652344,35.98112029931878,35.457944130079895,35.63051761889972,32536000
2016-05-19,35.472320556640625,35.72969576269237,35.224369867887525,35.62059685429264,30598000
2016-05-20,35.789703369140625,36.08674786172503,35.457450296364776,35.52935812734678,34798000
2016-05-23,35.56852722167969,35.878465597231845,35.55315515600746,35.703909605619906,24816000
2016-05-24,36.3510627746582,36.40908163708497,35.687544157240886,35.697464304438995,37884000
2016-05-25,36.60248565673828,36.69125244207645,36.32974212301383,36.448757414394905,32216000
2016-05-26,36.54445266723633,36.751243405931575,36.34956458810775,36.49833269898532,27202000
2016-05-27,37.07359313964844,37.088965206709794,36.5484306635179,36.57322724917385,34802000
2016-05-31,37.13557815551758,37.365179237167304,36.972921040165026,37.131113711060095,42484000
2016-06-01,37.116241455078125,37.2605489632805,36.911928779865896,37.116737084137284,20788000
2016-06-02,36.908451080322266,37.058709886887954,36.547928313668756,36.999200362313566,33916000
2016-06-03,36.491397857666016,36.77059208732676,36.39469724086927,36.77059208732676,24608000
2016-06-06,36.203773498535156,36.622315129272636,36.116001771606534,36.622315129272636,29992000
2016-06-07,36.25485610961914,36.53355094153868,36.24047530192825,36.36296376522541,24314000
2016-06-08,36.84199905395508,36.885637102022976,36.48693577174352,36.67190373879671,32314000
2016-06-09,36.8216667175293,36.89158823322022,36.52313540452718,36.5514013881713,19180000
2016-06-10,36.35898971557617,36.67884440854448,36.22608927910277,36.49585896686042,29050000
2016-06-13,36.29403305053711,36.64711384493055,36.19187672755759,36.19187672755759,23354000
2016-06-14,36.36196517944336,36.498338808144105,36.02723403637107,36.16658143874802,26584000
2016-06-15,36.30940628051758,36.55537068651055,36.26576444416482,36.444784883757656,23234000
2016-06-16,35.9156608581543,36.22014353461452,35.483729643717986,36.099637586057966,45002000
2016-06-17,34.92385482788086,35.77382821617117,34.768635946528406,35.77382821617117,82262000
2016-06-20,35.01708221435547,35.500089654650886,34.98137801259093,35.22436861959818,45654000
2016-06-21,35.1534538269043,35.47579044904077,34.94418491786275,35.211472678512486,30318000
2016-06-22,35.232303619384766,35.41777100647632,35.00468506933066,35.40983715953866,29058000
2016-06-23,35.450496673583984,35.45099230248681,34.72548995784813,35.23626770133524,42500000
2016-06-24,33.97916030883789,34.96104668906864,33.96477950200668,34.22562410768181,95436000
2016-06-27,33.777828216552734,33.88643150426429,33.35730402822835,33.84477596698144,58146000
2016-06-28,34.27967834472656,34.35307305008712,33.961806136866464,34.28513404683131,38246000
2016-06-29,34.474571228027344,34.68830463015796,34.35010023750311,34.42845502682062,43124000
2016-06-30,34.888145446777344,34.90004810804574,34.460183104318745,34.59655672969045,42250000
2016-07-01,35.221397399902344,35.334461344259886,34.89806947790894,34.96600848369225,30984000
2016-07-05,34.955589294433594,35.11576446110713,34.669951904071915,34.96154062514924,28440000
2016-07-06,35.15792465209961,35.357772864418514,34.663510117670356,34.705165655469585,28902000
2016-07-07,35.0731201171875,35.21742760096614,34.74632280139746,35.214453827114475,21174000
2016-07-08,35.59480667114258,35.600758001827025,35.115268648090144,35.23676583961564,29946000
2016-07-11,36.061954498291016,36.14774372496594,35.648868494496156,35.67614322592282,28822000
2016-07-12,36.32527160644531,36.478504194121754,36.07682528820751,36.29601436340188,26468000
2016-07-13,36.17501449584961,36.47454087970051,36.15220421179245,36.47454087970051,20436000
2016-07-14,36.48843002319336,36.50528897771368,36.23006351842713,36.39619005209698,21408000
2016-07-15,36.47999572753906,36.74629226191535,36.43089819075422,36.74629226191535,32342000
2016-07-18,37.35129165649414,37.44749664493927,36.52363289185408,36.59305878213125,38698000
2016-07-19,37.3617057800293,37.519399021382256,37.11772013347532,37.18615476278416,30436000
2016-07-20,37.54370880126953,37.72025111792415,37.393449958829464,37.393449958829464,22502000
2016-07-21,37.41130065917969,37.596768066110315,37.26798441972043,37.53973667768347,19062000
2016-07-22,37.65279769897461,37.66122717428025,37.324509740146084,37.55560145992534,20920000
2016-07-25,37.565521240234375,37.67958022370046,37.394434656748906,37.5734550873279,21466000
2016-07-26,37.57196807861328,37.651809745123494,37.328977459667236,37.56552111847807,23792000
2016-07-27,37.78620147705078,37.90918557947103,37.486678852418294,37.637433314518745,32172000
2016-07-28,37.978118896484375,38.13333781578171,37.64338388293413,38.1268908543796,73464000
2016-07-29,39.24266052246094,39.86749352741342,39.176208406814645,39.55855021112275,101810000
2016-08-01,39.71872329711914,40.04353807350582,38.9302381893422,39.01107110759106,60594000
2016-08-02,39.67805862426758,39.78715752467337,39.400850712843244,39.53970248302262,39928000
2016-08-03,39.618553161621094,39.649301075841734,39.32597315639033,39.497059741976315,29206000
2016-08-04,39.535736083984375,39.68202608054632,39.37060083648168,39.5848298354815,21520000
2016-08-05,40.015769958496094,40.03015076539793,39.56350663425749,39.67756561496506,36146000
2016-08-08,39.93147277832031,40.04900117694204,39.75592173222037,39.969655130847045,24426000
2016-08-09,40.04304885864258,40.3331507386035,39.87344914852079,39.894772546612266,32154000
2016-08-10,40.0931282043457,40.21164784135088,39.99394944662197,40.02171980145878,18370000
2016-08-11,40.0787467956543,40.36041915480617,39.96964789374153,40.191315100155975,25646000
2016-08-12,40.02172088623047,40.02866347512785,39.8526168244554,39.92452464166716,17946000
2016-08-15,39.96767044067383,40.235457656536525,39.87196107490603,40.02965811702832,18596000
2016-08-16,39.73112487792969,39.88336621033289,39.523339048868735,39.84567570725377,21158000
2016-08-17,39.94089126586914,39.951307041789796,39.488627908802975,39.6721127925022,21322000
2016-08-18,39.80849075317383,40.06883977828864,39.752950031381644,39.93792182214594,17292000
2016-08-19,39.65475845336914,39.733113244948676,39.517397320434,39.66170104354531,22416000
2016-08-22,39.52085494995117,39.63739206106753,39.39092829152487,39.5982146769493,17056000
2016-08-23,39.50300979614258,39.72170326217692,39.473256921432025,39.69591541959972,18350000
2016-08-24,39.354732513427734,39.59574060637693,39.2138944377298,39.516394572165055,25672000
2016-08-25,39.24067687988281,39.4102765832393,39.03884615787921,39.27538982695256,24054000
2016-08-26,39.33589172363281,39.64236070790431,39.14695491713737,39.299691888546334,24978000
2016-08-29,39.464820861816406,39.59871255910778,39.192073611039746,39.32745597856009,15474000
2016-08-30,39.271427154541016,39.5729360748784,39.14992994078312,39.31903402530101,23348000
2016-08-31,39.16877365112305,39.25406724185126,39.037360078538164,39.156375359035735,21428000
2016-09-01,39.245635986328125,39.31952632306583,38.99421588662354,39.27439760127334,26070000
2016-09-02,39.51689529418945,39.52830232852005,39.337874848610355,39.43755303317884,26998000
2016-09-06,40.069828033447266,40.21214923065979,39.4454868057042,39.59227244752184,39790000
2016-09-07,40.068336486816406,40.19776374760975,39.85658563376365,40.065358929616714,22906000
2016-09-08,39.81294250488281,40.08965857723117,39.72219322322258,39.930970295705485,23554000
2016-09-09,39.100830078125,39.758892905676326,39.07950668293214,39.61111224275351,37752000
2016-09-12,39.61359405517578,39.680538014267306,38.85387054339459,38.904454963709604,37274000
2016-09-13,39.11273193359375,39.463334549811115,38.89502975873551,39.375063413723495,36180000
2016-09-14,39.199012756347656,39.49010960239349,39.053714039483296,39.053714039483296,25842000
2016-09-15,39.73310470581055,39.85311122922831,39.109754827653475,39.17670256976002,31144000
2016-09-16,39.571441650390625,39.623512960897855,39.35572575706211,39.623512960897855,42612000
2016-09-19,39.44350051879883,39.86997600750059,39.352751232306396,39.72715541149446,22990000
2016-09-20,39.661197662353516,39.8084826978531,39.58582044325571,39.67210906625243,20984000
2016-09-21,39.921546936035156,39.96518876853298,39.475234948986504,39.73459266546319,26970000
2016-09-22,40.46307373046875,40.61729757663681,40.054452234070325,40.168011803845225,35186000
2016-09-23,40.41397476196289,40.51513602748833,40.303388980302216,40.42289986576177,28234000
2016-09-26,39.803524017333984,40.171980650024054,39.694425108236764,40.15908672984777,29454000
2016-09-27,40.2042121887207,40.34108145584214,39.76286025686579,39.76286025686579,27346000
2016-09-28,40.170982360839844,40.18040687743677,39.809967758800916,39.87443357104302,29406000
2016-09-29,39.80303192138672,40.36191228220349,39.71476077164047,40.03065049371682,27000000
2016-09-30,39.873443603515625,40.07329178970308,39.7464944906586,39.85063332153985,33204000
2016-10-03,39.690956115722656,39.84765810849905,39.485156586603146,39.79856435558325,29784000
2016-10-04,39.81046676635742,39.99444726895475,39.655747290474906,39.920061304868916,25174000
2016-10-05,39.73310470581055,40.093623688437845,39.707316866861795,39.96964835001755,24276000
2016-10-06,39.824851989746094,40.01676636066683,39.697407227114944,39.87444137682659,21998000
2016-10-07,39.70731735229492,39.966675064939814,39.514411753622035,39.966179435986824,23262000
2016-10-10,40.37480545043945,40.53398938105324,39.78319466833775,39.867001371932034,29922000
2016-10-11,40.14668655395508,40.65696871777446,40.03758764997952,40.3748007243462,34432000
2016-10-12,40.25579071044922,40.39116931675428,40.09611114868338,40.26521144516778,18158000
2016-10-13,39.87444305419922,39.997427160726076,39.60368203827617,39.97312998690846,27380000
2016-10-14,39.90022659301758,40.17247825014532,39.787162646581336,40.04156030949034,22238000
2016-10-17,40.01129913330078,40.341073948370024,39.862035386021404,39.96914797725192,21128000
2016-10-18,40.73780059814453,41.10079771896165,40.33314416254673,40.37678220965238,45786000
2016-10-19,41.00310516357422,41.14989456215698,40.80673017146021,40.80673017146021,30002000
2016-10-20,40.7447395324707,41.083935083561926,40.69118134455454,41.03880637026269,27878000
2016-10-21,40.86524963378906,40.8766566674164,40.58010784395228,40.66391454440971,32316000
2016-10-24,41.444461822509766,41.55356073443632,41.11220879686245,41.16428010789189,28952000
2016-10-25,41.08790969848633,41.58132914051226,40.92673948309203,41.58132914051226,37814000
2016-10-26,40.76804733276367,41.04625027544677,40.48290558524893,41.016989252236314,35898000
2016-10-27,40.532501220703125,40.99021648753633,40.39662320804764,40.81318235131715,59470000
2016-10-28,40.642093658447266,41.60612605093556,40.515140757668846,41.156840283677674,87098000
2016-10-31,40.16305160522461,40.794335361866395,40.06883291599354,40.78441521557222,44854000
2016-11-01,39.94386672973633,40.364394714683094,39.585825836102025,40.21115832740182,47118000
2016-11-02,39.09785842895508,40.00734138767822,38.92825873267209,40.00734138767822,47014000
2016-11-03,38.788909912109375,39.17620800207094,38.6123676331153,38.90346073678692,43504000
2016-11-04,38.7348518371582,39.10082649137992,38.23399045197834,38.24886688601086,39412000
2016-11-07,39.77277374267578,39.92005497714692,39.320014853240764,39.421675528596275,39852000
2016-11-08,40.266197204589844,40.467532276714046,39.65326310030571,39.77277777837263,35382000
2016-11-09,39.94932174682617,40.25281317518037,39.27737743822736,39.76286308441992,61970000
2016-11-10,38.69468688964844,40.17098393698969,38.096629213823995,40.16801016326997,118192000
2016-11-11,38.27118682861328,38.54591280698842,37.96323101166834,38.52211126828381,71852000
2016-11-14,37.35228729248047,38.27268175064442,36.874735480508704,38.271690492585314,73766000
2016-11-15,38.440284729003906,38.6922041944503,37.94736098408113,37.959755489882774,58878000
2016-11-16,38.67931365966797,38.85386963164312,38.0024093829705,38.20523133813976,35968000
2016-11-17,38.985782623291016,39.121660634215026,38.67287047840376,38.80428404501941,30674000
2016-11-18,38.48046112060547,39.240180917697,38.44971698921651,39.035872052433014,36126000
2016-11-21,38.91834259033203,39.005123063165335,38.49682338384016,38.58608578500666,32616000
2016-11-22,38.92825698852539,39.363161938984966,38.86577368920534,39.126122661419124,27884000
2016-11-23,38.63071823120117,39.15240745114739,38.31581979576557,39.15240745114739,26260000
2016-11-25,38.69171142578125,38.82411623564059,38.59054637232288,38.8097354297692,12270000
2016-11-28,38.96743392944336,39.659214658057756,38.586083394615024,38.59848168523095,51508000
2016-11-29,39.14844512939453,39.49557463935418,38.945123713969664,39.09587818213154,31240000
2016-11-30,38.47600173950195,39.2510974877147,38.3406231209779,39.13158656596807,45582000
2016-12-01,37.90322494506836,38.610877097627665,37.35922113621521,38.60839895306005,57342000
2016-12-02,37.90967559814453,38.20920196187701,37.638914631333265,37.78272648223054,34376000
2016-12-05,38.592037200927734,38.680308344325674,38.034148138269195,38.184406955295856,33770000
2016-12-06,38.490867614746094,38.94213964178725,38.349042073936005,38.68972453266154,34682000
2016-12-07,39.24910354614258,39.275383228959,38.35945342575898,38.67782501074588,40588000
2016-12-08,39.432586669921875,39.62251849051618,39.07256332010588,39.322496510051494,32250000
2016-12-09,40.14073944091797,40.16553602476414,39.57541213675826,39.637399812946185,38090000
2016-12-12,40.063873291015625,40.234959873944966,39.89675552333381,39.91113633053669,32572000
2016-12-13,40.43281936645508,40.877148826659145,40.26421472187155,40.28652937481459,42564000
2016-12-14,40.55927276611328,40.87516241354132,40.30586641102441,40.46158090468491,35994000
2016-12-15,40.448204040527344,40.8126919185087,40.267197282463194,40.533002010271325,35394000
2016-12-16,40.16007614135742,40.62423832922647,40.074778777211556,40.580104652013716,51978000
2016-12-19,40.2919921875,40.47646834125885,39.895269520282746,40.132312619227626,25272000
2016-12-20,40.42587661743164,40.48985058574589,40.217598957268436,40.335127335748176,25438000
2016-12-21,40.2771110534668,40.451667039307594,39.92502152449157,40.451667039307594,29192000
2016-12-22,40.15214920043945,40.221079470772125,39.97114244961582,40.1233875826191,22632000
2016-12-23,40.05891418457031,40.216115593068096,39.92551810127754,40.06932996020436,15310000
2016-12-27,40.1645393371582,40.46555260028408,39.95973484802999,40.10255166351089,19520000
2016-12-28,39.89873123168945,40.33314049780379,39.79310552608864,40.33314049780379,24296000
2016-12-29,39.81493377685547,39.95725497065917,39.579876990598294,39.78765904771357,21148000
2016-12-30,39.297706604003906,39.83526352357039,39.15736415123438,39.83129470831845,34718000
2017-01-03,40.069332122802734,40.239423677634676,39.517889982538364,39.70285797471264,39180000
2017-01-04,40.05742645263672,40.33810757528948,39.87592787720034,40.1625565476015,30306000
2017-01-05,40.31777572631836,40.35347993020166,39.96568619388392,40.04403719083414,26810000
2017-01-06,40.92227554321289,41.10823854216271,40.24239372942542,40.415462809502735,40342000
2017-01-09,41.01996994018555,41.18113636918223,40.744248904466446,40.979801294318186,28178000
2017-01-10,40.96194839477539,41.130556829441424,40.81962721252851,41.01451533275923,23948000
2017-01-11,41.15287399291992,41.15485650891124,40.7368142580937,40.99220317879171,26508000
2017-01-12,41.13650894165039,41.178660105260526,40.713998480740365,41.07947755844788,26990000
2017-01-13,41.2064323425293,41.39040907050946,41.136015190305905,41.20940611652713,25804000
2017-01-17,41.03385925292969,41.168742227228606,40.82260401083469,41.15981712172326,28818000
2017-01-18,41.11121368408203,41.15039107092733,40.866236784204396,41.149895441987034,20554000
2017-01-19,40.880619049072266,41.308585195718834,40.86029069494082,41.110223893139775,21410000
2017-01-20,41.069061279296875,41.12212384171675,40.89202338387347,41.114681840983785,26124000
2017-01-23,41.875396728515625,41.930441806841365,41.09534489891301,41.23965236867042,49148000
2017-01-24,42.128318786621094,42.227001937607845,41.76878719623774,42.001861491118994,33768000
2017-01-25,42.57065200805664,42.58751095898606,42.13872084245832,42.327661405847955,33108000
2017-01-26,42.49775695800781,42.69710953150405,42.17740659261196,42.600408910411446,69866000
2017-01-27,41.905155181884766,42.994649861401655,41.749940071620735,42.59793101150635,75050000
2017-01-30,40.853843688964844,41.5183497009137,40.714988128917156,41.509920225210415,70338000
2017-01-31,40.67333221435547,40.81615280472264,40.33661476749601,40.63911489947876,40404000
2017-02-01,40.4278678894043,40.862277255504374,40.279591580894134,40.862277255504374,45020000
2017-02-02,40.5776252746582,40.890045571153436,40.26967320585819,40.415963207605486,33784000
2017-02-03,40.67035675048828,40.967896797151255,40.63167499321704,40.81912866553325,30562000
2017-02-06,40.7442512512207,40.782433600042616,40.380754685087716,40.70953830527926,27018000
2017-02-07,41.12163162231445,41.255031495086214,40.82706908524538,40.93666363173222,33332000
2017-02-08,41.15386962890625,41.37058059369023,40.91732593524437,41.18610443433162,26044000
2017-02-09,41.16278839111328,41.258002122135224,40.98624989062791,41.24560383092649,23884000
2017-02-10,41.40032196044922,41.514377145213324,41.185101726079616,41.30609949904919,28302000
2017-02-13,41.604148864746094,41.74200940389567,41.46975772881294,41.541661772573235,25914000
2017-02-14,41.657203674316406,41.75489555205995,41.44892599840214,41.64430975388923,27266000
2017-02-15,41.5228157043457,41.74349166835377,41.468266249563726,41.59670225604755,27144000
2017-02-16,41.763328552246094,41.78911260951294,41.51983851944751,41.581330563872754,20102000
2017-02-17,41.980525970458984,41.99986684850953,41.64479980561299,41.72067264763677,29224000
2017-02-21,42.115421295166016,42.2607200495014,41.98053453364208,42.05194672997789,25206000
2017-02-22,42.219058990478516,42.339561144431656,41.98846289059501,42.052436859863256,24488000
2017-02-23,42.201210021972656,42.281547323123746,41.77969457229085,42.20517883749999,27734000
2017-02-24,42.04301452636719,42.07028925393276,41.80250205149641,42.03508067927258,26924000
2017-02-27,42.135257720947266,42.184847106668066,41.80498719091664,41.90119218825459,20206000
2017-02-28,41.90019226074219,42.09359727432697,41.727123168204734,42.02020257062519,27662000
2017-03-01,42.48635482788086,42.548342504149474,42.10302173633667,42.22005449939924,36374000
2017-03-02,42.14418029785156,42.473459550089444,42.088143954841,42.464530661459044,25018000
2017-03-03,42.105987548828125,42.19227616365611,41.88928042907905,42.09904496066619,20100000
2017-03-06,42.0162353515625,42.099050792067395,41.71373520399392,41.99590321317,20958000
2017-03-07,42.208648681640625,42.31675634233,41.929458207599495,42.01574305780184,20774000
2017-03-08,42.33211898803711,42.495271700798064,42.21359936092514,42.30633115114778,20576000
2017-03-09,42.5404052734375,42.6827302507208,42.284025089466375,42.334609515705885,26954000
2017-03-10,42.71744155883789,42.857284602286036,42.529000390475204,42.781411749266475,26732000
2017-03-13,42.87464141845703,43.00109490777939,42.68818277278567,42.688678401756775,23332000
2017-03-14,42.94060134887695,43.02341679481871,42.65396887665128,42.83348494769357,21234000
2017-03-15,43.063575744628906,43.13746607479491,42.711981869445765,43.0412610919244,26658000
2017-03-16,43.14341735839844,43.277808470275495,43.02043327904606,43.16970082604321,22090000
2017-03-17,43.260948181152344,43.362608871455045,43.062586873676324,43.325909627095676,37366000
2017-03-20,43.0397834777832,43.16028565509073,42.87911264689721,43.117638856264655,30844000
2017-03-21,42.15855407714844,43.31549192799727,42.03705689376401,43.146387885754244,50760000
2017-03-22,42.14170455932617,42.41693000021979,42.00284898291216,42.12583308053658,27334000
2017-03-23,41.63835906982422,41.73952413545238,41.30858796954817,41.72464769885976,65754000
2017-03-24,41.41470718383789,41.85407658673176,41.11518460122445,41.754894042196646,42114000
2017-03-27,41.58182907104492,41.72415405026742,40.877154331422155,41.06509988057036,38692000
2017-03-28,41.68695831298828,41.923501963226926,41.27238171373044,41.64034270679851,30384000
2017-03-29,42.145179748535156,42.230473352100276,41.72415986720412,41.79209888597714,29146000
2017-03-30,42.12582778930664,42.25079438729793,41.99144045777014,42.24980312939076,18988000
2017-03-31,42.04252243041992,42.12980232264976,41.91557329938347,41.994419931403485,28820000
2017-04-03,42.48635482788086,42.59793188847887,42.0291313971322,42.08963218639071,39388000
2017-04-04,42.2790641784668,42.300387573764205,42.02813594100939,42.05243689345709,26970000
2017-04-05,42.09756088256836,42.67677329553745,42.02863062525979,42.385184573282025,37104000
2017-04-06,41.90862274169922,42.329642489444076,41.85407329235535,42.12681675564776,30672000
2017-04-07,41.75985336303711,41.94730326120509,41.52182282729505,41.90366521245205,22232000
2017-04-10,41.74001693725586,41.98995391873593,41.69489200154322,41.732083090505675,20924000
2017-04-11,41.64976119995117,41.88531357959938,41.38792535315097,41.740014850291004,19486000
2017-04-12,41.72812271118164,41.84019540294904,41.536208347198745,41.57935077189065,22716000
2017-04-13,41.66464614868164,41.84069282493909,41.549104048872344,41.70729294618812,21474000
2017-04-17,42.4060173034668,42.43130951621457,41.70679450281725,41.72415286812567,20982000
2017-04-18,42.34947967529297,42.5180843152921,42.213601678682956,42.27757186208447,18724000
2017-04-19,42.474449157714844,42.657434616117435,42.326668489768906,42.518087207486694,21606000
2017-04-20,42.6514892578125,42.84240857293472,42.52354509231196,42.634626521743776,23776000
2017-04-21,42.59545135498047,42.76852425193915,42.53495434716827,42.67826680238518,23458000
2017-04-24,43.58625793457031,43.63733798513272,42.95051352925195,43.06605939579338,33930000
2017-04-25,44.07769775390625,44.24679802898391,43.603615418776904,43.75139229861264,40760000
2017-04-26,44.09257125854492,44.283494328553715,43.89470560023449,44.20414830029094,26466000
2017-04-27,44.20663070678711,44.30283569444593,43.995379263853415,44.135222301207726,46846000
2017-04-28,45.847076416015625,46.41140864894672,45.782606814790455,46.06923926718595,76918000
2017-05-01,46.258670806884766,46.40744273241571,45.662599413681235,45.82872591991536,46556000
2017-05-02,46.47042465209961,46.76300844888873,46.168420120902084,46.28099222194127,35026000
2017-05-03,47.03376770019531,47.120548172946634,46.37719550414564,46.418851039088835,36496000
2017-05-04,47.344696044921875,47.56388511814019,46.98020823231259,47.12501134273626,38752000
2017-05-05,47.124515533447266,47.52917199142288,47.01640788415368,47.44387462481954,32310000
2017-05-08,47.541568756103516,47.65562394932024,46.98169343110504,46.9841753592796,37534000
2017-05-09,47.44337844848633,47.71563008444086,47.328827623964095,47.67248766438514,33758000
2017-05-10,47.350650787353516,47.44338259547366,47.10270008245912,47.41908542404373,22920000
2017-05-11,47.402713775634766,47.506856391130086,47.041699157798405,47.174599602995826,20622000
2017-05-12,47.36552429199219,47.506358588677905,47.212787333116125,47.49991541203768,24298000
2017-05-15,47.56785202026367,47.740425493350756,47.250475431059215,47.37296389248894,26754000
2017-05-16,47.83514404296875,47.89911423370627,47.6238925898093,47.782580885888294,22030000
2017-05-17,46.72234344482422,47.65562796915042,46.61770519282144,47.59165777842609,48982000
2017-05-18,47.13542938232422,47.31791922016584,46.67771033389201,46.77341969716023,36010000
2017-05-19,47.34122848510742,47.58471854037057,47.20981490803717,47.25047918875206,27206000
2017-05-22,47.80836486816406,47.84555974302487,47.43594319112979,47.457762216999214,27748000
2017-05-23,48.12970733642578,48.326082340687556,47.82968534461485,48.10045009405609,30908000
2017-05-24,48.47981643676758,48.505104865122426,48.18326761826349,48.36327930777506,22660000
2017-05-25,49.18647766113281,49.38087395727008,48.490232387653094,48.548750663131486,39082000
2017-05-26,49.25638961791992,49.41110906633756,48.963310257812736,49.19340691488749,32728000
2017-05-30,49.400211334228516,49.47211916056889,49.16168513662626,49.21821711290627,30324000
2017-05-31,48.949928283691406,49.57030062685248,48.681645460182665,49.4021916056007,34482000
2017-06-01,49.009437561035156,49.249950027594366,48.662304332794264,49.14184237902644,26128000
2017-06-02,49.39772033691406,49.41557432745459,48.94893026318709,49.02430747309151,34710000
2017-06-05,49.78254699707031,49.95710297789331,49.36450099180219,49.48550256057955,27578000
2017-06-06,49.425498962402344,50.01710970920637,49.33227152977824,49.75428258005045,31042000
2017-06-07,49.66452407836914,49.78403497945871,49.38532984527418,49.54500939385229,27482000
2017-06-08,49.80238342285156,49.86784049676584,49.42252354896753,49.79990149461113,33758000
2017-06-09,48.10838317871094,49.86288318658422,47.27774688858592,49.86238755763171,72958000
2017-06-12,47.696292877197266,48.003257481100995,46.45604373663614,47.543060281458054,84042000
2017-06-13,48.12723159790039,48.4946931975367,47.70620801702307,48.20360007931239,40108000
2017-06-14,47.99977493286133,48.58345174082302,47.58222460903668,48.37517409952524,30110000
2017-06-15,47.615455627441406,47.64025220879291,46.63307742517369,47.01244166260358,48552000
2017-06-16,47.5380973815918,47.60405386865865,47.04616482162544,47.502888807700664,51184000
2017-06-19,48.36130142211914,48.563627785466025,48.01317688875645,48.0850809322781,29376000
2017-06-20,48.052345275878906,48.63750901209517,48.013167889343364,48.36575301788225,25946000
2017-06-21,48.52841567993164,48.576022547275464,48.07516107389255,48.141613193262096,23232000
2017-06-22,48.430721282958984,48.62313125830623,48.266577292467396,48.44311579057337,20190000
2017-06-23,48.90033721923828,48.92662068716568,48.323602945386355,48.375178623346095,31280000
2017-06-26,48.20608139038086,49.29210672068234,48.11880149870865,49.09424102322371,30358000
2017-06-27,47.01591873168945,47.96457918614276,46.96632934432752,47.68588433210636,48872000
2017-06-28,47.656620025634766,47.767205827386036,46.42430472810103,47.14336403741157,54912000
2017-06-29,46.506622314453125,47.19295115976187,46.09899207409233,47.17757909465586,64134000
2017-06-30,46.10295867919922,46.86267841078685,46.09948549310746,46.812593402635756,45754000
2017-07-03,45.59614562988281,46.329090043167966,45.39034611324507,46.27850562295569,33896000
2017-07-05,46.230899810791016,46.43074800115693,45.554986762116975,45.8312034300592,41882000
2017-07-06,46.004276275634766,46.4233135702803,45.61549126716773,45.87088018933143,40298000
2017-07-07,46.6548957824707,46.84581886255221,46.10841001006058,46.167919534397264,33266000
2017-07-10,47.16021728515625,47.2658467841332,46.71142717202017,46.71142717202017,29030000
2017-07-11,47.285682678222656,47.35312605280559,46.868631706403306,47.136418905416306,29224000
2017-07-12,47.98640060424805,48.0840924967372,47.459755003740504,47.64918745659049,32042000
2017-07-13,48.045406341552734,48.53386950434933,47.84456688766295,48.142106959478454,30492000
2017-07-14,48.44510269165039,48.47634245069902,48.10987211753097,48.30079520834739,21592000
2017-07-17,48.39799499511719,48.764465355089825,48.14211043919196,48.415848989756064,33210000
2017-07-18,48.942989349365234,49.13639059596176,48.20360168122749,48.269058760287045,28266000
2017-07-19,49.23160171508789,49.37194038363207,48.945960521392344,49.09473244937052,28242000
2017-07-20,49.20283889770508,49.52467613243414,48.82743968411209,49.44136506550022,28368000
2017-07-21,49.28466796875,49.3476469041636,48.80512987390035,49.04465110681901,29266000
2017-07-24,49.50632858276367,49.897099847561435,49.1076234714027,49.29755529368195,79690000
2017-07-25,48.0543327331543,48.43617514191292,47.79497500253441,48.13714817516883,118672000
2017-07-26,47.86985397338867,48.298311967463555,47.617938258242155,48.24029311170584,44432000
2017-07-27,47.23509979248047,48.07862999676689,46.46893310540947,48.06176726220952,74358000
2017-07-28,47.523719787597656,47.695302007938096,46.878055184955635,47.010959426011375,36276000
2017-07-31,46.887481689453125,47.66555115368804,46.700523611850336,47.606537249115576,45670000
2017-08-01,46.940040588378906,47.333290023203226,46.86069833421592,47.002028261461085,28052000
2017-08-02,46.99359893798828,47.06600238669588,46.24379552740567,47.02979877062842,40788000
2017-08-03,46.629608154296875,47.11063311885888,46.58696136020735,47.06600380879144,22478000
2017-08-04,46.90185546875,46.98863593588124,46.604811041169754,46.81060677422712,25092000
2017-08-07,46.899871826171875,47.059059529941955,46.78829477158166,46.98764733959947,28916000
2017-08-08,46.822509765625,47.23410880149286,46.73771181369094,46.827469838573094,30102000
2017-08-09,46.61869812011719,46.801187949752354,46.313220421096304,46.53786519707213,28018000
2017-08-10,45.800960540771484,46.43124931832855,45.711202503418164,46.36678349475481,54148000
2017-08-11,46.123291015625,46.28544870248275,45.683425993885166,45.8069057051772,32334000
2017-08-14,46.56167221069336,46.66630668682234,46.3414918529843,46.56861480050015,23012000
2017-08-15,46.51951599121094,46.76697105224863,46.44810758478902,46.66580599029485,22130000
2017-08-16,46.826480865478516,47.1056713162166,46.616712522265445,46.676717679241115,26906000
2017-08-17,46.00279235839844,46.803672123775854,46.001801100333104,46.761025326399924,33914000
2017-08-18,45.92939376831055,46.16941061984023,45.79401516868831,45.96906678814283,26748000
2017-08-21,45.666072845458984,46.032047577115684,45.553504525158544,45.90906726416016,26024000
2017-08-22,46.63456726074219,46.71192699997821,45.928897523208725,45.96807491352462,35502000
2017-08-23,46.742671966552734,46.88400188668446,46.37867979345375,46.46595589029751,22690000
2017-08-24,46.46050262451172,46.92763857425652,46.15552057307429,46.798706948541536,25892000
2017-08-25,46.14362716674805,46.650931821234515,46.12379065657195,46.57555459593632,23746000
2017-08-28,46.026100158691406,46.359344459434325,45.925926346807096,46.212063190822604,20988000
2017-08-29,46.40397262573242,46.52497420342654,45.588712105293304,45.620451278430565,23172000
2017-08-30,46.794742584228516,46.90532838288006,46.31966895942855,46.40000625624222,22406000
2017-08-31,47.3704833984375,47.46767964301148,46.92466703864264,46.92714518345369,33866000
2017-09-01,47.209312438964844,47.52371523369903,47.1245144866378,47.48106844305831,20858000
2017-09-05,46.68812561035156,47.17956255863434,46.39653307931731,46.954917774958375,29148000
2017-09-06,46.71489715576172,46.837877442623125,46.25172248484503,46.80663768785879,27830000
2017-09-07,47.10517883300781,47.135431119717744,46.492244652362224,46.825492734615516,22332000
2017-09-08,46.68465042114258,47.14534321883074,46.61522453183376,47.09575383838547,19998000
2017-09-11,46.77787780761719,47.24352685685665,46.6643144657636,46.97177465285487,26748000
2017-09-12,46.94450378417969,47.0159121893701,46.49075357527375,46.957893333081294,25696000
2017-09-13,47.132450103759766,47.25196478794652,46.84978646862486,46.887476971137396,21908000
2017-09-14,46.621177673339844,47.01294022589759,46.533402158652414,46.91227079077676,28548000
2017-09-15,46.38116455078125,46.70151872113125,46.18082070584197,46.619198902080605,39886000
2017-09-18,46.10643005371094,46.459015208510344,45.890714164084756,46.36727466389733,29474000
2017-09-19,46.45901870727539,46.51257690784219,45.95320092623724,46.287935896352124,24854000
2017-09-20,46.98863983154297,47.11063266470182,46.49075591911363,46.50216295273148,40080000
2017-09-21,46.9891357421875,47.24948473358056,46.58398741638677,47.0179011408994,27414000
2017-09-22,46.776390075683594,47.11062937937381,46.65638355027977,46.7520929066006,21496000
2017-09-25,46.33106994628906,46.6023265197389,45.846571867137655,46.587450085254346,37468000
2017-09-26,46.48727798461914,46.81705283360065,46.372727164860606,46.45058252599253,33454000
2017-09-27,47.6015739440918,47.87580811223857,46.71143184626798,46.75060923698249,46692000
2017-09-28,47.84506607055664,47.913001295896066,47.38586011682963,47.42057306472946,28018000
2017-09-29,48.28690719604492,48.39055039686221,47.90406977893534,47.90406977893534,40622000
2017-10-02,47.97697448730469,48.4862654467882,47.70323594067365,48.38262223379601,30782000
2017-10-03,48.20558166503906,48.22343565844154,47.74092382529935,47.981432514979794,21666000
2017-10-04,47.94275665283203,48.32063403738987,47.88473400928468,48.18971609694457,21156000
2017-10-05,48.855709075927734,48.92116993789947,48.115825784612824,48.2407923937289,35618000
2017-10-06,49.274742126464844,49.30549003881309,48.52444312392938,48.598333455929044,31060000
2017-10-09,49.20878601074219,49.612943019836436,49.168617367607716,49.34218207550956,25910000
2017-10-10,48.985137939453125,49.46467599871771,48.65338055030203,49.3570639761873,23268000
2017-10-11,49.87032699584961,49.96554073338551,48.99208374382419,49.046633202132725,36300000
2017-10-12,49.87032699584961,50.16241138556229,49.644690944066795,49.78056896083007,30614000
2017-10-13,49.98041534423828,50.32208910626672,49.94024669548672,50.04190738984053,26552000
2017-10-16,50.053802490234375,50.18521604777467,49.665513148471184,50.067687667759934,21420000
2017-10-17,50.1356315612793,50.31217385472003,49.890162785863865,49.959093051266045,20260000
2017-10-18,50.221920013427734,50.39895415181244,49.853958990972124,50.138113311441074,25596000
2017-10-19,49.68138122558594,49.953137230765876,49.456244609722525,49.825688703861445,34284000
2017-10-20,49.841556549072266,50.019086288197954,49.70270099943452,49.9397440432604,32120000
2017-10-23,48.873069763183594,49.877270911658044,48.75206818030014,49.84701862422336,32786000
2017-10-24,49.019351959228516,49.05753808834129,48.45352909514422,48.920668831749225,28902000
2017-10-25,49.16664123535156,49.31392249587297,48.48527245064435,48.90926602189364,30574000
2017-10-26,49.16465377807617,49.91297029240875,49.117542541618604,49.51426515906701,47396000
2017-10-27,51.25984191894531,52.74506807565979,50.92163753446783,51.12694145454128,103682000
2017-10-30,51.233062744140625,51.56531577185104,50.697488327772334,51.03618831577811,46804000
2017-10-31,51.22859573364258,51.623332045146604,50.89435642328823,51.226613217782514,30326000
2017-11-01,51.70267868041992,51.96352328927829,51.27620319307173,51.39125343255267,43262000
2017-11-02,51.72102355957031,51.84748082988711,51.01138882256397,51.57324667705165,26694000
2017-11-03,52.06914520263672,52.102371258383826,51.457202372449544,51.71011311584816,27770000
2017-11-06,51.70664596557617,52.19808670378432,51.672924276958234,52.025017599763366,18294000
2017-11-07,52.18816375732422,52.23874817925111,51.722514668837015,52.05228575215725,26104000
2017-11-08,52.480743408203125,52.69893742223279,51.923350036891385,52.072118166898846,24276000
2017-11-09,51.956573486328125,52.1132754547323,51.36793660501502,51.97045866243618,35892000
2017-11-10,51.779544830322266,51.90252892161213,51.63424608418629,51.76565965173881,19442000
2017-11-13,51.63325500488281,52.00716356994942,51.53705001244632,51.61341849491961,18814000
2017-11-14,51.65507507324219,51.68780550451338,51.04461904670121,51.46068256847816,21012000
2017-11-15,51.395721435546875,51.55540100577165,51.115535906520314,51.325799906407575,18106000
2017-11-16,51.99376678466797,52.15691950259694,51.474559545217346,51.51175063158058,23768000
2017-11-17,51.36992645263672,52.119234223944794,51.26281384312648,52.05972847980375,26712000
2017-11-20,51.308937072753906,51.50928090980651,51.21074577853023,51.37538541015037,17526000
2017-11-21,52.08452224731445,52.08898669157897,51.531097629318225,51.57572693825396,22206000
2017-11-22,52.16486740112305,52.33892778567493,51.933279995158486,52.127176892256685,14538000
2017-11-24,52.392974853515625,52.5690215149846,52.16486066383673,52.28734912669069,16492000
2017-11-27,53.1611213684082,53.21220141941328,52.30618788455397,52.49463282792565,35430000
2017-11-28,52.728702545166016,53.557352626203155,52.29478880861113,53.25931690595889,36424000
2017-11-29,51.443817138671875,52.50455016630256,51.060484068236356,52.37611037638018,55866000
2017-11-30,51.383811950683594,51.7790476831608,51.08131558808607,51.5707700105157,45092000
2017-12-01,50.8333625793457,51.436872173526986,50.42821050239636,51.098172210575164,37762000
2017-12-04,50.17877197265625,51.14429506199588,50.04735840756122,50.96874403359691,38778000
2017-12-05,50.562103271484375,51.409102902921646,49.705187277347164,50.13513216130668,38998000
2017-12-06,51.212730407714844,51.55291728137784,50.349363627875285,50.40936878626148,28710000
2017-12-07,51.80036926269531,52.01608514583892,51.343645285821324,51.378853859003144,30866000
2017-12-08,52.03890609741211,52.38801810167434,51.864346311853325,52.159408268508535,31170000
2017-12-11,52.167335510253906,52.36718370101123,51.77805490377911,52.12468871902645,23254000
2017-12-12,52.0086555480957,52.689528780110166,51.81525428630646,52.0696519709324,33882000
2017-12-13,52.13857650756836,52.34139848224902,51.900046545329204,52.17279382474139,27680000
2017-12-14,52.44007873535156,52.91663918683297,52.24816440618839,52.34189124061637,30962000
2017-12-15,53.160621643066406,53.32179184713229,52.57000599772476,52.752991441506225,63760000
2017-12-18,53.80976104736328,53.87918693385484,53.079794197885974,53.3812992834663,30292000
2017-12-19,53.54644012451172,53.80381534382026,53.174018443228746,53.70711472156282,26350000
2017-12-20,53.23799133300781,53.61834685390678,52.99202315248138,53.602974788480715,28728000
2017-12-21,53.103599548339844,53.43436568251371,53.01185900248399,53.32873995836311,25640000
2017-12-22,53.004920959472656,53.14674652846425,52.94442016787727,53.06145293546029,17788000
2017-12-26,52.85564422607422,53.00491177138416,52.49809902458321,52.994000367925004,18376000
2017-12-27,52.57546615600586,52.97566198635795,52.48521249229151,52.89284654116644,22324000
2017-12-28,52.36470413208008,52.80556040594889,52.23725560739787,52.67712062337121,19884000
2017-12-29,52.23824691772461,52.46884301517318,52.20353397421298,52.34189390273837,23606000
2018-01-02,53.22062683105469,53.357991712931344,52.219403426462016,52.219403426462016,31766000
2018-01-03,54.12862777709961,54.355750700510285,53.23154311672444,53.256335915730126,31318000
2018-01-04,54.33888626098633,54.751476560448786,54.26450408287468,54.40484274679612,26052000
2018-01-05,55.0594367980957,55.22258954087465,54.638416989259554,54.720241175148296,30250000
2018-01-08,55.25382995605469,55.4993025166289,55.04505664237201,55.09464602680576,24644000
2018-01-09,55.18341064453125,55.463596141591765,54.95579208730221,55.463596141591765,26808000
2018-01-10,55.05199432373047,55.182912254345965,54.74652041343671,54.89627981139507,20734000
2018-01-11,55.14671325683594,55.28556503634139,54.87049658472819,55.15960717685105,22424000
2018-01-12,56.069095611572266,56.10132663134189,54.94637481997986,55.050018035799674,38586000
2018-01-16,56.07156753540039,56.97311661601301,55.87122371564505,56.54812802368967,36462000
2018-01-17,56.488128662109375,56.49903628307341,55.71402429869447,56.352250653332995,27830000
2018-01-18,56.332908630371094,56.5620140670971,55.762125662718006,56.50052202410961,27498000
2018-01-19,56.706321716308594,56.720206894332954,56.16083095816857,56.43506511586326,30552000
2018-01-22,57.73086166381836,57.86574842810329,56.62301728246273,56.722199839562734,29550000
2018-01-23,58.32643508911133,58.44247659523314,57.884091874682795,58.051209652613295,39138000
2018-01-24,58.08443069458008,58.86597325427586,57.89152509119523,58.763321307092504,37128000
2018-01-25,58.62248611450195,58.764315457472286,58.11170828169678,58.551573334730485,29984000
2018-01-26,58.891265869140625,58.891265869140625,57.922772751632536,58.88977898213961,42170000
2018-01-29,58.837711334228516,59.408989965944905,58.71770101469446,58.91308855982993,31494000
2018-01-30,58.38594436645508,58.90961613703098,58.244115018829305,58.4033027319393,37338000
2018-01-31,58.62644958496094,58.82977095493848,58.124596903147186,58.70529620480337,36022000
2018-02-01,58.59520721435547,58.88580846888545,57.988720061776846,58.31750366291617,73514000
2018-02-02,55.50128173828125,56.10132195619659,55.10307223257932,55.908911977935325,117842000
2018-02-05,52.68406677246094,55.29250913268484,52.403885060973224,54.579401181234864,83550000
2018-02-06,53.77703094482422,53.92332093628484,51.07833510949319,51.275209521008335,76630000
2018-02-07,52.33792495727539,53.88116972799256,52.298747569900236,53.803809994563316,51942000
2018-02-08,49.97248077392578,52.7604354198397,49.823213214703266,52.55910033343243,66792000
2018-02-09,51.884674072265625,52.154939421196886,49.44136696056784,50.873530413868025,98360000
2018-02-12,52.2957763671875,52.84176275541114,51.84599496738983,52.400410831553884,56240000
2018-02-13,52.27494812011719,52.62604638340829,51.91690726786351,52.069644225040435,31586000
2018-02-14,53.195343017578125,53.332707921134535,52.05973210888085,52.283877489834836,41304000
2018-02-15,54.120697021484375,54.25657503679808,52.92408592137374,53.72843882491216,37396000
2018-02-16,54.32599639892578,54.96124517382604,54.13011323977028,54.22086252426643,39948000
2018-02-20,54.72718048095703,55.35697356321542,54.053249936484505,54.19011920041888,33754000
2018-02-21,55.23101806640625,56.3443180642119,54.92157532240857,55.000425732948564,41486000
2018-02-22,55.04009246826172,55.811714885519635,54.80454007218007,55.49979401074562,28010000
2018-02-23,55.942142486572266,55.9872712108776,54.967698009947114,55.47450705289825,25292000
2018-02-26,56.71623992919922,56.74103272715342,56.004123275614624,56.12908987357392,30912000
2018-02-27,55.41747283935547,56.74351486728619,55.38176863743762,56.716240141035705,42964000
2018-02-28,54.74354934692383,55.920323975107024,54.69792877661116,55.64013845884599,49292000
2018-03-01,53.131370544433594,55.108033526161094,52.927057899393276,55.022244310460025,55338000
2018-03-02,53.76265335083008,53.899026988063376,52.07510100225839,52.46537287912138,50162000
2018-03-05,54.289302825927734,54.60767069007468,53.174020259959434,53.4646215490841,28648000
2018-03-06,54.593772888183594,54.82833777716142,54.27639635544392,54.6532824068573,23382000
2018-03-07,55.29498291015625,55.352509918281086,54.048782578410666,54.19309005252428,30748000
2018-03-08,56.00611877441406,56.10827132358543,55.40210966830253,55.40210966830253,33862000
2018-03-09,57.56621170043945,57.574145546899096,56.249594231403485,56.50795689570287,42662000
2018-03-12,57.81863021850586,58.42511738881455,57.484886534640694,57.77498838527019,44306000
2018-03-13,56.528289794921875,58.41718089353128,56.26348016740989,58.111207579493254,43140000
2018-03-14,56.97361373901367,57.512657541407506,56.64929456873817,56.82038115055427,41870000
2018-03-15,57.058902740478516,57.648530918307635,56.317532656728815,57.007330847302676,33382000
2018-03-16,56.256046295166016,57.36636872328307,56.104300590504835,57.29396905727139,58656000
2018-03-19,54.55261993408203,55.50970587675542,53.9996872225219,55.429868001758216,63656000
2018-03-20,54.34087371826172,54.82437680342682,53.6773551646342,54.46980535202091,54598000
2018-03-21,54.25161361694336,54.980589276264126,53.91489614445986,54.18070083702967,44898000
2018-03-22,52.22584915161133,53.75173546748775,52.05178503253973,53.557838624870314,69312000
2018-03-23,50.90675735473633,52.90176997836697,50.823446283165815,52.13758574321913,49880000
2018-03-26,52.27246856689453,52.529348153609014,50.11480262154062,52.09939946393313,65984000
2018-03-27,49.934288024902344,52.79068070964248,49.472108384549784,52.7589415418127,60816000
2018-03-28,49.84701919555664,50.829401328072805,48.79670183550129,49.68486148491231,77698000
2018-03-29,51.431915283203125,51.97294539534583,49.790482890945164,50.146045610588935,69338000
2018-04-02,50.21645736694336,51.550433175130905,49.30499198011225,50.959813744048574,65068000
2018-04-03,50.5164794921875,50.82989103838948,49.45376396334763,50.39101726128376,51322000
2018-04-04,51.0634651184082,51.213723943837955,49.41707256609332,49.50236615694031,50724000
2018-04-05,51.208763122558594,51.90649525559335,50.78030509168495,51.89062756065063,35836000
2018-04-06,50.083560943603516,51.37538191226471,49.90007607203774,50.73566868177713,40134000
2018-04-09,50.58640670776367,51.80136361150486,50.542269243842824,50.58392477939644,33220000
2018-04-10,51.400184631347656,51.63375454079644,50.354327927065846,51.090741862676616,36620000
2018-04-11,50.832862854003906,51.36893285640802,50.54226538528964,51.177018516748994,34060000
2018-04-12,51.43935012817383,51.804333558003776,50.88196051268836,51.150738957977,32896000
2018-04-13,51.37736129760742,52.21741830032065,51.0852769479233,51.91541758840648,25410000
2018-04-16,51.876243591308594,52.14055760390715,51.272234561158584,51.84896886410997,29776000
2018-04-17,53.525611877441406,53.80530174936191,52.42124076423234,52.625057782700104,54584000
2018-04-18,53.32874298095703,53.656531576402124,53.08723923405093,53.50825905100342,31126000
2018-04-19,54.02597427368164,54.425670654393286,53.012848144162085,53.012848144162085,39884000
2018-04-20,53.4244499206543,54.28880417094214,53.16558781994128,53.76910123700116,42434000
2018-04-23,53.25038146972656,53.95406863635697,52.89680507681569,53.70512291892227,69590000
2018-04-24,50.71286392211914,52.78821020067303,50.22787389638653,52.52587867655048,128220000
2018-04-25,50.73020935058594,51.378847591190386,50.43365679884799,51.06543609006936,57860000
2018-04-26,51.73788070678711,52.169811841577875,50.604248757586895,51.23751494841889,50926000
2018-04-27,51.149749755859375,52.15395087733861,50.95833480625479,51.84847693764193,40746000
2018-04-30,50.51152420043945,51.49291119658889,50.4976390221724,51.297031813913144,34492000
2018-05-01,51.61093521118164,51.65953333511568,50.11628846472264,50.3984564742984,35326000
2018-05-02,50.881961822509766,51.77111261726517,50.7386455999112,51.27620250432645,34698000
2018-05-03,50.89435577392578,51.11205795646104,49.98140344858725,50.8482395802044,39282000
2018-05-04,52.119232177734375,52.162874009608664,50.48523810460643,50.56259783900899,36892000
2018-05-07,52.53876876831055,52.81349856487074,52.08303602194404,52.262552084785746,34400000
2018-05-08,52.49562454223633,52.82490378360529,52.1509732359064,52.79465149922729,26030000
2018-05-09,54.00118637084961,54.25161902281373,52.67018782626687,52.76887475661845,47160000
2018-05-10,54.82040786743164,55.01579540037232,54.24565986859183,54.30120058047087,36414000
2018-05-11,54.716766357421875,54.995960595802366,54.411292432619845,54.56948509726962,30504000
2018-05-14,54.8764533996582,55.44921893906917,54.78719099199496,54.82537334346097,39338000
2018-05-15,53.79885482788086,54.50551583478358,53.496850300827376,54.39542566367748,35738000
2018-05-16,53.76016616821289,54.27045209276609,53.63817713351851,53.809759328488724,25628000
2018-05-17,53.619834899902344,54.10284238278998,53.37981804544918,53.62975504669495,25738000
2018-05-18,53.04359817504883,53.24642394515958,52.797633763463644,52.86309084433973,35482000
2018-05-21,53.756202697753906,54.21689547540885,53.4581670156506,53.50775639393948,25180000
2018-05-22,53.324771881103516,54.142514308298246,53.173521804708045,54.043335542942394,22226000
2018-05-23,53.852901458740234,53.95406651104006,52.91068816992643,53.06144259881079,23740000
2018-05-24,53.827613830566406,53.910429269372564,53.1755060953026,53.89952164864626,20604000
2018-05-25,53.75967025756836,54.03192187502245,53.68627934225027,53.8821587039764,22224000
2018-05-29,52.96574020385742,53.623803084012096,52.718285133936725,53.35898964912242,36076000
2018-05-30,53.431884765625,53.5072619843756,52.890359056796385,53.23401909347628,28686000
2018-05-31,54.54915237426758,55.04505375948819,53.45817084015315,53.65652836749955,79368000
2018-06-01,56.28480529785156,56.44151106851261,55.14472626643727,55.18737684111706,63202000
2018-06-04,57.17940902709961,57.41843459494739,56.38398133372516,56.45836729205581,44754000
2018-06-05,57.07923889160156,57.579109082894355,56.90270039283215,57.25974998898025,32964000
2018-06-06,56.87740707397461,57.26222701862071,56.35026594935218,57.16602203245919,34934000
2018-06-07,56.256046295166016,56.82385172347052,55.84444723238327,56.759881533622824,36108000
2018-06-08,56.17124557495117,56.47225504111874,55.70112826427263,56.09685961323271,27284000
2018-06-11,56.5773811340332,56.91658049015151,56.1062763821522,56.1826448543146,24796000
2018-06-12,56.93890380859375,56.96667416633421,56.583341076973774,56.583341076973774,26092000
2018-06-13,56.742523193359375,57.308349889397284,56.7003720290939,57.14172396484692,34302000
2018-06-14,57.53002166748047,57.821610437518565,57.05841740920553,57.1382590831917,35422000
2018-06-15,57.48835372924805,57.7184503998392,57.21164145646748,57.520584742562846,44438000
2018-06-18,58.69389724731445,58.721171974953876,57.07824892326905,57.16205562210949,33038000
2018-06-19,58.4514045715332,58.65571343900531,57.604404877641464,58.02592031687286,47282000
2018-06-20,58.71819305419922,59.582055430097064,58.61703177653395,58.680010706447035,51686000
2018-06-21,57.99269104003906,59.028627478081944,57.69713348494236,58.7896056767175,44966000
2018-06-22,57.985252380371094,58.268411642139256,57.50720121442879,58.094351288368564,34220000
2018-06-25,56.49705123901367,57.32570123702275,55.535992641005855,57.27660748631316,57682000
2018-06-26,56.16678237915039,56.87343957261279,55.98726632248707,56.73806097837221,34688000
2018-06-27,55.38921356201172,56.84071799307959,55.37731089878882,56.334400794794554,34538000
2018-06-28,55.87717819213867,56.23521906056949,54.85016682481249,55.16357460022306,29726000
2018-06-29,55.99668884277344,56.600202261509295,55.889080601193115,56.1514121055337,31562000
2018-07-02,56.63739013671875,56.681031969084565,54.876446930042064,55.31036062491598,23216000
2018-07-03,55.356483459472656,57.02419943740615,55.264742906533236,56.99990226522795,16448000
2018-07-05,56.59672546386719,56.73805916810667,55.695672023074046,55.76906672616169,28594000
2018-07-06,57.280582427978516,57.33612314449367,56.39589221238666,56.62053700692371,21820000
2018-07-09,57.88557434082031,57.91780914101105,57.387194819139,57.5245597123931,21584000
2018-07-10,57.878631591796875,58.19402565354228,57.65150867103395,58.019965299848046,21334000
2018-07-11,58.09286880493164,58.538185792117275,57.294962855903464,57.30735736449312,33252000
2018-07-12,59.57064437866211,59.606844208096305,58.174185260316186,58.26146513753374,44148000
2018-07-13,59.727359771728516,60.02589112645996,59.274600774334715,59.64702247008264,32612000
2018-07-16,59.33510208129883,59.940102427128856,59.18087443729468,59.69710800401507,26784000
2018-07-17,60.156803131103516,60.4384755046364,58.615540815278734,58.65224005936891,40162000
2018-07-18,60.14837646484375,60.578817000428316,59.734299252775074,59.93116989766514,38948000
2018-07-19,59.463539123535156,60.32541524847211,59.39560011669375,59.83794332123069,38338000
2018-07-20,59.40303421020508,60.04225180149662,59.33906023978065,59.47047758336647,37938000
2018-07-23,60.05364990234375,60.256971262320945,59.11193225391641,59.29293896221617,65446000
2018-07-24,62.3918342590332,63.22742688600643,61.697075931089444,63.02906557438447,107600000
2018-07-25,63.27404022216797,63.38809541844173,61.940559956385655,62.117597865204,51104000
2018-07-26,63.74812698364258,63.842349461078776,62.632348824886364,62.83963524850404,54686000
2018-07-27,62.13099670410156,64.04269465078256,61.71443752402484,63.927648179381094,48362000
2018-07-30,60.99785232543945,62.13098879607649,60.70675921387237,61.742200025261354,43896000
2018-07-31,60.85801315307617,61.551780257659935,60.311035469464436,61.080671646133155,39382000
2018-08-01,61.14414596557617,61.78435104457093,60.744945203814524,61.44763736763537,36994000
2018-08-02,61.54780578613281,61.71046288718155,60.40376172708883,60.425580751599156,34704000
2018-08-03,61.40052795410156,61.815100793177606,60.967109863223676,61.74864867459752,21264000
2018-08-06,61.376220703125,61.61375938365865,61.02214868767931,61.57160822349324,22114000
2018-08-07,62.277278900146484,62.78508294379242,62.07693507500244,62.087347066897074,42506000
2018-08-08,62.549530029296875,63.06476850332,62.09280225778998,62.32091643734452,34344000
2018-08-09,62.70474624633789,63.076672285932354,62.48853472509049,62.61895703178096,27326000
2018-08-10,62.11214065551758,62.54308056962345,61.84683539663848,62.44290677016618,26602000
2018-08-13,61.92022705078125,62.77962496101555,61.840389171065105,62.04717994879449,27500000
2018-08-14,62.39134216308594,62.51283558847085,61.46896522772565,62.11165228168397,28080000
2018-08-15,61.10596466064453,62.08586483466382,60.80941582420639,61.704022407066326,37052000
2018-08-16,60.70130157470703,61.675254094846835,60.481616876650435,61.590452358478274,32176000
2018-08-17,60.29417037963867,60.84462122823014,59.706528439964295,60.601134976171906,33092000
2018-08-20,60.5966682434082,60.79304703382085,59.93960043624194,60.5326980557905,22218000
2018-08-21,60.371524810791016,61.132735197726866,60.25350080424783,60.64972776796793,23082000
2018-08-22,60.586753845214844,60.823793135762685,60.163747749963264,60.21333713228483,22296000
2018-08-23,60.55748748779297,61.25224575840759,60.46772946516041,60.4940129326713,24666000
2018-08-24,61.330604553222656,61.36283557012292,60.57038537845587,60.7975083008106,24454000
2018-08-27,62.298606872558594,62.37795291545617,61.5254975004561,61.69707972396591,28580000
2018-08-28,61.782371520996094,62.31298587132638,61.639055288987485,62.28025544041016,27330000
2018-08-29,62.71416473388672,62.83913511732767,62.126522823074154,62.235621729462196,36926000
2018-08-30,62.20784378051758,62.954173886768366,61.84930734682826,62.65216941521893,30104000
2018-08-31,61.08513641357422,62.11413033569713,60.7851143929751,62.09727138257301,42308000
2018-09-04,60.069026947021484,60.890242517749584,59.83347455400788,60.62493346993825,41458000
2018-09-05,59.463539123535156,60.245573578851676,58.28527387752493,59.965388075112344,53988000
2018-09-06,58.7142333984375,59.4580855302462,57.703585303195204,59.43725776135782,46854000
2018-09-07,58.396854400634766,58.940362668965435,57.98426407187492,58.11964267239288,32658000
2018-09-10,58.27138900756836,58.84663645485562,58.05071303312725,58.724643619292685,27670000
2018-09-11,59.01176834106445,59.05887957731326,57.81962176153576,58.0750106684798,29254000
2018-09-12,58.09980392456055,59.04647790579858,57.830030442616156,58.61553799863447,35716000
2018-09-13,58.62248611450195,58.906144800442625,57.98178160132907,58.50148832279991,40068000
2018-09-14,58.41618728637695,58.913083692868184,58.195015701265106,58.913083692868184,24176000
2018-09-17,57.51613235473633,58.60661828158501,57.44819334906225,58.40577882192011,34096000
2018-09-18,57.87714767456055,58.582321797238215,57.59547528537028,57.65647170249509,32314000
2018-09-19,58.23221206665039,58.3313908288517,57.456125199601075,57.96888931276128,25962000
2018-09-20,59.09011459350586,59.210620525510706,58.33039489370249,58.54958395102467,29244000
2018-09-21,58.1255989074707,59.3385734126658,58.12262513325506,59.25625359156664,91222000
2018-09-24,58.494544982910156,58.773735437507995,57.10304580391449,57.495303984931574,31150000
2018-09-25,59.205169677734375,59.352450934388095,58.223283283094446,58.72712229225433,33152000
2018-09-26,59.213600158691406,59.86719858045819,58.784150889168416,59.195254319561855,37650000
2018-09-27,59.87314987182617,60.344254675953586,59.41146580174746,59.50816642084424,36274000
2018-09-28,59.8592643737793,59.927203377959636,59.40055408003131,59.71098807412837,35612000
2018-10-01,59.93116760253906,60.70824572698339,59.66635796192312,60.15283860556352,33164000
2018-10-02,59.88703536987305,60.72411867083924,59.49130778630442,59.83893287455786,40180000
2018-10-03,60.07993698120117,60.211350537994456,59.61477975331187,60.10324289211977,26246000
2018-10-04,58.37106704711914,59.80074861861647,57.71548608579718,59.7576061952022,46576000
2018-10-05,57.91284942626953,58.61554159078529,57.24288769111712,58.31800151953087,31852000
2018-10-08,57.32223892211914,58.31106421425364,56.30464822979984,57.52456528088312,46190000
2018-10-09,56.78913879394531,57.60142551523333,56.739549411488625,57.09362146132531,33690000
2018-10-10,54.160362243652344,56.38497567691351,54.1281274459752,56.35422776603063,58980000
2018-10-11,54.08994674682617,55.34557169434692,53.35353288306622,53.50974303096298,67696000
2018-10-12,55.56773376464844,55.83006526222908,54.30268810088236,55.5231006729808,49370000
2018-10-15,54.6701545715332,55.63021818118948,54.460881853987075,55.44177701468576,30074000
2018-10-16,56.18959426879883,56.35274700722505,55.13183877872976,55.217627994318065,38378000
2018-10-17,55.9173469543457,56.87988872075528,55.24341638076275,56.532759256237064,35652000
2018-10-18,54.44550704956055,56.15339147492875,53.87175031932943,56.0368543512586,46152000
2018-10-19,54.8060302734375,55.58806851316027,54.40187320171599,54.73313497653647,41286000
2018-10-22,55.11299133300781,55.62476039910742,54.54915095810386,55.16952330250244,27116000
2018-10-23,55.28853225708008,55.441768608768704,53.50824834975751,54.11721359153308,37686000
2018-10-24,52.422725677490234,55.3733411581951,52.32056935760662,55.29300386341311,49286000
2018-10-25,54.72718048095703,55.43284641314189,53.3366726001315,53.57222499683899,72956000
2018-10-26,53.743309020996094,55.39217950296379,51.68432639569695,51.98682652307984,106438000
2018-10-29,51.31240463256836,54.98703577121266,49.94718891468537,54.37757102202303,81290000
2018-10-30,52.045345306396484,52.11427556975001,50.28291511551271,50.582437710545854,59768000
2018-10-31,54.08201217651367,54.94587456200168,52.97218539969845,52.97218539969845,70916000
2018-11-01,53.8538932800293,54.54418709488099,53.449236850023254,54.12267171436205,40132000
2018-11-02,53.135337829589844,54.4499728681632,52.94540599746691,54.0036608708647,43438000
2018-11-05,52.35380554199219,53.22758445699674,51.27621336020018,53.18692017276746,45358000
2018-11-06,53.040122985839844,53.54842264477756,52.248664069488854,52.31858558730312,28660000
2018-11-07,54.9577751159668,55.0415818163461,53.586608057537674,53.730419916510975,43388000
2018-11-08,54.28285217285156,54.956782731858674,53.7735612372915,54.91116216518148,33694000
2018-11-09,53.40957260131836,53.97142669030988,52.77680195086009,53.75670205685472,34860000
2018-11-12,52.037906646728516,53.26476998164376,51.59110279461373,53.21666748640021,34002000
2018-11-13,51.96897888183594,52.89631588540383,51.59358341935655,52.308178293181584,25750000
2018-11-14,52.29676818847656,52.85267472897026,51.628788964411534,52.565546647513486,34666000
2018-11-15,53.11351776123047,53.50131148140594,51.637712533591234,52.14204716151676,41584000
2018-11-16,52.97565841674805,53.18244920128964,52.312635487457975,52.824903973568865,35366000
2018-11-19,50.949893951416016,52.96226470989131,50.72426171676043,52.733651134777475,45684000
2018-11-20,51.10015869140625,51.44233186700774,49.699734383253194,49.95165011439261,54458000
2018-11-21,51.743839263916016,52.303215207880605,51.546964840550686,51.83706669619646,29698000
2018-11-23,51.08279800415039,51.72251118565197,51.004443231707874,51.25140264341298,14178000
2018-11-26,52.36420440673828,52.41676755507571,51.562329800013515,51.77209811473461,31558000
2018-11-27,52.18270492553711,52.90077288477134,51.84648690239975,52.13609310498648,33048000
2018-11-28,54.14201736450195,54.195079932226704,51.72003368504357,52.439588587382175,46042000
2018-11-29,54.280372619628906,54.556589291132255,53.656527087727646,53.73239993732191,31004000
2018-11-30,55.0276985168457,55.0276985168457,53.715049685217814,54.33244830687817,59668000
2018-12-03,55.360443115234375,56.28480243165249,55.13083828122515,56.1439681452129,57532000
2018-12-04,52.68803787231445,55.25532043785084,52.60423116972486,55.193332761663406,45630000
2018-12-06,53.462135314941406,53.528587431634996,51.696727612647116,51.82169421560711,47436000
2018-12-07,51.90004348754883,53.80678483588291,51.542498271462186,53.17203169584198,42682000
2018-12-10,52.22734451293945,52.54571236714273,51.22661659854662,51.71954044563596,33652000
2018-12-11,52.647369384765625,53.081283083389565,52.07460390793039,52.90970087647782,33852000
2018-12-12,53.24641418457031,54.13903431075496,53.15913430930719,53.41254067652612,28960000
2018-12-13,53.236995697021484,53.97490023035937,52.81300212951065,53.34262520473422,24986000
2018-12-14,52.154441833496094,53.14674020302357,52.03840033776918,52.56653650781619,36358000
2018-12-17,50.862125396728516,52.683569409654616,50.414822147604106,51.92136773015582,49932000
2018-12-18,51.74284744262695,52.5501740698166,51.101643539839884,51.276203307045996,43640000
2018-12-19,51.348602294921875,53.34460607430533,50.553673969353085,51.935252952231664,58264000
2018-12-20,50.75947570800781,51.94269722042624,49.979919413197926,50.879482241119874,53674000
2018-12-21,49.156227111816406,51.45820060231656,48.6573519293644,51.179010137280834,104656000
2018-12-24,48.829925537109375,50.19117248549868,48.482296651220004,48.81256717172268,36360000
2018-12-26,51.96302032470703,51.99277319246178,49.22564298846824,49.49045637513638,46318000
2018-12-27,52.21345901489258,52.23527804094149,49.93726961475843,50.8894031809876,45996000
2018-12-28,51.90500259399414,52.77530810884627,51.67291960999607,52.5407469801102,34398000
2018-12-31,51.81970977783203,52.713820629058745,51.22859468884806,52.457932318095075,33110000
2019-01-02,52.30172348022461,52.604719228090424,50.8437723354211,50.93898605822551,31868000
2019-01-03,50.85319519042969,52.8759780134997,50.699466979891106,52.1028687333839,41960000
2019-01-04,53.46163558959961,53.557344942092904,51.41802506935815,51.700688682993224,46022000
2019-01-07,53.355018615722656,53.69123663835179,52.6964601806528,53.605447431420956,47446000
2019-01-08,53.82365036010742,54.21937794351435,52.9796244703007,53.85489011971535,35414000
2019-01-09,53.63917541503906,54.13458118632317,53.27815698611534,53.95357823458152,26998000
2019-01-10,53.49932861328125,53.54792673522367,52.797627727154754,53.30642301238766,26598000
2019-01-11,52.78721618652344,53.228568134505245,52.388511032973454,53.056490286355086,30864000
2019-01-14,52.144527435302734,52.48868312031389,51.997741804598526,52.23527672360006,28490000
2019-01-15,53.88018035888672,53.96746024116966,52.28982429846491,52.46686220785265,37518000
2019-01-16,54.02894973754883,54.666184830089556,53.95456755691764,54.05325069106837,38280000
2019-01-17,54.50551223754883,54.58386323084634,53.71900961368092,53.95357453146832,24896000
2019-01-18,54.911163330078125,55.44177767329486,54.51344944130372,54.97513352063556,44892000
2019-01-22,53.48940658569336,54.49807201599434,53.105577913242634,54.35078698504477,39632000
2019-01-23,53.776039123535156,54.19953702925566,52.9409421901349,53.89753253264309,25194000
2019-01-24,53.755706787109375,53.954068082652434,53.06243540230298,53.681816457292754,29114000
2019-01-25,54.6240348815918,54.71577542869572,54.14251429554499,54.263016457589686,23260000
2019-01-28,53.55040740966797,54.22036915695017,53.29005842382145,54.05672457402515,29334000
2019-01-29,53.064422607421875,53.7919113705398,52.86407877841263,53.6089221228322,19704000
2019-01-30,54.4494743347168,54.52534718103893,53.39072388882378,53.42642809001765,29452000
2019-01-31,55.83304214477539,55.92131329164981,54.80950393783051,55.156137781450056,40232000
2019-02-01,55.47251892089844,56.25505273717581,55.25581177728074,55.65451311988307,33116000
2019-02-04,56.60317611694336,56.64880046780075,55.41747645791283,55.491862423764644,78408000
2019-02-05,57.121395111083984,57.16602820626715,55.71948385490271,56.018510837262355,82296000
2019-02-06,55.684268951416016,57.227018124056855,55.459624180838055,56.99245699091347,48256000
2019-02-07,54.84223175048828,55.14373685655709,54.23128012441886,55.13530738050181,38298000
2019-02-08,54.667179107666016,54.80206586505888,54.26351766034865,54.29525305025697,21766000
2019-02-11,54.65427780151367,55.21514436928566,54.54914771565006,54.735110719226135,18498000
2019-02-12,55.91685104370117,56.178686919455295,55.095139799771296,55.095139799771296,35036000
2019-02-13,55.96891784667969,56.67409195109993,55.83849553947913,56.187611297106514,28042000
2019-02-14,55.99718475341797,56.34084481447658,55.39664888901063,55.78890707502711,21106000
2019-02-15,55.52260208129883,56.49804146814514,55.37829460553834,56.49804146814514,27826000
2019-02-19,55.86378479003906,56.01899988835893,55.37433038810258,55.37433038810258,21980000
2019-02-20,55.57020950317383,56.08297359732325,55.13183515305827,55.981312910608274,24090000
2019-02-21,54.7579231262207,55.49880139566847,54.44897603280645,55.480451774038514,33272000
2019-02-22,55.370361328125,55.40457864300607,54.57394613575661,55.030174478552766,29436000
2019-02-25,55.40855026245117,55.808742286415196,55.24887071273336,55.63666444539481,26208000
2019-02-26,55.640628814697266,55.860313518973165,54.88140468154048,55.261760191576904,35026000
2019-02-27,55.684268951416016,55.82510324372257,54.97364296316191,55.243908298338845,22092000
2019-02-28,55.86577224731445,56.23472452755319,55.46211080344531,55.49136804808821,27422000
2019-03-01,56.955265045166016,57.02865975225924,56.08644635618862,56.08644635618862,34086000
2019-03-04,57.19826126098633,57.798301506845725,56.44597589388642,57.25479323418652,35490000
2019-03-05,57.98029708862305,58.34230678742909,57.178426102198614,57.32620299909426,40094000
2019-03-06,57.769535064697266,58.255516282129726,57.67580822390743,58.107739401073324,23602000
2019-03-07,57.07080841064453,57.70209215281522,56.61755383444335,57.549355197546085,30086000
2019-03-08,57.02717590332031,57.19974938406611,56.04677632281344,56.23026120860761,23694000
2019-03-11,58.47966766357422,58.511898680700604,57.106514344542475,57.127837740777274,30032000
2019-03-12,59.371795654296875,59.79132858079616,58.63042546650762,58.63042546650762,42220000
2019-03-13,59.461544036865234,59.861240388042035,59.404516443236744,59.80223027871917,25888000
2019-03-14,59.137725830078125,59.74123922576075,59.07326001338981,59.459566851406144,27302000
2019-03-15,59.027137756347656,59.59345625699959,58.86398502991321,59.40898391890877,51886000
2019-03-18,58.94035720825195,59.25773377275096,58.589754587087576,58.99688917576434,24442000
2019-03-19,59.63015365600586,59.6772648886832,58.985480400237876,59.097553074054794,29788000
2019-03-20,60.81883239746094,60.99537468269679,59.48783401935632,59.57759204890789,41508000
2019-03-21,61.29985427856445,61.3152263429642,60.33036621206726,60.49996589969895,28150000
2019-03-22,59.887535095214844,61.175886781357356,59.80571090634118,60.93884747487413,34422000
2019-03-25,59.37824630737305,59.97630408163524,59.01227155797147,59.486353971817756,27576000
2019-03-26,59.004329681396484,59.88752915106915,58.60364203693624,59.765536323392006,30752000
2019-03-27,58.41767883300781,59.10747706719448,57.73432377537689,59.10747706719448,29428000
2019-03-28,58.133026123046875,58.37998553960002,57.69465178230228,58.293205073603154,22402000
2019-03-29,58.36214065551758,58.71323893335575,57.84094704933484,58.52528961118453,30890000
2019-04-01,59.45758819580078,59.51808520124541,58.83176010564364,58.890274595087455,27706000
2019-04-02,59.782894134521484,59.79628368337261,59.073755024656165,59.510642496833356,18288000
2019-04-03,60.04423522949219,60.52972083098244,59.76008470919259,60.13795828936731,22180000
2019-04-04,60.472694396972656,60.527243852136195,59.956460872264365,60.06803792748894,21022000
2019-04-05,60.07597351074219,60.51931175400298,60.00555635934501,60.46525792625682,20012000
2019-04-08,59.91877365112305,60.199946617238616,59.74124010883788,60.059112319693156,21750000
2019-04-09,59.641563415527344,59.862735013703436,59.42783003559365,59.601894179377005,19668000
2019-04-10,59.82802200317383,59.95150172266338,59.540897699099844,59.76058241007699,15510000
2019-04-11,59.98373794555664,60.139948099036154,59.73330909773251,59.94952062749646,16998000
2019-04-12,60.63535690307617,60.65122459868756,60.167225831691304,60.282767929038975,24312000
2019-04-15,60.82379150390625,60.961156397142275,60.23019825206835,60.70278993353485,23796000
2019-04-16,61.0905876159668,61.29241832671857,60.74990134124958,60.99586951444709,22622000
2019-04-17,61.49870681762695,61.744674964171296,61.139674743018084,61.34299231865253,30366000
2019-04-18,61.56467056274414,61.78633778477125,61.46251424224108,61.739722177019004,24750000
2019-04-22,62.174137115478516,62.20289873239656,61.16299337816599,61.32664175729954,19084000
2019-04-23,63.00873565673828,63.19916312795564,62.08536748310274,62.31695486172242,31868000
2019-04-24,62.48604965209961,63.177834169649934,62.4741507737665,63.008730110515856,23396000
2019-04-25,62.847564697265625,63.11832566441089,62.38439375673757,62.994350322114855,31344000
2019-04-26,63.347434997558594,63.42132533520761,62.731527063292226,63.147091165017436,27228000
2019-04-29,64.27872467041016,64.31691457952743,63.064263616606134,63.50065540254958,72368000
2019-04-30,59.45659255981445,59.55676257846437,58.66513363960765,59.04350662741325,133178000
2019-05-01,58.18510818481445,59.47098177030038,58.103779622147535,59.38419750483453,74340000
2019-05-02,57.84739303588867,58.48561939060794,57.441745308851296,58.149397554904354,45098000
2019-05-03,58.98994827270508,59.08168881529715,58.19650683878489,58.38792177079416,41588000
2019-05-06,59.18384552001953,59.281537394226156,58.077983794922574,58.119639328597295,31774000
2019-05-07,58.45983123779297,59.24880824988982,57.772511133831586,58.80448254772637,36604000
2019-05-08,58.05914306640625,58.72811354197233,57.902932921424046,58.38197156478098,25520000
2019-05-09,57.9197883605957,58.22228848592108,57.25875177209827,57.65349184858847,29556000
2019-05-10,57.90342712402344,58.331885117699095,56.84864546235913,57.9629366500334,31650000
2019-05-13,56.36365509033203,57.12635243643955,55.81370365034524,56.79261252207175,45626000
2019-05-14,55.781959533691406,56.77425786703427,55.7160030496759,56.64780438425735,40392000
2019-05-15,58.06013488769531,58.43206092531707,55.61038084252998,55.66740844227234,59302000
2019-05-16,58.73952102661133,59.21856348793235,57.943601375160455,58.11171041101593,35308000
2019-05-17,57.959957122802734,58.82828011356767,57.842924374026744,58.30956848230212,25362000
2019-05-20,56.763851165771484,57.1774327504438,56.44052324213396,57.1774327504438,30602000
2019-05-21,57.24884033203125,57.42538261961597,56.69690259812097,57.25082284796915,20562000
2019-05-22,57.318763732910156,57.71201318585571,57.07825124759412,57.09064953946734,18826000
2019-05-23,56.79756546020508,57.03113533695104,56.19356022860048,56.83376907485774,25214000
2019-05-24,56.463829040527344,57.24487222807381,56.36960656432307,57.127839468018124,18554000
2019-05-28,56.51094055175781,57.35050201510359,56.46680308738616,56.606154286403545,20948000
2019-05-29,55.5379753112793,56.284801081497335,55.1417483619413,56.17074211063316,36230000
2019-05-30,55.610877990722656,55.878169570146916,55.33763507998775,55.548394687102004,18088000
2019-05-31,54.871482849121094,55.21365219364142,54.71527271967964,54.828836061215064,31582000
2019-06-03,51.511260986328125,52.912676521319256,50.930561642121816,52.90920711845489,96890000
2019-06-04,52.292301177978516,52.488184333554216,51.376866936082195,51.79639981884811,60512000
2019-06-05,51.80384063720703,52.4073540441348,51.226614483210554,52.317596014695845,46988000
2019-06-06,51.95856475830078,52.069646185885304,51.35108630948426,51.88170064785095,29020000
2019-06-07,52.980613708496094,53.23154195089518,52.126671488166366,52.28189037260562,43828000
2019-06-10,53.694217681884766,54.29326663277335,53.323282909136985,53.40857649267084,28510000
2019-06-11,53.60892105102539,54.74800885389501,53.53602575753216,54.39988435915306,33508000
2019-06-12,53.512718200683594,53.68231410693232,53.04160963310708,53.55486936276625,23670000
2019-06-13,54.10334014892578,54.38005247721612,53.684802253375025,53.7909236143121,20814000
2019-06-14,53.86976623535156,54.28929914113113,53.630744430671754,54.04035719000536,24582000
2019-06-17,54.246158599853516,54.61262895010507,53.954074216816096,54.00862367387797,19770000
2019-06-18,54.80900573730469,55.480454366679965,54.588329772186036,55.11943973209184,34526000
2019-06-19,54.772796630859375,55.01678226722083,54.35227251015568,54.908178996972794,26714000
2019-06-20,55.20374298095703,55.675842832879255,54.896282754909315,55.62525840880668,24018000
2019-06-21,55.80725860595703,55.86676435414468,55.031171683637865,55.038114273154925,50774000
2019-06-24,55.37730407714844,55.71799034008654,55.20919505940072,55.54095243430775,24236000
2019-06-25,53.9332389831543,55.327711781329405,53.785458327175526,55.29696765407689,31644000
2019-06-26,53.573219299316406,54.307155041568436,53.24443945323548,54.1028423919935,34698000
2019-06-27,53.39023208618164,53.97688276176525,53.35155032511696,53.89208480492423,24078000
2019-06-28,53.696197509765625,53.696197509765625,53.24988553860291,53.41998085161553,33672000
2019-07-01,54.54915237426758,54.975132239253035,54.317565004800876,54.60072427201799,29196000
2019-07-02,55.173988342285156,55.18836914929686,54.5327882241278,54.78867275994016,20630000
2019-07-03,55.68922424316406,55.9371749037104,55.28555908469131,55.46656200753063,20154000
2019-07-05,56.16925811767578,56.26744561773774,55.416976607105475,55.509708405291306,29794000
2019-07-08,55.38176727294922,55.89849638868421,55.13232971119803,55.832044276038815,29888000
2019-07-09,55.75369644165039,55.93073435346147,54.903719240110554,55.060920642793654,29472000
2019-07-10,56.577884674072266,56.64879744980509,56.06958501516339,56.15190482385969,30710000
2019-07-11,56.73508071899414,57.1893265411279,56.509448478196965,56.838228291488626,26004000
2019-07-12,56.79756546020508,56.90468185042832,56.46134742073141,56.678054562551374,21878000
2019-07-15,57.05394744873047,57.06237692419117,56.53275388901765,56.79756351489089,21164000
2019-07-16,57.20024108886719,57.454143110765386,56.86649740090158,56.86649740090158,25352000
2019-07-17,56.86699295043945,57.44719661941484,56.86104161971904,57.07427935063654,19538000
2019-07-18,56.89179229736328,56.937912278185706,56.178688104960315,56.63193893207649,25450000
2019-07-19,56.11371994018555,57.10700958518703,56.09884350416264,56.99493690261568,23184000
2019-07-22,56.49358367919922,56.5337523292604,55.79932472787328,56.30811627836571,28914000
2019-07-23,56.93196105957031,56.97212970906677,56.178192587258984,56.703846866852054,20648000
2019-07-24,56.51936721801758,56.80351773742075,55.9629650578798,56.166782066704464,27192000
2019-07-25,56.3314208984375,56.710785142445566,55.72493373698606,56.480684667806266,54762000
2019-07-26,61.75062561035156,62.89962584878067,60.89668347861036,60.89668347861036,121216000
2019-07-29,61.5830192565918,61.93759072921905,61.00578929366304,61.615749687673656,41382000
2019-07-30,60.89669418334961,61.33854176111026,60.763789942979905,60.8471010159969,28616000
2019-07-31,60.410709381103516,61.23935945357767,59.913816715019806,60.74147552949135,39960000
2019-08-01,60.09233856201172,61.30828669649501,59.85529549111367,60.38244041742566,35426000
2019-08-02,59.325679779052734,59.97927445212376,59.01226820912673,59.65694156007643,34910000
2019-08-05,57.264217376708984,58.36164976315656,56.66913716884106,58.16774909397284,47840000
2019-08-06,58.07402038574219,58.585789466166396,57.60043365387298,57.79829933606973,36014000
2019-08-07,58.31353759765625,58.50991259599976,57.07031103119351,57.415457948557986,30686000
2019-08-08,59.815128326416016,59.81958898703626,58.21882095613926,58.835224475708635,30116000
2019-08-09,58.95771408081055,59.72933649805951,58.75885714546131,59.5076692799245,20418000
2019-08-12,58.243614196777344,58.794560647257406,57.95698553647479,58.51636146272874,22064000
2019-08-13,59.34600830078125,59.77744389378323,58.16874185281559,58.23618144876817,28434000
2019-08-14,57.73531723022461,58.654716503422996,57.577620204599086,58.32147224303826,35430000
2019-08-15,57.98674011230469,58.33882964015556,57.67333234515644,57.94260643286453,28506000
2019-08-16,58.47718811035156,58.70679297193072,58.169236033164765,58.55554289281411,24916000
2019-08-19,59.52998733520508,59.973821209229875,59.03210341664599,59.10301619731981,24450000
2019-08-20,58.69141387939453,59.40898625651532,58.667612338630086,59.27757269477436,20206000
2019-08-21,59.090614318847656,59.53593505282947,58.909115748288066,59.30087828655485,14152000
2019-08-22,59.087642669677734,59.44766604994805,58.46231022954829,59.20070661276185,17352000
2019-08-23,57.20619583129883,59.29344468909219,57.028662278630634,58.77274669404673,36254000
2019-08-26,58.0789794921875,58.11270118156277,57.26917466846016,57.49728886317607,21166000
2019-08-27,58.061126708984375,58.764314514394854,57.75069271231088,58.66513575010437,23460000
2019-08-28,58.206424713134766,58.44197711290288,57.53695860411005,57.76606404377272,16810000
2019-08-29,59.22252655029297,59.467995305199445,58.77819707980944,58.8347290486105,19636000
2019-08-30,59.038543701171875,59.525519943330565,58.800013761203594,59.525519943330565,18064000
2019-09-03,57.998146057128906,58.96663910917383,57.70853983655242,58.6081026279347,25908000
2019-09-04,58.628936767578125,58.75836782710865,58.096339875407075,58.48909371518504,21312000
2019-09-05,60.1126708984375,60.202428928101156,59.145660927110434,59.19376342201617,26394000
2019-09-06,59.82157516479492,60.15035498422867,59.66982568519,59.961418199155226,18972000
2019-09-09,59.769508361816406,60.5272456419033,59.16946812070186,59.85926639431514,31854000
2019-09-10,59.79082489013672,60.00406261937737,59.310295610082676,59.314264425007416,27922000
2019-09-11,60.49997329711914,60.62246176519514,59.621234406143635,59.70107607847747,23522000
2019-09-12,61.242340087890625,61.611784234078705,60.62692395788182,60.67205268326003,31644000
2019-09-13,61.49325942993164,61.543843853790506,60.85106803599327,61.1005056186852,23676000
2019-09-16,61.07670974731445,61.44318012268405,60.75734683042936,61.017695841809555,28218000
2019-09-17,60.98992156982422,61.24382360408933,60.666098012436215,61.0767058291929,20806000
2019-09-18,61.12728500366211,61.305314179116046,60.32491842507922,61.00777409952357,17440000
2019-09-19,61.42978286743164,61.70699079794406,61.11042377402852,61.11091940299707,16554000
2019-09-20,60.987937927246094,61.63062495673353,60.677503925418364,61.1763790958977,37692000
2019-09-23,61.22844696044922,61.47590201579958,60.687416872304546,60.82577302120918,20798000
2019-09-24,60.41714859008789,61.84435184221623,60.035801848501244,61.49176671272495,35804000
2019-09-25,61.78634262084961,61.8894902073785,59.964399011515845,60.302107758666516,26798000
2019-09-26,61.60533142089844,61.72335921962047,61.08612412271206,61.597893202784334,23166000
2019-09-27,60.7950325012207,61.739228430196306,60.261936228243556,61.63211203323862,34122000
2019-09-30,60.55649948120117,60.86742909728757,60.17366583073107,60.529720383312835,24470000
2019-10-01,59.80570602416992,61.1376994390325,59.78339136996081,60.62344843370685,24504000
2019-10-02,58.413211822509766,59.446670055970316,58.15088034087869,59.33459737978191,33030000
2019-10-03,58.9839973449707,59.06185271029427,57.68027372624603,58.68199283402586,28368000
2019-10-04,60.05167007446289,60.12605603347726,59.06036300568549,59.22500261671592,24282000
2019-10-07,59.91728591918945,60.44591775673963,59.72438030235349,59.85529824338502,17040000
2019-10-08,59.01871109008789,59.8488480012925,58.98647628974032,59.44716909480171,20086000
2019-10-09,59.6271858215332,59.92770347506061,59.41493931712385,59.57412703300156,15948000
2019-10-10,59.977783203125,60.28276149090134,59.402043943686515,59.43873940465418,12842000
2019-10-11,60.287227630615234,60.933883468749734,60.18457567938561,60.699817951472276,22330000
2019-10-14,60.389381408691406,60.79155593707304,60.09729704509824,60.196971434793475,13296000
2019-10-15,61.60285186767578,61.8453468528773,60.545592043984996,60.57435365782563,27584000
2019-10-16,61.640541076660156,62.19545255415238,61.41887007961055,61.58152717988631,22986000
2019-10-17,62.126522064208984,62.66953466128119,61.98122332826266,62.05709617616047,20958000
2019-10-18,61.71046447753906,62.389846945762145,61.49871362002821,62.22025103490627,31624000
2019-10-21,61.70401382446289,62.16172904490306,61.491271721739686,61.92320288687026,18094000
2019-10-22,61.55128479003906,61.92469773708948,61.484337039873836,61.71393812303444,22862000
2019-10-23,62.36604690551758,62.38637904416191,61.50218828619417,61.50218828619417,21282000
2019-10-24,62.4394416809082,62.62738721875629,62.10421109911762,62.4394416809082,20224000
2019-10-25,62.69681167602539,62.880296548809305,61.945521387384986,62.086851313418414,27104000
2019-10-28,63.920684814453125,64.4294800447021,63.09402120180826,63.22741726239808,65428000
2019-10-29,62.51629638671875,63.51504160920097,62.26586380016246,63.2770073122589,52654000
2019-10-30,62.51829147338867,62.881292430431635,62.01991191146884,62.24306603568905,29204000
2019-10-31,62.424068450927734,62.806905915329345,61.96188872789895,62.48357798246875,31904000
2019-11-01,63.09104919433594,63.128244066053234,62.469189984190244,62.77119448475886,28812000
2019-11-04,63.95194625854492,64.09526250421814,63.2824800567725,63.2824800567725,30632000
2019-11-05,64.04268646240234,64.3303101709865,63.94053392587644,64.03078380018343,25148000
2019-11-06,64.0213623046875,64.11954980825729,63.58794801450021,63.97574173910318,24626000
2019-11-07,64.81134796142578,65.59040876051687,64.15725379012096,64.18353348120795,45140000
2019-11-08,64.91349792480469,65.31567630818235,64.54256308883937,64.54256308883937,30392000
2019-11-11,64.38188934326172,64.71017734604172,64.26237843589956,64.6655404685864,17234000
2019-11-12,64.32881164550781,64.93083808744214,64.1815304063855,64.39625501194314,28852000
2019-11-13,64.2777328491211,64.59213560519636,64.07788468568658,64.12896094569881,20538000
2019-11-14,64.9209213256836,65.2467349264143,64.16665731618855,64.21922425111995,28948000
2019-11-15,66.13043212890625,66.13043212890625,65.0568014433281,65.21351099535102,39286000
2019-11-18,65.45104217529297,66.14927365407613,65.26855235059708,66.07091887799594,27984000
2019-11-19,65.09151458740234,65.78775594457024,65.05085031477029,65.78775594457024,21864000
2019-11-20,64.55941772460938,65.12226305261011,63.93210279744531,65.03052251032652,28892000
2019-11-21,64.47412109375,65.01861677417807,64.0084644651908,64.429983634344,25546000
2019-11-22,64.15327453613281,64.80935107828645,63.93954116731855,64.61594984719095,27776000
2019-11-25,64.74686431884766,64.9834117548011,64.2494798442598,64.28171464407943,23590000
2019-11-26,65.11184692382812,65.16193192966712,64.66752126393,64.958610565882,21910000
2019-11-27,65.0687026977539,65.34194936654697,64.93679729689542,65.23185920608975,18808000
2019-11-29,64.66999816894531,64.9605956368257,64.62735137879393,64.79447292018561,12802000
2019-12-02,63.91474533081055,64.73695217046216,63.4942173937447,64.59412779237636,26538000
2019-12-03,64.20634460449219,64.32982812282205,63.32909632147631,63.408934216071465,25270000
2019-12-04,65.40641021728516,65.67072799346127,64.61842074496396,64.76967458905614,35506000
2019-12-05,65.80412292480469,65.85470734274854,65.17730745296996,65.80610544051169,24408000
2019-12-06,66.42053985595703,66.5732768317176,66.01588713102525,66.09126057742363,32968000
2019-12-09,66.59905242919922,67.32108920325197,66.25588803414921,66.39424795925537,30842000
2019-12-10,66.59410095214844,66.84750734354655,66.15324087344685,66.44781095349515,17606000
2019-12-11,66.66154479980469,66.9412308789754,66.50533465375199,66.86238425419971,20480000
2019-12-12,66.87181854248047,67.17381933703521,66.3615400332576,66.60998262020395,29114000
2019-12-13,66.79146575927734,67.01362860346082,66.53310308380729,66.84254202624732,33170000
2019-12-16,67.47730255126953,67.61763743195066,66.9769367408565,67.19463514036022,28128000
2019-12-17,67.18917083740234,67.6573017883799,66.98485822938915,67.56208807234604,32948000
2019-12-18,67.0414047241211,67.41432203990537,66.96950446775314,67.29381987376564,23330000
2019-12-19,67.26604461669922,67.32010222500082,66.88469785220087,67.04139984132713,28922000
2019-12-20,67.0071792602539,67.64094112513031,66.98288209174912,67.59631181966746,50090000
2019-12-23,66.97793579101562,67.5343342225845,66.84751347435298,67.37961473379353,19936000
2019-12-24,66.67046356201172,67.04636218280068,66.65757720914816,66.9570960026882,13468000
2019-12-26,67.56507110595703,67.60127850432504,66.72402280476463,66.7755984844462,23662000
2019-12-27,67.1767807006836,67.79219292580306,67.09545215530571,67.64093908382699,23212000
2019-12-30,66.4364013671875,67.29381680371453,66.34366956318935,67.28439606964862,19994000
2019-12-31,66.42053985595703,66.48351879324983,66.06051644403173,66.24201503707573,19514000
2020-01-02,67.8730239868164,67.8730239868164,66.77262179859589,66.86783552352698,27278000
2020-01-03,67.51795959472656,68.12445054033702,66.81378055903824,66.84750602902096,23408000
2020-01-06,69.31758880615234,69.34287723228258,66.99627473144326,67.02751070483214,46768000
2020-01-07,69.1836929321289,69.59975639798446,69.00765007438353,69.44900196622598,34330000
2020-01-08,69.6761245727539,70.01383328257931,69.06071230813146,69.16931180182212,35314000
2020-01-09,70.4075927734375,70.84844534169663,69.93251531775391,70.51371035496315,33200000
2020-01-10,70.86231994628906,71.15887253591534,70.39816153236073,70.88761594044897,26258000
2020-01-13,71.41128540039062,71.48318564833806,70.68429232295442,71.17423856104631,30730000
2020-01-14,70.94315338134766,71.54021599791382,70.80330278532237,71.4097937019993,26076000
2020-01-15,71.37012481689453,71.44847959482189,70.99621627063644,71.06365964443332,21550000
2020-01-16,71.91363525390625,71.94041435124791,71.40979626083083,71.68006159560105,26080000
2020-01-17,73.36959838867188,73.42067465653932,72.23051437982828,72.52755882003636,52424000
2020-01-21,73.5049819946289,73.88335497384024,72.90791179429193,73.34380799940449,48930000
2020-01-22,73.5853042602539,74.4139579504841,73.52530667909919,73.87590926772613,28458000
2020-01-23,73.6259765625,74.06287159574599,73.4092694223647,73.76780967939291,26650000
2020-01-24,72.70757293701172,74.097581382054,72.559292859008,74.02914675123824,29786000
2020-01-27,70.99968719482422,71.24019965615449,70.3931962623692,70.99026646132236,34132000
2020-01-28,71.93048858642578,72.14372252373562,70.93173956635746,71.49607551541948,29724000
2020-01-29,72.23795318603516,72.60690544755049,71.67709035915647,72.32522928653594,21566000
2020-01-30,72.11646270751953,72.1660483074748,71.16185099783613,71.3155792213507,27110000
2020-01-31,71.0517578125,72.88113570169328,70.76809913606537,72.79137767304688,43822000
2020-02-03,73.5223388671875,73.70582753071683,72.23349161238843,72.48342482845398,71636000
2020-02-04,71.6780776977539,72.76558597572388,70.51866160482743,72.12835848746417,95880000
2020-02-05,71.70980072021484,72.62870419565452,70.89801361360801,72.58060171213725,36376000
2020-02-06,73.19356536865234,73.47077712052415,71.92951458765228,72.00389677738615,37822000
2020-02-07,73.3492660522461,73.65374870960305,72.66988358975605,72.76807109346798,28360000
2020-02-10,74.81465148925781,74.82556289282728,73.15536902814524,73.25603845469743,38302000
2020-02-11,74.88407897949219,75.86696037630945,74.65546917942103,75.0432628919805,34852000
2020-02-12,75.30907440185547,75.39188605793423,74.81515553865327,75.17170572454793,31042000
2020-02-13,75.0492172241211,75.67206769006663,74.58356058636251,74.88110442539049,22914000
2020-02-14,75.31403350830078,75.379494369369,74.66043128930994,75.10575582931537,23198000
2020-02-18,75.34923553466797,75.90067759877253,74.9311895426324,75.09632856792217,25642000
2020-02-19,75.61852264404297,75.90961957394465,75.42562079756561,75.73406852705827,22746000
2020-02-20,75.22775268554688,75.7276191418421,74.59646508766922,75.32792271504182,25962000
2020-02-21,73.56497192382812,74.92820867419994,73.31851194016726,74.6123152432985,42520000
2020-02-24,70.41104888916016,71.23028195609393,69.76290996883232,70.56924154888083,49560000
2020-02-25,68.747802734375,71.25358934741597,68.45522273304678,70.96349127440813,51580000
2020-02-26,68.95359802246094,70.10409286099708,68.26330414608108,69.17725154343258,49776000
2020-02-27,65.20855712890625,67.90874408927081,65.1733485505735,67.39994872991234,62290000
2020-02-28,66.41358184814453,66.57226632635177,62.89069714307615,63.19319723297606,80198000
2020-03-02,68.747802734375,68.80482655090657,65.71685370908082,67.01562107182778,55430000
2020-03-03,66.33771514892578,69.83233041381229,65.91718724409012,69.31114065170213,56602000
2020-03-04,68.51373291015625,68.57224739337018,66.30200954107818,67.3910084911232,47598000
2020-03-05,65.19912719726562,67.1267001116849,64.54850635828724,66.72600490557134,54380000
2020-03-06,64.25592041015625,64.60354166751632,62.34521040783532,62.976989720868964,64640000
2020-03-09,60.29119110107422,62.12305079959445,59.41096545267935,59.754129850992335,69252000
2020-03-10,63.23585510253906,63.26957678968302,60.22771640855486,62.20537437076088,54872000
2020-03-11,60.04869842529297,62.33133476819371,59.06879829263046,61.901885489595976,54732000
2020-03-12,55.121917724609375,58.95027701384307,54.96918076424431,55.67088167650658,94326000
2020-03-13,60.2158203125,60.2222672728443,55.15861501655473,58.26791891565671,79400000
2020-03-16,53.2102165222168,56.80401064985068,52.91664149959942,54.03390642715951,96520000
2020-03-17,55.44475173950195,55.838496815004454,52.02501762640033,54.084991706538645,83194000
2020-03-18,54.11226272583008,54.79660524805218,51.424970078900834,52.56257095894629,93044000
2020-03-19,55.127872467041016,57.15809373620562,52.34487397039444,53.964983044434405,74064000
2020-03-20,52.972679138183594,56.45737823212612,52.66968337475193,56.08148339433845,82878000
2020-03-23,52.274452209472656,52.90821410094761,50.030002120502026,52.385533632275504,83672000
2020-03-24,56.037353515625,56.20199314271335,53.87621437902263,54.7465237525493,72468000
2020-03-25,54.62948989868164,56.83872770368654,53.70661738665387,55.768078303487016,90324000
2020-03-26,57.66936492919922,58.09385791556648,54.15392148412994,55.27912035694048,76562000
2020-03-27,55.057945251464844,57.08072809299469,54.747511270415124,55.91139183073007,62794000
2020-03-30,56.84566879272461,57.078247414984624,54.474269571410154,56.16777321835151,58736000
2020-03-31,57.62126159667969,58.1890670209297,56.37010109392205,56.96568065824295,65228000
2020-04-01,54.65328598022461,56.00808955487203,54.22631489814813,55.7393111206098,51970000
2020-04-02,55.393672943115234,55.6783190924219,54.208468955289,54.549151445625526,56410000
2020-04-03,54.1871452331543,55.480952582798494,53.31337022040269,55.278626230732584,51374000
2020-04-06,58.674556732177734,59.049456548881885,55.78890642035224,56.18562904604569,63320000
2020-04-07,58.643314361572266,60.538652600864694,58.37999159575854,60.3516945343309,61620000
2020-04-08,59.85529327392578,60.247055806495155,58.71224047565648,59.661892044147216,40334000
2020-04-09,59.83396530151367,60.59864505745454,59.132264469330266,60.40970828618216,54028000
2020-04-13,60.02439880371094,60.228215813461446,58.63190840184953,59.582551251526766,38702000
2020-04-14,62.7429313659668,63.26461680088407,60.923466061815894,61.49028400054519,63358000
2020-04-15,62.34968566894531,63.232885198503794,61.19423448072011,61.81460686948649,42236000
2020-04-16,62.35612487792969,63.14609692046677,61.40250825663297,62.837645447215486,57896000
2020-04-17,63.42578887939453,63.971279654647915,62.781115555550386,63.55968059070784,51050000
2020-04-20,62.54060363769531,63.31768179285646,62.307033746712925,62.97402173117988,35292000
2020-04-21,60.11117935180664,61.98766835322001,59.75611229250409,61.62615811769642,49648000
2020-04-22,62.404727935791016,63.469426000735105,61.35292000771885,61.546816874331455,46296000
2020-04-23,63.03749084472656,63.879534159122194,62.50985410412235,62.76821677257481,34202000
2020-04-24,63.3067741394043,63.36181922472336,61.69013452627562,62.23562530613796,37402000
2020-04-27,63.02212905883789,64.17460653654936,62.73450531843836,64.07046390575515,44186000
2020-04-28,61.12430191040039,63.71141672653307,61.01470738613911,63.63406078207744,80700000
2020-04-29,66.55889129638672,67.45002460634528,65.7927245869815,66.6987343327068,108358000
2020-04-30,66.78303527832031,66.94668363522894,65.53336173174351,66.02232428665536,55842000
2020-05-01,65.3260726928711,67.0175974915961,64.9462166247324,65.66179886879097,48872000
2020-05-04,65.60279846191406,65.68066140503612,64.2693217841076,64.8703571166815,30806000
2020-05-05,66.89807891845703,67.98856850629761,66.20431948237466,66.32680414700387,39666000
2020-05-06,66.72006225585938,67.87353091957088,66.70518581908316,67.34341219746076,31732000
2020-05-07,67.90279388427734,68.23604578852895,67.07265681518872,67.50756186268677,30652000
2020-05-08,68.64961242675781,69.25956898715928,68.03816519605402,68.52464582755636,33326000
2020-05-11,69.6042251586914,70.19633158338425,68.21124277247152,68.27521296690415,32718000
2020-05-12,68.19536590576172,70.13681640125114,68.16213984874989,69.833824423372,33918000
2020-05-13,66.8638687133789,68.69870991776949,65.8561982347185,68.24396464855478,40368000
2020-05-14,67.2868881225586,67.31217655467557,65.62264142256569,66.12945429100705,36660000
2020-05-15,68.0902328491211,68.16560628520914,66.40118989060014,66.86039957997617,41544000
2020-05-18,68.69127655029297,69.0671676528227,67.15497035740877,67.52094887953119,47094000
2020-05-19,68.15668487548828,69.05376572383527,68.12494948842443,68.70614443587316,31586000
2020-05-20,69.88043212890625,70.02275708211047,68.80234463314515,68.88862946707506,38262000
2020-05-21,69.76091766357422,70.2424343807226,69.14797983629096,69.97117781945387,30894000
2020-05-22,70.08277130126953,70.26922616998684,69.22535585205502,69.61959655312397,28544000
2020-05-26,70.48593139648438,71.6632053320512,70.38824330390248,71.5069951861751,44590000
2020-05-27,70.43186950683594,70.6832933415552,69.15839836325051,70.4179843310238,31684000
2020-05-28,70.3307113647461,71.63096165984945,69.38056425382432,69.42618481441546,35170000
2020-05-29,71.08846282958984,71.24764676163868,70.218652828686,70.4393250257835,37044000
2020-06-01,71.1553955078125,71.48814791077972,70.53105438742989,70.70065785212817,25162000
2020-06-02,71.52434539794922,71.55856271044368,70.49782602311556,71.1618401370753,23442000
2020-06-03,71.37260437011719,71.85660306579962,70.99423139231902,71.54369094375163,27732000
2020-06-04,70.13533020019531,71.47526126931832,69.72423054944969,71.25011707361648,26982000
2020-06-05,71.41078186035156,71.72221085779697,69.80405884772759,70.201772677835,42642000
2020-06-08,71.80850219726562,71.85610527816216,70.64015718062795,70.72942336173372,33878000
2020-06-09,72.00884246826172,72.78840250945899,71.52682627591334,71.66965065277674,33624000
2020-06-10,72.63467407226562,73.0348622998667,72.1219137520516,72.47648141459497,31762000
2020-06-11,69.52041625976562,71.98504674451961,69.34734716096332,71.46087559148388,47144000
2020-06-12,70.06689453125,71.13754380958245,68.7220073373794,70.70858643432881,36676000
2020-06-15,70.45469665527344,70.66594810504006,68.79144145539158,68.90500481086467,30468000
2020-06-16,71.73064422607422,72.26125473639239,70.86380812050945,71.85610266711461,30648000
2020-06-17,72.03166198730469,72.51070444213754,71.168298968231,72.05150228105227,30610000
2020-06-18,71.11820220947266,72.05297348457265,70.72742718247635,71.89825402642742,34862000
2020-06-19,70.64810180664062,71.63295826897189,70.36840814054392,71.40980414439169,52784000
2020-06-22,71.93843078613281,71.95281537744636,70.37783504857579,70.66645003115394,29442000
2020-06-23,72.59896850585938,73.15537446068053,71.65775015871338,72.00487961496944,37752000
2020-06-24,71.04779052734375,73.18462478275211,70.91389504036651,72.5642562323238,31592000
2020-06-25,71.4643325805664,71.52482956951864,70.39516653291213,70.97437885515582,23958000
2020-06-26,67.56855773925781,71.2620309157348,67.19464912086197,71.0443324709368,97640000
2020-06-29,69.28585052490234,69.32701421353897,67.02850648187311,67.45944641414235,45074000
2020-06-30,70.32129669189453,70.61635863988086,68.77805172682511,69.27147878140379,40286000
2020-07-01,71.50897979736328,71.83032898693156,70.12938326370785,70.3768421161721,42182000
2020-07-02,72.89402770996094,73.81591270905315,71.9587569455247,71.99694685942596,57218000
2020-07-06,74.36783599853516,74.88109565566346,73.24362860859631,73.79755253518367,44712000
2020-07-07,73.88534545898438,75.44247559216144,73.87443405399931,74.19330132589292,42364000
2020-07-08,74.56372833251953,74.9391275363047,74.00335737778137,74.42487655792402,31766000
2020-07-09,75.31056213378906,75.83026886920159,74.1665217588181,74.87763965842205,41836000
2020-07-10,76.31970977783203,76.4352556332494,74.42090622047326,75.04226597577468,35918000
2020-07-13,74.99169158935547,78.17190408455957,74.71051486489596,76.8617335973757,42954000
2020-07-14,75.41966247558594,75.51586747193137,73.68748069578344,74.02767136950519,38108000
2020-07-15,75.22228240966797,76.18680655802422,74.27759098501936,75.53717702893292,31026000
2020-07-16,75.12509155273438,75.17418530345144,73.80351018131975,74.45958671679637,26484000
2020-07-17,75.2208023071289,75.54710778770762,74.29098718634621,75.22377608107477,34264000
2020-07-20,77.55104064941406,77.8074208084694,74.51910048084655,75.12905704307107,30166000
2020-07-21,77.15827941894531,78.70202356898034,76.99463106769095,78.60185355585298,27486000
2020-07-22,77.60112762451172,77.70675334704666,76.52898757148118,77.14787303751817,24482000
2020-07-23,75.2158432006836,77.87387489576915,74.81118295355448,77.65468582028785,33910000
2020-07-24,74.7923355102539,75.15037633795211,73.7697887035883,74.34503607352454,29902000
2020-07-27,75.84465026855469,76.24781989329986,74.99666304671776,75.04278303062988,27124000
2020-07-28,74.56621551513672,75.67504727423581,74.41099662396583,75.62496226274747,30910000
2020-07-29,75.55107116699219,76.03804366539825,74.53447181046977,74.63315872892666,22676000
2020-07-30,76.2879867553711,76.41295336384728,74.14568906688521,74.28454085408097,36042000
2020-07-31,73.78764343261719,74.63414743431856,72.10405616294213,74.2389154953102,91468000
2020-08-03,73.53028106689453,74.27264254289081,72.9828039499581,73.93890638850003,45482000
2020-08-04,73.0611572265625,74.0435393333621,72.6014556409733,73.72616272675874,37212000
2020-08-05,73.34827423095703,73.88930432200833,72.95799858052132,73.23570970460068,29134000
2020-08-06,74.63067626953125,74.6961371287166,72.99172582956919,73.20248543087422,33306000
2020-08-07,74.30437469482422,75.3814709934715,73.70433072116582,74.83350211063035,27718000
2020-08-10,74.2275161743164,74.73977711058357,73.26893187451145,73.92898105188225,20546000
2020-08-11,73.42018127441406,74.9029290830015,73.30364415071575,74.08766106264545,31098000
2020-08-12,74.74424743652344,74.96393594922627,73.64136312889204,73.74649701775965,22512000
2020-08-13,75.21086883544922,76.21854671384278,74.79233103557158,74.79233103557158,22388000
2020-08-14,74.61480712890625,75.36659681987358,74.33561289996881,75.06012408061498,21942000
2020-08-17,75.1905517578125,75.56446789757864,74.63316208489026,75.17716599131961,19990000
2020-08-18,77.15133666992188,77.23018328447318,75.45981951477373,75.68049166642054,28378000
2020-08-19,76.59742736816406,77.79998980713675,76.36881754336467,76.98819489670538,30472000
2020-08-20,78.16645050048828,78.36084298271476,76.09407832961335,76.36731743172305,26382000
2020-08-21,78.13272857666016,78.94154200457511,77.47516142101985,77.94576675479895,34838000
2020-08-24,78.60780334472656,79.7796215208328,78.10644628557537,78.97080047471435,25638000
2020-08-25,79.63432312011719,79.78457814472273,78.24728090400605,78.35737106631586,25150000
2020-08-26,81.53264617919922,81.96210309034612,79.39283767717302,79.65665611091694,52188000
2020-08-27,80.75852966308594,81.72404511830622,80.27700533270146,81.65561048941696,31350000
2020-08-28,81.29956817626953,81.39478192072718,80.61423806139003,80.80565680839352,22418000
2020-08-31,80.80862426757812,81.55098571536558,80.60034658249602,81.50486573387329,26422000
2020-09-01,82.07564544677734,82.2809493495807,80.80862102170718,80.93904333000434,22652000
2020-09-02,85.16560363769531,85.5975348157348,82.32904722784718,82.71684094466416,49522000
2020-09-03,80.80763244628906,84.30323947854686,79.72656344056428,84.27943415274483,63726000
2020-09-04,78.41241455078125,81.07936727771299,76.26813467762842,79.79052021748116,55850000
2020-09-08,75.55553436279297,77.13993533300419,75.20344105449351,75.62496025313807,54032000
2020-09-09,76.72734832763672,77.29713244236171,75.63338552792708,76.81015997905173,39242000
2020-09-10,75.6770248413086,78.0380120006391,75.37700663755594,76.87363960393168,33024000
2020-09-11,75.16675567626953,76.30434911532208,74.03907481748664,75.78117674902929,30706000
2020-09-14,74.8230972290039,77.21185520916106,74.6386248535236,75.9547432017758,42660000
2020-09-15,76.12681579589844,76.9138141369124,75.48115874300053,75.7682830632299,23042000
2020-09-16,74.98474884033203,77.08141822427109,74.95995225886935,76.49179380537119,22128000
2020-09-17,73.7425308227539,74.31876961174397,72.52360868177398,73.68153439611216,40008000
2020-09-18,71.95974731445312,74.14717354274497,70.99423184511045,73.80500039329375,63056000
2020-09-21,70.92083740234375,71.41276613993426,69.55909124439718,70.99422831812555,56908000
2020-09-22,72.39266204833984,72.59846532850516,70.88909043332232,71.92155731932259,33950000
2020-09-23,69.891845703125,72.05844057241953,69.55910082477837,72.00934681768462,37726000
2020-09-24,70.55982971191406,71.3101288291566,69.53281825836872,69.55910551414044,34552000
2020-09-25,71.3631820678711,71.70435638288463,69.80704340057243,70.66842379721632,30326000
2020-09-28,72.33515167236328,73.04577770670436,71.72123004229934,72.99619210723424,30784000
2020-09-29,72.70014190673828,72.99668695835517,72.1040628957375,72.59550743432801,31816000
2020-09-30,72.67931365966797,73.70086941289681,72.19134985223658,72.44822189421207,40924000
2020-10-01,73.78516387939453,74.14073037908443,73.23471303836575,73.57490368942042,32884000
2020-10-02,72.18340301513672,73.34530108822473,71.77428589367447,72.38325120895068,31222000
2020-10-05,73.53374481201172,73.62647661219141,72.40606407362094,72.53301318921578,21602000
2020-10-06,71.95628356933594,73.61754863021302,71.65824787299684,73.17024916293467,26096000
2020-10-07,72.35894775390625,72.84641961122173,71.07406570647528,72.36737722907078,36108000
2020-10-08,73.5634994506836,73.79160984769521,72.67186671262658,72.67186671262658,26076000
2020-10-09,74.90343475341797,74.97286065480611,73.7405452300247,74.03114275775336,32966000
2020-10-12,77.5882339477539,78.76996475880563,75.83819452463318,76.26963387133897,55344000
2020-10-13,77.71121215820312,78.60830053326004,77.29267433018113,78.2041397278234,39072000
2020-10-14,77.53119659423828,78.54333141599089,76.66138672902949,78.08462872761372,33174000
2020-10-15,77.13597106933594,77.92594312364784,76.42485320690311,76.59196719094011,31210000
2020-10-16,77.7424545288086,78.2388477100898,77.24457067731333,77.45135766010404,34194000
2020-10-19,75.87044525146484,78.54732655155014,75.52183262164318,78.15060385030814,29734000
2020-10-20,76.91828155517578,78.04695371912739,75.40181561453903,75.53124667758806,41670000
2020-10-21,78.64945220947266,80.09500878079854,77.71468095433627,77.8490682736484,60322000
2020-10-22,79.67449951171875,80.00972633668317,78.22745949895982,78.60037683033812,30512000
2020-10-23,80.97970581054688,81.0362377810544,79.93483669697007,80.09055499720758,30548000
2020-10-26,78.5651626586914,80.81109596389342,77.7464289699495,80.08807542144447,35826000
2020-10-27,79.2886734008789,79.4433928628806,78.203147671929,78.7952539907842,25902000
2020-10-28,74.9207763671875,77.05364551687353,74.80572991828615,76.86520815058896,45174000
2020-10-29,77.20589447021484,78.78583097305014,75.20592187839175,75.22922779001276,55406000
2020-10-30,80.14311218261719,83.37689063114517,79.42207419697557,82.68857929063469,99878000
2020-11-02,80.55026245117188,82.23235921213355,80.050388434645,80.51158068776404,44228000
2020-11-03,81.60850524902344,82.27003752125272,79.94475820536469,80.86961702118651,31432000
2020-11-04,86.57695007324219,87.77603930665698,84.45201073795255,84.57995112111725,71342000
2020-11-05,87.40261840820312,88.85660464736164,86.33791656920567,87.79685909810694,39758000
2020-11-06,87.26525115966797,87.70015609543829,86.12219462200115,86.84918769044951,28622000
2020-11-09,87.34906005859375,90.09982356156625,87.15714949334874,89.06289964750782,53440000
2020-11-10,86.17378234863281,87.24790499621608,85.10263347510187,85.77954163133082,43022000
2020-11-11,86.6453857421875,87.42245635168302,86.43859116132685,86.70340081963118,31838000
2020-11-12,86.42668151855469,87.5256006507518,86.18616905114561,86.38601724295751,26474000
2020-11-13,87.88661193847656,88.12811565464587,86.08748643492731,86.68355780156224,29744000
2020-11-16,87.97439575195312,88.98157439814365,87.34459885703573,87.48395005570929,25468000
2020-11-17,87.3609619140625,88.12861930166262,87.25335367641775,87.66841834553581,21314000
2020-11-18,86.31858825683594,87.5266064972582,86.21593629280572,87.11203360876581,20108000
2020-11-19,87.20772552490234,87.4517111808944,85.79192921661566,85.95111313440208,20106000
2020-11-20,86.10731506347656,87.69320654241716,86.03888043804935,87.37781251074621,27694000
2020-11-23,85.6699447631836,86.58389223770376,84.80807238631498,86.29775917426349,22530000
2020-11-24,87.4720458984375,87.59998627783115,85.33123893145898,85.66696514111936,27984000
2020-11-25,87.48345184326172,87.79339022162621,86.70141738515697,87.66594925071765,19600000
2020-11-27,88.61856079101562,89.11397029438973,87.50377401389918,87.50377401389918,14790000
2020-11-30,87.00093841552734,88.28730367623308,86.67562420794934,88.05472883709749,32418000
2020-12-01,89.03215789794922,90.33935486908295,87.42890770924123,87.60892319923718,37350000
2020-12-02,90.5005111694336,90.88583053694929,88.52682579597574,89.03214790983743,29424000
2020-12-03,90.34529876708984,91.4357808641382,90.10527814356266,90.28082916707561,24728000
2020-12-04,90.44051361083984,90.72515597863432,89.93617518789623,90.26496258516443,20544000
2020-12-07,90.10677337646484,90.71474746268916,89.41300629000888,90.03337488446918,22288000
2020-12-08,89.8240966796875,90.05419714492693,88.82981962250061,89.68475306209454,19936000
2020-12-09,88.1643295288086,90.6691326799551,87.3778305860458,89.77600917876947,31728000
2020-12-10,87.65801239013672,88.02200081653986,85.9659955088699,87.40757975682408,28688000
2020-12-11,88.01258087158203,88.13705563756427,86.91862549969234,87.27864889730141,18628000
2020-12-14,86.89481353759766,88.75642621466821,86.7395946512999,87.81025159464944,33050000
2020-12-15,87.33219909667969,87.47699842212751,86.36965738505812,87.27169452904377,21352000
2020-12-16,87.13928985595703,87.7304049543823,86.73612785383081,87.7304049543823,24676000
2020-12-17,86.31212615966797,87.61139288477847,85.84796774736196,87.4735323654879,34880000
2020-12-18,85.60348510742188,86.7014130032397,85.04708672490963,86.59281350662172,85256000
2020-12-21,86.0170669555664,86.13806852719698,84.00569107154372,84.75599010453729,33974000
2020-12-22,85.30593872070312,85.92035967123091,84.5898570912219,85.7577025849054,20370000
2020-12-23,85.70316314697266,86.49065326644407,85.35454302432285,85.48992918586241,22974000
2020-12-24,85.99722290039062,86.40633997321149,85.51074231650904,85.74133461268124,9312000
2020-12-28,87.97090911865234,88.61756486730043,86.37708759430448,86.5303163813266,27650000
2020-12-29,87.16755676269531,88.69046939494899,87.03614320674384,88.62898113815957,19726000
2020-12-30,86.10086822509766,87.66345379664646,85.69175114215045,87.52658454559963,21026000
2020-12-31,86.91366577148438,87.15467009608656,86.09294200196078,86.1514640567951,21070000
2021-01-04,85.59902954101562,87.402120207572,84.65731177627322,87.27864427300177,37324000
2021-01-05,86.28931427001953,86.62553228807558,85.14130146810675,85.54744478278593,20360000
2021-01-06,85.43785095214844,86.48371128165162,84.10983019384653,84.31612534175449,46588000
2021-01-07,87.98975372314453,88.16232337948856,85.63024996050096,85.63024996050096,41936000
2021-01-08,89.15463256835938,89.23050541250267,87.3391324437346,88.12960383731487,35484000
2021-01-11,87.09465789794922,88.48764764784643,86.88886216525205,88.1226604372479,34796000
2021-01-12,86.15938568115234,87.67039562957231,85.11551546654566,86.55263508531978,29528000
2021-01-13,86.64636993408203,87.09962451285838,85.65803281300867,85.65803281300867,23432000
2021-01-14,85.8365478515625,87.65303914635119,85.59603541168373,86.72668980185412,29212000
2021-01-15,85.67289733886719,86.66469994138102,84.88392424044562,85.74232321836902,31444000
2021-01-19,88.49211883544922,89.45267807678509,85.93128331929772,86.43561418775866,41660000
2021-01-20,93.2329330444336,94.20737744445935,90.2297543947526,90.56993747642771,64152000
2021-01-21,93.43526458740234,95.81211977776022,93.20020779390293,93.90637699930275,58634000
2021-01-22,93.85231018066406,94.43896084883245,93.05589117003073,93.79776072604933,32744000
2021-01-25,93.93760681152344,95.3033257370761,92.19600437288214,94.85304490741599,50586000
2021-01-26,94.61550903320312,95.00231152937288,93.03755491647793,93.52650995574975,31462000
2021-01-27,90.20147705078125,93.25275793882243,89.12735456548495,92.97703691453077,82512000
2021-01-28,91.90045166015625,93.62568701190574,90.79954993985909,90.79954993985909,55278000
2021-01-29,90.61902618408203,91.61975778123126,89.33960734800256,90.94929666786128,44530000
2021-02-01,93.87760162353516,94.9918890070294,91.47346827211754,91.47346827211754,40252000
2021-02-02,95.16942596435547,96.6695245972113,94.53714717102395,94.87238152496506,66332000
2021-02-03,102.10014343261719,104.4675776467,99.85222011919001,102.43388711910048,97882000
2021-02-04,101.83979034423828,102.61686084448914,100.92087916656516,102.18642035715034,48596000
2021-02-05,103.58536529541016,103.9379504485251,101.6597824251192,102.13386099437315,29866000
2021-02-08,103.37163543701172,104.8831449457621,102.32181757236562,104.13929285394818,28828000
2021-02-09,102.91887664794922,104.06539887651223,102.65158507922345,102.88961562155747,21892000
2021-02-10,103.46881866455078,104.08373904046066,101.77085450098349,103.30318780122352,25102000
2021-02-11,103.5813980102539,103.8417432011322,102.59505097845204,103.6929788445471,20480000
2021-02-12,103.892822265625,104.11448568687386,102.8286123513811,103.13607633020287,18990000
2021-02-16,104.6698989868164,106.37778331502909,103.73016383309847,103.73016383309847,31004000
2021-02-17,105.06265258789062,105.25208878200296,103.56156275847486,103.84074940988165,20294000
2021-02-18,104.42741394042969,105.2297881295189,103.80852842248879,104.38724907315866,22546000
2021-02-19,103.5843734741211,105.06067434938426,103.31758131898079,104.52559936877174,37938000
2021-02-22,101.87103271484375,103.1638524951323,101.56060251176662,101.83830606942489,29466000
2021-02-23,102.16165161132812,102.77558090753698,98.69579698229671,99.87406240036884,34658000
2021-02-24,103.33641052246094,103.56006401368582,100.54548251591704,100.66994969043266,22608000
2021-02-25,99.97125244140625,103.29627253919438,99.50213009803336,101.95386696395025,41548000
2021-02-26,100.26679229736328,101.98310623375514,99.23036023728218,100.66549742752122,40042000
2021-03-01,102.63472747802734,102.96053353696968,100.88716997270484,101.5606048992847,26060000
2021-03-02,102.37785339355469,103.87845154552576,101.99055905326092,102.39570360453789,25564000
2021-03-03,99.74610900878906,102.94863663130721,98.88273841636625,101.7564937545508,33892000
2021-03-04,100.86287689208984,102.87920915491242,99.44955486444132,99.91768591072356,49216000
2021-03-05,103.99398803710938,104.44674319929116,100.55788705118852,102.21271269276662,53100000
2021-03-08,99.55220031738281,104.8206529765834,99.43764570827803,103.34882412283017,36868000
2021-03-09,101.18173217773438,102.35007722648686,100.94568414890182,101.6473888421462,33920000
2021-03-10,100.97494506835938,102.2251105144304,100.13885303854282,102.2251105144304,27100000
2021-03-11,104.16606903076172,104.69817024362116,101.97964153853603,102.06741705146506,27702000
2021-03-12,101.65978240966797,103.02896690019689,100.78798996708696,102.96946115627736,33818000
2021-03-15,101.87996673583984,101.90723768058707,100.5583928421277,101.41084443797796,26168000
2021-03-16,103.34040069580078,104.81768533806229,102.12047992122729,102.45273295151992,31900000
2021-03-17,103.25757598876953,104.0896954073164,101.36819296395524,102.57571159931345,26382000
2021-03-18,100.23854064941406,102.58960798944429,100.13142424591535,101.56953536138177,31700000
2021-03-19,100.5172348022461,101.01710125931316,99.32558373869337,100.65460349224905,46072000
2021-03-22,100.70220947265625,101.57747521012381,99.8745468228633,100.55046375333875,33536000
2021-03-23,101.22982788085938,102.35949109317576,100.56879507536709,101.16139325256839,28510000
2021-03-24,100.79344940185547,102.53256990725708,100.61839021612809,101.74706227764077,25218000
2021-03-25,100.78997039794922,101.44356501016514,98.9863728269257,100.62086633670765,35616000
2021-03-26,100.4066390991211,101.1336246171234,99.37119076934293,100.75674230960178,27978000
2021-03-29,101.45101165771484,101.62061514543679,99.45054707058068,100.2792009272737,26492000
2021-03-30,101.48473358154297,102.28809141391507,100.97296449597272,101.80756587150155,27312000
2021-03-31,102.2806625366211,103.45793660271161,101.51102253861231,101.87799232569182,42570000
2021-04-01,105.61608123779297,105.91213441854954,103.71430370630291,103.7549679821722,39880000
2021-04-05,110.03853607177734,110.5359281464989,106.38126321505356,106.47746820855774,48510000
2021-04-06,109.55750274658203,110.48682596318324,109.18706739203486,109.63982255502079,35240000
2021-04-07,111.0338134765625,111.30507009532337,109.74793996872023,109.74793996872023,24134000
2021-04-08,111.59912872314453,112.65837480867786,111.23116773698662,112.27206420107896,28664000
2021-04-09,112.60283660888672,112.76648496837154,110.94602844319752,111.35167993918043,26146000
2021-04-12,111.31101989746094,111.91948581429651,110.47790163265579,111.78212470167257,25024000
2021-04-13,111.79749298095703,112.24579128521644,111.23315696050524,111.6269058095295,25682000
2021-04-14,111.17662811279297,112.44216945631923,110.88454751475824,112.44216945631923,21002000
2021-04-15,113.32585144042969,113.85895143791116,111.63582486861483,112.17040796947886,29174000
2021-04-16,113.20188903808594,113.77168077567667,112.61523834787371,113.52373007572085,26282000
2021-04-19,113.54951477050781,114.26014079100582,112.57854354901255,112.57854354901255,30290000
2021-04-20,113.01641845703125,114.00772178331093,111.93089265988128,113.9328401922627,22288000
2021-04-21,112.98369598388672,113.06551638343237,111.32093263815867,112.67127568827584,23204000
2021-04-22,111.70277404785156,113.50587220316932,111.09777377545008,112.837393589657,24146000
2021-04-23,114.05384826660156,114.36081286616997,112.13570353718127,112.42084532744272,29066000
2021-04-26,114.54975128173828,115.27377066190553,113.92441882355446,114.28146844023216,32038000
2021-04-27,113.61001586914062,114.97225396912138,113.37098650498807,114.93158969348886,44386000
2021-04-28,116.98512268066406,120.57247005777245,116.69650771409113,118.6444052488308,81106000
2021-04-29,118.65730285644531,119.22263014493893,117.71955010871437,118.48225123764739,41234000
2021-04-30,116.71038818359375,118.1162643027293,116.36623251844566,117.43043490062821,44856000
2021-05-03,116.19366455078125,118.10139729687744,115.81777346888248,117.2762166409626,28242000
2021-05-04,114.3960189819336,115.29657305551342,111.9090738290094,114.72926326113381,44818000
2021-05-05,114.7897720336914,115.79297809431026,114.46793099267961,115.47709216813345,26636000
2021-05-06,115.90950775146484,115.90950775146484,113.71216888819075,114.371219210084,25190000
2021-05-07,116.63253784179688,117.59062276334002,116.34640478417988,117.22564307589363,28898000
2021-05-10,113.64820098876953,115.59461543086714,113.29065197517465,115.45278230823058,30914000
2021-05-11,112.57258605957031,113.07939883944981,110.78039927471382,111.23415327092532,34186000
2021-05-12,109.11070251464844,111.47764498191353,108.78192267103177,110.39707540750636,46376000
2021-05-13,110.53840637207031,111.05414048585153,109.43154957142508,110.39359947423983,33204000
2021-05-14,112.98516845703125,113.2995712389846,111.5778017225358,112.00130340485505,31996000
2021-05-17,113.50785827636719,113.55050506879931,111.85105006420112,112.25074645700623,21598000
2021-05-18,112.19619750976562,114.43817329757108,112.18231233154226,114.17385549892235,22204000
2021-05-19,112.64398956298828,112.8170586512996,110.35987410043673,110.50814660767092,23684000
2021-05-20,114.40196990966797,114.65239495545593,113.24007185238473,113.61100662106799,32352000
2021-05-21,113.7662124633789,114.99407073122583,113.52669126628258,114.92067224724799,40632000
2021-05-24,117.08429718017578,117.30794312536561,114.65041093317832,114.79570966912145,31832000
2021-05-25,117.17504119873047,118.22287643220353,116.78476557290928,117.6277963375595,22440000
2021-05-26,118.0399169921875,118.47035755977261,117.3530886641825,117.35606243834195,21572000
2021-05-27,117.16563415527344,118.47332287279623,116.84726630527486,118.47332287279623,35224000
2021-05-28,116.87651062011719,117.82963157956378,116.67815310319966,117.7478111847202,21482000
2021-06-01,118.08304595947266,118.3076907432192,116.74907000230994,117.74881041841671,23354000
2021-06-02,117.5578842163086,118.70093322748687,116.65384943203411,118.47827097273424,21158000
2021-06-03,116.41680908203125,116.88494008609811,115.52121134855334,116.3250685412931,18696000
2021-06-04,118.69746398925781,118.96822874582733,117.15223662042179,117.49242726754059,24458000
2021-06-07,119.13038635253906,119.2399846738455,118.07412155900927,118.49265941789501,24120000
2021-06-08,118.93897247314453,119.98433347180782,118.75747389251524,119.61191557625074,24240000
2021-06-09,119.41007232666016,119.65504166013505,118.86259530140607,119.58314141281689,17942000
2021-06-10,120.75843048095703,120.801576684723,119.20378241102719,119.35949314078805,25904000
2021-06-11,120.51395416259766,121.08522897452744,119.95655696176605,120.99993539094038,21958000
2021-06-14,121.4417953491211,121.44228719469659,119.90896239653654,120.61611526440987,22098000
2021-06-15,120.42420196533203,121.76908177598153,120.06367916664863,121.44624948123858,21562000
2021-06-16,119.7824935913086,120.88686840654948,118.49067266185558,120.5754393849675,26472000
2021-06-17,120.74553680419922,121.51815047385836,119.51223033742086,119.7081134975645,25842000
2021-06-18,119.12641906738281,120.60618554839238,119.03120533837755,120.37212004101573,46116000
2021-06-21,120.81398010253906,120.99994312989033,118.91566806650118,119.51273832350716,27414000
2021-06-22,121.32772827148438,121.39666231815684,120.07161525109758,120.75198899495656,22390000
2021-06-23,121.12590026855469,122.08645953120904,120.83580218507122,121.0926742086513,19148000
2021-06-24,121.49584197998047,122.04678467759501,121.29748444838773,121.69419951157322,21362000
2021-06-25,121.5042724609375,121.62775596535607,120.5685097881372,120.99994158468905,34594000
2021-06-28,121.53154754638672,121.77850698140655,120.4103137257864,121.67287369057478,28526000
2021-06-29,121.27021026611328,122.01257928283053,120.69347970676894,121.66495039428926,23108000
2021-06-30,121.08869934082031,121.2548296268427,120.35972373185534,120.99447687115277,24474000
2021-07-01,121.4407958984375,121.58212203987887,120.53527798763021,120.72718855138434,18110000
2021-07-02,124.2307357788086,124.37603452212761,122.05075521661516,122.14051324667714,25982000
2021-07-06,125.15560150146484,125.39164954584159,123.56127270190933,124.61853639495152,26404000
2021-07-07,125.437255859375,126.24061363873932,125.11888803471057,126.11961963968089,24060000
2021-07-08,124.01898193359375,124.56595957690325,123.005363941043,123.0093289727932,23790000
2021-07-09,124.48959350585938,124.70381872081973,123.53051741103474,124.00013909575392,18632000
2021-07-12,125.93463897705078,126.02787018136053,124.58132232837067,125.14367576087542,17668000
2021-07-13,126.29765319824219,127.00777981268853,125.63612092477611,125.99713556323269,19240000
2021-07-14,127.1858139038086,128.2663910341705,126.865955385297,126.90910159126689,23742000
2021-07-15,125.96391296386719,127.64501842152565,125.49280814322165,127.59444156322091,24218000
2021-07-16,125.92919921875,126.7638005858177,125.11939443436253,126.61651932695658,20424000
2021-07-19,123.55680847167969,125.17047048995204,122.49259846899817,125.05591587763702,27968000
2021-07-20,125.17494201660156,126.0016057985081,123.3311794114217,124.49852570882304,26312000
2021-07-21,126.50345611572266,126.55006794062126,124.99045595333612,125.09955486427575,20746000
2021-07-22,127.36878967285156,127.42979365327596,126.45385860301083,126.79603176039008,14302000
2021-07-23,131.9246368408203,132.3054917449223,128.73649417322727,129.36131958948965,41506000
2021-07-26,132.93629455566406,133.13663460885186,131.2169991619108,132.2355886482273,30572000
2021-07-27,130.8187713623047,133.29729444563313,129.0375036233096,133.1500131960715,54710000
2021-07-28,134.97840881347656,137.16335335815197,134.16860398036314,135.1946241311871,95130000
2021-07-29,134.66448974609375,135.54074659888502,134.43191491467985,135.03393383670254,31716000
2021-07-30,133.62210083007812,134.19536566595704,133.1544692717714,133.92807412606015,25576000
2021-08-02,133.74905395507812,134.22709749139312,132.69724618575344,134.00939911638073,21634000
2021-08-03,134.51820373535156,134.61935743991575,132.2266425296642,134.02725111270541,20762000
2021-08-04,134.01785278320312,134.53755950866824,133.38458270000555,134.24001564188015,19676000
2021-08-05,135.13461303710938,135.23231626590845,133.74063191754414,134.56829449236173,17870000
2021-08-06,134.62583923339844,135.35383131349812,134.10168311968124,134.92686389798482,20488000
2021-08-09,135.79066467285156,136.05945443864798,134.23006169786746,134.8281306553872,17760000
2021-08-10,135.68556213378906,136.64314754338798,135.246684585336,136.21616508986884,19414000
2021-08-11,135.16189575195312,136.55387918721985,135.15444996704406,136.05699411421284,15352000
2021-08-12,136.06939697265625,136.17453085667606,134.3153999728154,134.86087941942685,16506000
2021-08-13,136.59852600097656,136.72648152836254,135.9097302737802,136.12494677939299,15948000
2021-08-16,137.17575073242188,137.22832524277518,134.1899301812805,136.39768127335614,22384000
2021-08-17,135.541259765625,137.13211535901215,134.96651172789996,136.62083810095478,21716000
2021-08-18,134.33868408203125,135.98061569212976,134.21222682101478,135.38106359666662,19258000
2021-08-19,134.5677947998047,135.234782779033,133.1495240793781,133.33350458588953,21782000
2021-08-20,136.30294799804688,136.42642391817594,134.14130974243275,134.8851617373076,31194000
2021-08-23,138.8935546875,139.71971902868404,136.47950099945666,136.83853312618544,28454000
2021-08-24,140.10353088378906,140.91531805934204,139.18809294920172,139.4588501005937,19268000
2021-08-25,140.91433715820312,141.02393547801682,140.21711205572637,140.4640639174662,15848000
2021-08-26,140.28109741210938,141.2500786299819,140.19827061437374,140.58805446280763,20610000
2021-08-27,142.82354736328125,143.3278781659032,140.33709435382934,140.49132196701825,28780000
2021-08-30,143.4052276611328,144.7739200341468,142.9812266193954,143.2162833413951,24434000
2021-08-31,143.5113525390625,143.98146600707764,143.09827801197414,143.9571764076647,22448000
2021-09-01,144.02513122558594,145.05511631686906,143.69585198821633,143.8113978553602,21936000
2021-09-02,142.11245727539062,144.32665531830855,142.0112884210009,144.02564581736442,32342000
2021-09-03,142.56121826171875,142.97330911300233,141.23319004017313,141.90762370846002,19850000
2021-09-07,143.09779357910156,143.37996157191282,142.44171705325797,142.65545041675884,20124000
2021-09-08,142.51312255859375,143.216310341674,141.8277925519912,142.91878162510545,18344000
2021-09-09,142.36434936523438,143.12754225665788,142.0038341746833,142.66139378468432,15314000
2021-09-10,139.72120666503906,143.53220739667623,139.58433740573318,143.030343356749,36840000
2021-09-13,141.16575622558594,141.77818710345173,140.09212560958235,140.78588503191912,22094000
2021-09-14,141.37600708007812,142.18780941142742,140.58802520414704,141.8233140691481,19674000
2021-09-15,143.24557495117188,143.2663989340108,140.18883824930154,141.60116132377672,27408000
2021-09-16,142.43280029296875,143.1171466443425,141.23421048693598,142.77050902430236,26190000
2021-09-17,139.64584350585938,142.27411498980177,139.31854675119118,141.858059023679,53384000
2021-09-20,137.58238220214844,137.86058517975945,135.20454353336754,137.02895758765368,46518000
2021-09-21,137.893310546875,138.86378985932566,137.14449465996216,138.60392895402697,25332000
2021-09-22,139.13356018066406,139.73211352931875,137.41576307062647,138.1620970935906,25056000
2021-09-23,140.05844116210938,140.53500172725538,139.25061879288333,139.83181383714714,20952000
2021-09-24,141.0492401123047,141.16380230179908,139.09142223509036,139.38648419130865,22984000
2021-09-27,139.91558837890625,140.77498621502428,138.91932129401908,139.6502793563309,21882000
2021-09-28,134.71656799316406,137.95628643744843,134.25041949465725,137.51840770698303,45772000
2021-09-29,133.25218200683594,136.02675103167505,132.76769140885952,135.85714754159193,30848000
2021-09-30,132.58023071289062,134.43143155227392,132.46121921545426,133.16094144275186,37996000
2021-10-01,135.4237060546875,135.78820139147504,132.9739523429522,133.34537891761596,35360000
2021-10-04,132.56385803222656,134.845991044881,129.97575169598792,134.845991044881,51202000
2021-10-05,134.907958984375,136.09961730477488,132.94221157443644,132.94221157443644,32404000
2021-10-06,136.43736267089844,136.62084377835407,133.44707765743206,133.64543520241895,24364000
2021-10-07,138.08375549316406,138.89405973958108,137.51445558203253,137.75347740127893,25110000
2021-10-08,138.6396484375,139.1806633910254,138.07629612988345,138.4328463076523,26526000
2021-10-11,137.77528381347656,139.55854921153343,137.72072679461957,138.15019117218512,17954000
2021-10-12,135.3304901123047,138.36342140161824,134.64712752694697,138.33663473843401,36332000
2021-10-13,136.45420837402344,136.86878120226152,135.39991852664056,136.27617541967604,19654000
2021-10-14,139.99395751953125,140.17892171906655,137.68702021920703,138.33070229242213,31894000
2021-10-15,140.20916748046875,140.55630449662968,139.60120099035484,140.4536525487432,30274000
2021-10-18,141.60760498046875,141.62546275603327,139.9131139513097,139.92006032333015,20396000
2021-10-19,142.06285095214844,142.4848695628123,141.43107913400408,142.21211472454237,20164000
2021-10-20,140.60690307617188,142.36934482672316,140.2176186204073,142.1630420742844,23288000
2021-10-21,140.7229461669922,140.99073718424137,139.34830579006115,140.60690087056568,26292000
2021-10-22,136.4388427734375,139.43061082473707,134.94072652552163,138.00935869132704,50588000
2021-10-25,136.32032775878906,136.8687885412158,134.313900493147,136.42248030097556,34412000
2021-10-26,138.1665496826172,138.9346913152146,137.17078194335667,138.1219203768164,49236000
2021-10-27,145.0189208984375,147.4314763034353,138.26226450047915,138.26226450047915,85782000
2021-10-28,144.65342712402344,145.95170251359744,143.4414441362277,145.92839660361173,36206000
2021-10-29,146.8324432373047,147.026835739547,143.46378537419665,143.88877021249704,43320000
2021-11-01,142.3207244873047,146.8324466906108,142.05145038269242,146.8324466906108,46924000
2021-11-02,144.24034118652344,145.40719548804785,143.15233350459803,143.39433663204673,33482000
2021-11-03,145.3962860107422,145.46670314849044,143.40573442140956,144.7044940054235,27494000
2021-11-04,147.0521240234375,148.5061103237096,145.10868328164617,145.918488091667,38412000
2021-11-05,147.63185119628906,149.0952508155655,146.98222150325446,147.9467383281665,38354000
2021-11-08,147.80935668945312,149.38037183168208,147.21376959274264,148.59683920952253,23052000
2021-11-09,147.6977996826172,148.60629148213926,146.03800993877508,148.00972059814333,19530000
2021-11-10,144.69757080078125,146.85624308458767,143.35269859682205,146.29090824279103,29970000
2021-11-11,144.5716094970703,146.32612090055292,144.40696987833476,145.28869002419106,16518000
2021-11-12,147.45925903320312,147.62986135268545,144.219040793597,145.4136656401591,22360000
2021-11-15,147.23509216308594,148.32359927216987,146.36528227383033,147.67991725355816,23508000
2021-11-16,146.66384887695312,147.54307207632556,146.10496093518637,146.93510551026554,18904000
2021-11-17,146.83343505859375,147.34173099742802,146.0330585046554,146.81409417641225,19594000
2021-11-18,148.61024475097656,149.3461667867612,146.67226728662533,147.0263355590037,35608000
2021-11-19,147.70570373535156,149.72898972518277,147.67843279309778,148.74610077592874,33682000
2021-11-22,145.1027374267578,148.60131822577375,144.94950861350554,148.10839815896483,30594000
2021-11-23,144.5869903564453,145.45779912839131,142.93366287312807,144.95495136652673,27218000
2021-11-24,144.92221069335938,145.0506504792178,143.18953724894834,144.2810105888424,18040000
2021-11-26,141.01748657226562,143.3725186493825,140.67977786294543,143.16523224151518,30470000
2021-11-29,144.33753967285156,145.098250620001,142.71395011842046,142.81958339759728,32596000
2021-11-30,140.73434448242188,144.80320881089577,140.44076564760365,143.81983548713401,42068000
2021-12-01,139.89524841308594,144.75409160154007,139.7568960612623,142.8195800691717,34020000
2021-12-02,141.7940673828125,142.68520065080236,139.06511173639353,140.09213056944827,29194000
2021-12-03,140.8374786376953,143.2163161657655,139.15091751675573,142.50321577437006,41230000
2021-12-06,141.98153686523438,142.67331391025607,139.00116443543868,141.86797350092726,30618000
2021-12-07,146.0623016357422,146.32166315012472,144.0370329543183,144.40301145252772,32240000
2021-12-08,146.97177124023438,147.17659085728474,145.20587927665102,146.38661124962783,24270000
2021-12-09,146.42825317382812,147.87777474199387,145.9090459619528,146.3811419446522,23270000
2021-12-10,146.78829956054688,147.75629704872722,145.5014348041652,147.4810753999608,24458000
2021-12-13,144.63113403320312,146.75705697342113,144.32466128723686,146.5700951293805,27070000
2021-12-14,142.72735595703125,143.2956569953205,140.05742162389038,142.78786052539195,38446000
2021-12-15,145.24058532714844,145.51828889506476,140.51662819810505,142.2334415962049,36370000
2021-12-16,143.26095581054688,146.46645697869997,142.42981251292935,145.96410864255435,33650000
2021-12-17,140.56326293945312,142.65546811563613,140.1417437075494,141.33190408361676,50416000
2021-12-20,140.4462127685547,140.61235063263806,138.17895606354023,138.85239100741393,27192000
2021-12-21,142.2964324951172,142.68968194664052,139.35077693447047,140.88905801007334,28756000
2021-12-22,145.21481323242188,145.2991231367607,141.89476456543952,141.89476456543952,26322000
2021-12-23,145.71218872070312,147.028306818594,145.25148836497797,145.29909901208103,26384000
2021-12-27,146.6940460205078,147.1279596597085,145.9630879857215,146.0488809691419,15976000
2021-12-28,145.48455810546875,147.08334356217858,144.8572507717245,147.0208564815043,18200000
2021-12-29,145.45285034179688,146.20861273327162,144.45361680844815,145.44243834865856,17788000
2021-12-30,145.00205993652344,146.09254961389885,144.79775486353165,145.49151435657527,15688000
2021-12-31,143.66464233398438,145.49600304604013,143.66464233398438,144.85282030166462,18136000
2022-01-03,143.802978515625,144.65543012836076,142.53495522830957,143.86594988262885,28646000
2022-01-04,143.21585083007812,145.28425084886646,142.53845076978192,144.20417299307056,28400000
2022-01-05,136.64561462402344,143.3149946024937,136.55933735130031,143.23614798069272,54618000
2022-01-06,136.61834716796875,138.7928795446468,135.43909829641714,135.8754939287169,37348000
2022-01-07,135.8938446044922,137.31361360301065,134.6535916733449,137.01308839091683,29760000
2022-01-10,137.5327911376953,137.68157063585514,132.0729270904359,133.97073966369757,44408000
2022-01-11,138.59054565429688,139.06662188460535,135.57200624477076,136.87572990846158,28730000
2022-01-12,140.27114868164062,141.4390018146242,139.54118939726052,139.9929457226333,26108000
2022-01-13,137.45098876953125,141.67904485341882,137.27443890098434,140.37977039221903,31436000
2022-01-14,138.33714294433594,139.5883072001904,135.87549384235362,135.9553241572003,29662000
2022-01-18,134.88319396972656,136.00740156008052,134.32828625328975,135.05874499682633,34872000
2022-01-19,134.00892639160156,136.82862410530518,133.90875636510398,135.40439065709728,28648000
2022-01-20,132.2147216796875,136.49783311871093,131.87453108390275,135.133105704383,29908000
2022-01-21,129.2830047607422,133.75999568673876,129.0201775821634,131.50663135157177,55652000
2022-01-24,129.7317657470703,130.12749709636913,123.47944046052136,124.94532175448224,76622000
2022-01-25,125.89447784423828,128.3382842647663,125.46354548795776,127.68468965184117,46960000
2022-01-26,128.1736602783203,131.90977994463373,126.09979711495389,130.04420204001252,49130000
2022-01-27,127.94751739501953,131.56510941651305,127.87560201075176,130.22766790037994,31950000
2022-01-28,132.25790405273438,132.26336732239355,127.43179389269864,128.59616648080828,34362000
2022-01-31,134.19436645507812,134.3624868099739,131.12573488414426,133.06222894230496,39986000
2022-02-01,136.51568603515625,136.66346669345492,133.2670388818161,136.466592286511,68644000
2022-02-02,146.78680419921875,150.30422616828662,144.32961959181026,150.0101630752151,123200000
2022-02-03,141.91705322265625,148.4480810526987,141.49603343553346,144.51112229924576,71518000
2022-02-04,142.11839294433594,143.68742564570832,139.36316498296367,142.26865554288074,57998000
2022-02-07,138.05996704101562,143.06757616212872,137.76142430297742,143.06757616212872,54974000
2022-02-08,138.25633239746094,138.85240387304552,135.89088796533107,137.8868882442639,54284000
2022-02-09,140.4313201904297,141.3561864794341,139.03783863725855,139.80797789700927,40144000
2022-02-10,137.4836883544922,140.3247091861647,136.8261287196153,138.55831786227063,39330000
2022-02-11,133.1817626953125,138.01580259283259,132.30648944702975,137.46387619119915,39958000
2022-02-14,134.41506958007812,135.1827270188193,132.16417235989616,132.16417235989616,34302000
2022-02-15,135.48867797851562,136.9763819585665,134.70812674785273,136.44278256655178,26680000
2022-02-16,136.6089324951172,136.95407185843112,133.81798904852437,135.5263729022058,25022000
2022-02-17,131.4525604248047,135.98955606011734,131.3925552622797,135.12619300415574,38950000
2022-02-18,129.3340606689453,132.97100892915242,129.12925617493363,132.37293985364457,45620000
2022-02-22,128.74937438964844,131.09696037872362,127.17239674726402,128.77366398895006,44990000
2022-02-23,126.5421371459961,130.96855064132313,126.48213198505229,130.56935363366216,32786000
2022-02-24,131.60328674316406,131.9097594685947,123.9292178705829,123.9292178705829,54456000
2022-02-25,133.3572998046875,134.16264009522365,130.67149031409218,132.45723763350745,36406000
2022-02-28,133.94992065429688,134.63871633436403,131.50561460625966,131.95936863524972,38864000
2022-03-01,132.96255493164062,135.13857036774974,132.12647806196426,133.77285909543676,26496000
2022-03-02,133.46841430664062,134.15374445972984,131.9807098709714,133.52445444259934,23520000
2022-03-03,132.8018798828125,135.32105186734134,131.9350362852021,134.8950682854782,24604000
2022-03-04,130.82522583007812,132.75428947542676,129.26908704703752,131.83786771432526,30430000
2022-03-07,125.34254455566406,130.6551346655655,125.25972533418172,130.41016532100002,45112000
2022-03-08,126.06258392333984,130.17410212678502,124.64430578416052,125.2150887124313,40428000
2022-03-09,132.32632446289062,132.63924417090806,128.83567386884616,130.1741142565606,37026000
2022-03-10,131.34396362304688,132.17955633727135,129.83940035172492,130.19000303239358,27102000
2022-03-11,128.80593872070312,132.69876817612587,128.5688993986971,132.39427790231107,31526000
2022-03-14,124.91854858398438,129.34000556632407,124.2480949884942,129.18231231398767,38812000
2022-03-15,128.13894653320312,128.79007444618782,124.68995111051669,125.93516041311607,30920000
2022-03-16,132.18798828125,132.24004824775446,127.6792471066061,129.66136979641874,35576000
2022-03-17,132.74188232421875,132.9814035170428,131.1014338034284,132.05753605900716,28264000
2022-03-18,135.00962829589844,135.12715666182308,131.1743232843676,132.33076547882177,44566000
2022-03-21,134.98583984375,135.92656630102422,132.99330550843302,135.04732810159504,26832000
2022-03-22,138.72145080566406,139.89376833061417,134.9858312898088,134.9858312898088,35496000
2022-03-23,137.14202880859375,138.4442694271566,136.70514886604158,137.56553055143635,25154000
2022-03-24,140.4114990234375,140.458110844999,136.62132231474047,138.058933800913,26396000
2022-03-25,140.5116729736328,140.87070507937713,138.59203769066454,140.7526772850465,24126000
2022-03-28,140.2959747314453,140.83848798996723,138.66543848117558,139.74551627484473,35050000
2022-03-29,141.33734130859375,142.61479282683288,140.87417414180615,141.4781907391212,34318000
2022-03-30,140.77499389648438,141.55058130392723,140.43926771554987,141.29221863890226,19884000
2022-03-31,137.9275360107422,140.9431091731122,137.88488921822,140.88855215145054,37524000
2022-04-01,139.00164794921875,139.31951637020538,137.17375319145697,138.356482806623,25942000
2022-04-04,141.79953002929688,142.53396895874045,139.16034726925992,139.20795791982718,25942000
2022-04-05,139.43853759765625,141.81835862566132,139.23175060773136,141.69786404034355,21418000
2022-04-06,135.4287109375,138.21815668503515,134.40615630279157,137.6126568784006,32468000
2022-04-07,134.7745819091797,136.04012309209003,133.12718701050363,134.89507649085877,26234000
2022-04-08,132.19493103027344,134.5578934974761,131.87556433172037,134.4721004910743,25142000
2022-04-11,127.76750946044922,131.0097100260204,127.61378123728949,130.742917857672,36884000
2022-04-12,126.6676025390625,130.52125805208976,125.74969005200958,130.52125805208976,32710000
2022-04-13,128.8292236328125,129.26561926423614,126.6938724329844,126.95075200878496,27928000
2022-04-14,125.691162109375,129.4099304660489,125.56321417081908,129.4099304660489,31598000
2022-04-18,126.62989807128906,127.16149984822547,125.14764969712186,125.95894510688915,20808000
2022-04-19,128.94329833984375,129.26463241184499,125.95846151250545,126.64479041088664,26490000
2022-04-20,126.99040985107422,130.32188380595926,126.45484305695865,129.81903608864377,31696000
2022-04-21,123.7913589477539,129.03204110665789,123.50571776803207,128.1905009821093,36446000
2022-04-22,118.6548080444336,124.37404058160757,117.95013720142737,123.9753354789634,56884000
2022-04-25,122.06513214111328,122.26696285548644,117.53954013860086,118.1247001432462,46128000
2022-04-26,117.67739868164062,121.50575793064277,117.53953815889362,121.29202455748772,73054000
2022-04-27,113.35761260986328,116.28094605000119,111.81238510772637,113.53117356778168,91820000
2022-04-28,117.55094146728516,118.66870208583143,113.17956960106591,115.46071897101857,48884000
2022-04-29,113.17410278320312,116.9533679106837,112.8815228143991,115.77758476702827,42676000
2022-05-02,115.6273422241211,115.78850866046761,111.67699010622513,112.47539163673035,35534000
2022-05-03,116.37218475341797,117.47110390717961,115.08333755024837,115.47608756923125,24968000
2022-05-04,121.25880432128906,121.84743753057185,114.17236904181686,116.07217173392031,49916000
2022-05-05,115.55046844482422,120.04680658084364,114.06276441808895,119.21865224731681,45840000
2022-05-06,114.7977066040039,116.60775134383856,113.08090065435618,114.24031691379543,39710000
2022-05-09,111.58871459960938,114.13368219175439,111.08240126088768,112.32165521736495,40802000
2022-05-10,113.457275390625,115.29707287210782,111.97502692676184,114.56065900721823,39900000
2022-05-11,112.67127227783203,115.41063248936665,112.30827513659509,112.30827513659509,37534000
2022-05-12,111.91899871826172,113.35810103264562,108.92424938909092,110.46452055455832,53836000
2022-05-13,115.09920501708984,116.90875017939355,112.67375572924637,113.594142514748,35038000
2022-05-16,113.50686645507812,115.21772470104247,112.95592377559407,114.0131798264507,25990000
2022-05-17,115.51824188232422,115.94174359590812,113.92838521355479,115.88272969753332,23054000
2022-05-18,110.98223876953125,114.45404808670412,110.64105684052672,114.05732544136315,35126000
2022-05-19,109.47915649414062,112.08362994881233,109.0983015778271,110.51807047133238,34144000
2022-05-20,108.0152587890625,111.26391395378205,104.92926830668526,111.03331404707964,48962000
2022-05-23,110.5741195678711,111.22821369487593,107.849635394683,108.68920071794678,37184000
2022-05-24,105.1013412475586,105.58583938493665,101.04932840845038,104.90496623527923,76780000
2022-05-25,104.93769836425781,105.62700102602575,103.00516898284764,104.1249121947519,40258000
2022-05-26,106.90890502929688,107.75887468895839,104.3624465360755,104.8107448453719,37948000
2022-05-27,111.39582061767578,111.39731128813119,108.24386982480868,108.58555116701476,37914000
2022-05-31,112.8294677734375,114.78629421531303,111.15976563053904,111.82228915461961,50012000
2022-06-01,112.95840454101562,116.14159882441551,112.32166882859197,113.91351567650608,36606000
2022-06-02,116.65831756591797,116.93304735382672,112.02065295107872,113.06551449385536,37992000
2022-06-03,113.6020736694336,115.36798068092384,112.5879563145143,115.11110111753601,26136000
2022-06-06,115.8628921508789,118.3686786203438,115.21177191367441,115.74783813274163,33542000
2022-06-07,116.1891860961914,116.726251121794,114.10888390906136,114.53386869403015,31590000
2022-06-08,116.23332977294922,117.59854920159584,115.64419719383626,115.80437236671298,26108000
2022-06-09,113.89417266845703,117.32928262353619,113.83515876761014,115.37393923285215,25798000
2022-06-10,110.25028991699219,112.35043272359222,109.46130906646859,111.52326952209093,41452000
2022-06-13,105.52037811279297,107.89970745137141,105.24912150780392,105.91114561990199,47252000
2022-06-14,105.84072875976562,107.03981794977923,104.93273646839161,105.66171211229965,33706000
2022-06-15,108.86473846435547,110.5101358678124,106.78691045306238,107.65522972129614,39698000
2022-06-16,105.1643295288086,107.75789189656318,104.27616988348034,106.34209542849807,51684000
2022-06-17,106.26522827148438,107.80847323985608,104.18491819399098,105.16432651982022,51376000
2022-06-21,110.62963104248047,111.56738363539762,107.70976386414048,108.03656113502063,47416000
2022-06-22,110.57362365722656,112.41737874520486,109.47767817468379,109.65025544274988,30774000
2022-06-23,111.3219223022461,111.81832309519362,109.5947045131696,111.31151031036939,28362000
2022-06-24,117.00794219970703,117.11109357252704,112.02661318784043,112.06876813927677,41164000
2022-06-27,114.88398742675781,117.60747238809732,114.23534152789627,117.30348914348141,36420000
2022-06-28,111.08934020996094,116.34788004318068,110.93114755882172,114.8532296266053,35792000
2022-06-29,110.7858657836914,112.2329057759541,109.96365886170436,110.63759325554062,24716000
2022-06-30,108.06980895996094,109.97903242980904,105.87495184497295,109.09831103463256,43170000
2022-07-01,107.84614562988281,108.35444147045118,105.85559392220435,107.04823602503195,35476000
2022-07-05,112.33455657958984,112.4476205204141,104.8647923311928,106.22257357959492,39342000
2022-07-06,113.63282012939453,114.6419812155782,110.56219823466688,112.37323400124177,37432000
2022-07-07,117.8093032836914,118.21247285733529,113.8921848578157,114.13666235926765,40936000
2022-07-08,118.37512969970703,118.70390952621402,115.94322591003493,116.28887225514453,38238000
2022-07-11,114.728271484375,117.03074427714583,114.38510706026808,117.03074427714583,31196000
2022-07-12,113.08585357666016,116.01514205426072,112.75806498456316,115.26236105063236,29960000
2022-07-13,110.44070434570312,113.25990236152596,110.28994990879096,110.78535185551783,43722000
2022-07-14,109.4627914428711,110.18234634307093,107.48464162453597,109.30708070983803,37004000
2022-07-15,110.86123657226562,112.2130703596854,109.99093473931617,111.08241574521796,46770000
2022-07-18,108.13624572753906,112.74812973437768,107.48165988903675,111.71665403211723,43164600
2022-07-19,112.87706756591797,113.08534523356836,108.66190591539453,109.94133235969358,36530900
2022-07-20,112.96633911132812,114.45404329391755,111.55798096785527,112.24231974638516,35600400
2022-07-21,113.40272521972656,113.61101046049744,110.1992065063923,113.34321947485182,32676200
2022-07-22,107.0155258178711,111.41912519430015,105.62700035615626,110.09011304726145,48901200
2022-07-25,106.62873077392578,108.96938619860533,105.42865018559648,107.52135488788926,34690900
2022-07-26,104.15911102294922,106.32124110364808,103.21690153174416,105.72616102673679,47991000
2022-07-27,112.13321685791016,112.97625525163264,107.12461749425067,108.36437093577844,59858500
2022-07-28,113.2837142944336,113.40272578477607,110.54633651373639,111.44888067205848,32816600
2022-07-29,115.36649322509766,115.75329568436271,112.13321420730232,112.15305449933629,37223400
2022-08-01,113.91845703125,115.76321063113234,113.40271539749043,114.35485263414594,26034300
2022-08-02,114.1862564086914,115.39625706472798,112.78781836154697,113.06552194158387,20236000
2022-08-03,117.11207580566406,117.64765022278551,114.53339005300344,114.76150045832908,28499000
2022-08-04,117.2211685180664,117.80632850385459,115.93182192650802,116.51698947915064,21602900
2022-08-05,116.507080078125,117.14183328630476,115.04912870198066,115.2772466831336,19159500
2022-08-08,116.33847045898438,119.16510690112827,115.92190753578308,117.41953186952958,19138300
2022-08-09,115.6739501953125,116.35829650347921,114.76149349565979,116.17977170860331,19086500
2022-08-10,118.71878814697266,119.92878873304059,117.43936923676468,117.80633141765588,30930400
2022-08-11,117.86583709716797,120.49411594083621,117.58813353334271,120.28583826796728,24293700
2022-08-12,120.68255615234375,120.68255615234375,118.48075288719056,119.2741980957184,19096300
2022-08-15,121.07929229736328,121.29749013245304,119.62134091458636,120.13707506100795,19494800
2022-08-16,120.702392578125,121.42641192061868,119.65108407641937,120.5238677790755,19041200
2022-08-17,118.57002258300781,120.29575726084148,118.40141036356964,119.13534985161822,22847000
2022-08-18,119.18494415283203,119.82961750509602,117.74683307742816,118.45101217804252,17987700
2022-08-19,116.24919891357422,118.17329866159419,115.8028907047583,118.08403247971835,21809500
2022-08-22,113.30355072021484,114.6821560186315,112.91674823026226,114.25568050831775,21456600
2022-08-23,112.92666625976562,114.06724098148526,112.50019075744802,112.54978392368335,15870400
2022-08-24,112.75804901123047,113.83911029938794,111.94477111702129,112.56960408080326,17734600
2022-08-25,115.69378662109375,115.76321250751124,113.17460685174579,113.30353847884851,16956800
2022-08-26,109.43551635742188,114.17634005588431,109.28675199221415,113.77961742600252,37245700
2022-08-29,108.52306365966797,110.04052077631388,107.9081507488915,109.08839096914106,21191200
2022-08-30,108.0469970703125,109.59420698279374,106.91634250859858,109.26691024996742,27513300
2022-08-31,107.33289337158203,109.94133184491908,107.24362719051874,109.74297432432968,28627000
2022-09-01,108.84042358398438,109.54460257617076,106.4799359383376,107.39239258453512,28360900
2022-09-02,106.9659194946289,109.83222868726963,106.38075953474187,109.6834567691589,24160700
2022-09-06,105.93445587158203,107.14445651227068,104.91290018646603,106.42044469733727,25068300
2022-09-07,108.55280303955078,109.07846482937784,106.02371068181908,106.18239517986085,23167000
2022-09-08,107.49159240722656,108.70159312023178,106.28159926107675,107.154383063264,24238300
2022-09-09,109.74296569824219,110.0801749701095,108.12632252177895,108.17591568145532,23197700
2022-09-12,109.95125579833984,110.70502802301867,109.02887891863624,110.0801874345021,22966800
2022-09-13,103.46487426757812,107.41225298799911,103.23675627988764,106.91635155696838,38172900
2022-09-14,104.1392822265625,104.41698576847003,102.81027025690392,103.71280676810338,26395100
2022-09-15,102.0664291381836,104.40707676995653,101.51101442821535,103.17724342441045,34188300
2022-09-16,101.95732116699219,102.2846103090457,100.11256752914515,101.2333018624559,42797200
2022-09-19,102.22511291503906,102.48298375828159,100.71757600878111,100.91593353936474,23036800
2022-09-20,100.3109359741211,101.5308567644108,99.69601550554796,101.24323304040989,26517100
2022-09-21,98.4661865234375,102.03667529857252,98.45626637613883,100.83659474851395,31487300
2022-09-22,99.31912994384766,100.4101114902342,97.98019770206167,98.00995057481285,34298600
2022-09-23,97.93061065673828,98.84307502364526,96.67102437480322,98.81331458217939,31625400
2022-09-26,97.36528015136719,99.06126205035565,96.99831795404086,97.29585425726316,27072700
2022-09-27,96.70076751708984,99.18027437650241,96.07593451258548,98.61494711523052,30072800
2022-09-28,99.22986602783203,99.87453174796886,96.31396358421772,96.84953796570939,32466300
2022-09-29,96.62142181396484,97.83142237621783,95.17339071110857,97.83142237621783,31047200
2022-09-30,94.86593627929688,98.08929527552542,94.77667009540615,96.25446166796625,32941500
2022-10-03,97.83142852783203,98.47610186740503,95.72880384753613,95.96684196996166,27982000
2022-10-04,100.80683898925781,101.0051965284241,99.557165305316,99.61667862054995,28850800
2022-10-05,100.59854888916016,101.09445024273644,97.99011049341637,99.01166607108686,22176900
2022-10-06,100.58863830566406,102.08626265455283,99.76544016442644,99.85470635132027,22324000
2022-10-07,97.87110900878906,99.70594283293633,97.49422663650192,99.03151656836346,27502800
2022-10-10,97.05782318115234,98.2876565416277,96.21479230959145,98.18847777441846,18225100
2022-10-11,96.38338470458984,98.43641594865333,95.52051364928485,96.63133537448569,26507100
2022-10-12,96.7602767944336,97.94052452401523,95.94699881751596,96.50241351977157,21876400
2022-10-13,98.24797821044922,98.96207740272202,93.6063410275305,94.37003338415455,34574500
2022-10-14,95.76847839355469,99.86462890500115,95.58004100220128,99.17036238714927,25410700
2022-10-17,99.15052032470703,100.10265003936581,98.01986581562133,98.04961868688342,28419200
2022-10-18,99.94395446777344,102.62182629033514,99.15051685012314,102.28460943852185,24060700
2022-10-19,98.81332397460938,100.19192945288192,98.10914479675372,99.19021393378276,23811100
2022-10-20,99.15052032470703,101.48125523144144,98.57527292412537,99.18027319596912,25323200
2022-10-21,100.30099487304688,100.47951964489417,96.918951919586,97.04788353436604,32458700
2022-10-24,101.67961120605469,101.90772916035505,99.1604389639881,100.96551960605208,27176400
2022-10-25,103.62355041503906,103.9607597041695,101.87797552764937,102.05650031802847,40611400
2022-10-26,94.15184020996094,97.50413095357072,93.91380965641918,95.63954441159298,88114100
2022-10-27,91.46405792236328,94.64774408921001,91.04750255104241,93.74519988449306,60710900
2022-10-28,95.50067901611328,95.7585498263694,91.37477631943048,91.51362808644829,43697300
2022-10-31,93.73528289794922,95.24281979479946,93.20962863501363,94.63781949338367,31675000
2022-11-01,89.7283935546875,95.2428142728165,89.62921479576478,94.66756687746879,47161400
2022-11-02,86.25708770751953,90.43257644134617,86.16782152387951,90.19454589639709,57038300
2022-11-03,82.74610137939453,85.81076815755338,82.6568351996716,85.61241063994241,61288000
2022-11-04,85.87028503417969,85.92979077856455,83.02380838038178,84.69995747119829,51124900
2022-11-07,87.76461791992188,88.1712606549143,86.13806211366017,86.56453757303696,34078900
2022-11-08,88.17127227783203,89.5796304672484,86.87200543719126,88.17127227783203,30429000
2022-11-09,86.60420989990234,88.70683431006073,86.56453688459513,87.72494420662868,31769100
2022-11-10,93.16996002197266,93.61626826753488,90.8590576182188,91.49381082236977,51620100
2022-11-11,95.61969757080078,96.13543162182418,93.15010351248674,93.91379579403652,33090500
2022-11-14,94.91551971435547,95.99658864167773,93.73527959271193,94.31051943427285,30179500
2022-11-15,97.63307189941406,99.31913366455173,95.9172496935556,97.45454708936437,41640800
2022-11-16,98.03968811035156,98.82321309326261,96.83960784038001,97.09747864197374,29105200
2022-11-17,97.55372619628906,98.46618297666177,95.99659606811966,96.17512087878868,26052600
2022-11-18,96.63134002685547,98.0892912467336,95.58003155727448,97.96035204939338,28342300
2022-11-21,94.81632995605469,97.5933803480094,94.57829944346969,96.49247882288013,21647400
2022-11-22,96.25446319580078,96.42306785300386,93.27905484436155,95.16347408012261,23438500
2022-11-23,97.65290832519531,97.95045220883327,96.29413568796969,96.29413568796969,18868100
2022-11-25,96.66108703613281,97.83141448608896,96.60158129749476,97.43469190584294,9701400
2022-11-28,95.26264953613281,96.7801064114265,94.82625393968354,96.24453206128982,26237500
2022-11-29,94.40971374511719,95.33209067906634,93.33856487339783,94.94528818097686,20061700
2022-11-30,100.16215515136719,100.21174831439473,93.64601154608545,94.04273414974281,43647500
2022-12-01,100.16215515136719,101.4118287044889,99.42822325305634,100.191908022442,28687100
2022-12-02,99.61668395996094,99.94397316044235,98.08930661257753,98.23807855835389,21480700
2022-12-05,98.6645278930664,100.54894681617124,98.18845930640768,98.58518186748104,24405100
2022-12-06,96.18502807617188,98.96207106432217,95.62961342505861,98.48601001120109,24910700
2022-12-07,94.16175079345703,96.08584288669229,93.94355298868143,95.6197019736811,31045400
2022-12-08,92.94182586669922,94.79649955511114,92.68395505775045,94.59813448405295,32213300
2022-12-09,92.06906127929688,93.4873396713005,91.98971523447793,93.00135082192593,28225400
2022-12-12,92.54511260986328,92.79306329851202,90.85905095379364,91.9500324704772,29420000
2022-12-13,94.84609985351562,98.71413232006631,94.25101968178204,96.958644678424,40593700
2022-12-14,94.29069519042969,96.07594331959717,92.83274381275208,94.41962683487034,28733600
2022-12-15,90.11520385742188,92.8724144565508,89.2721729828965,92.36659290509361,40107000
2022-12-16,89.52011108398438,90.5813396378672,88.78617166028681,90.01601241882409,58011800
2022-12-19,87.71503448486328,89.81765139665094,87.4869165311304,89.5201151224369,29493000
2022-12-20,88.29029083251953,88.4489829286173,86.72324800125995,87.38775412824421,23453800
2022-12-21,88.84568786621094,89.48044099017838,87.59601434290138,88.349786515183,24745600
2022-12-22,87.04061126708984,87.81421619968995,85.61241288884075,87.43733387958731,27658300
2022-12-23,88.4985580444336,88.81593460502073,86.35626058532988,86.39593360126003,23003000
2022-12-27,86.67363739013672,88.21093460263191,86.29675508801945,88.07208282991216,20097300
2022-12-28,85.31486511230469,87.31831080815121,85.23552664693922,86.2670023652313,19523200
2022-12-29,87.72493743896484,88.12165999457727,85.90002427674243,85.90994442151742,23333500
2022-12-30,87.50675964355469,87.57618553312793,85.86036345245435,86.26700621056507,23986300
2023-01-03,88.38945770263672,90.30363718067711,87.79437004023141,88.85559860680175,28131200
2023-01-04,87.35799407958984,89.90692702075431,86.55462865105089,89.60938314842804,34854800
2023-01-05,85.49339294433594,86.85216541875592,85.19585666320351,86.75298665837843,27194400
2023-01-06,86.6240463256836,86.97118333274179,84.16437980636358,86.07855936732152,41381500
2023-01-09,87.29846954345703,89.31183536259933,87.13978504764104,87.63568639320383,29003900
2023-01-10,87.69520568847656,87.94315639958413,85.12643995349273,85.27521189352831,30467800
2023-01-11,90.7697982788086,90.84914432702897,88.28037844245334,88.44898311977991,26862000
2023-01-12,90.38298034667969,91.11691981733598,89.01429529901861,90.73011735676101,30258100
2023-01-13,91.3648681640625,91.4342940509324,89.3911753274604,90.1052744877532,26329200
2023-01-17,90.54166412353516,91.49379375212015,89.31183096580291,91.30534882869009,32602400
2023-01-18,90.37306213378906,92.03929092426317,89.8969935221448,91.38469752910905,29116700
2023-01-19,92.2872543334961,92.84266148471706,89.88708578674498,89.97635197425116,37000400
2023-01-20,97.21649932861328,97.49421044649547,94.24109116727796,94.3204372009586,63191100
2023-01-23,98.97200012207031,99.21995081656387,96.70077085248677,97.1470790758333,40005100
2023-01-24,96.89913177490234,98.79347877926642,96.40323036854797,97.29585441335684,33078500
2023-01-25,94.43946838378906,95.37176548216979,92.99143713393819,94.78659786716852,42330000
2023-01-26,96.7206039428711,96.77019710869844,94.59814659536165,95.70896843494373,30114000
2023-01-27,98.5554428100586,99.49765240364174,96.5123239826297,96.5123239826297,33879800
2023-01-30,96.14535522460938,97.48428734322064,95.60978086379407,96.68092958542469,27226200
2023-01-31,98.02978515625,98.0694581762873,96.02634682892345,96.07593999568378,29870700
2023-02-01,99.60675048828125,100.36052269702401,96.78011416406397,97.90084854753133,35531100
2023-02-02,106.85681915283203,106.96591805351979,104.74428215805406,104.93272708957909,69883800
2023-02-03,103.92108917236328,106.92625024321528,101.73912618609937,102.08625562934304,65309300
2023-02-06,102.05650329589844,103.50453438595648,101.0448602652804,101.56060192669277,31999600
2023-02-07,106.75764465332031,107.29321903254016,102.27469966826962,102.37387842734272,49010200
2023-02-08,98.5554428100586,102.29453587919534,97.23634332555855,101.2134745048074,94743500
2023-02-09,94.2311782836914,99.21002459482034,92.8624856911135,99.18027172399981,119455000
2023-02-10,93.79479217529297,95.95692262073939,93.47741557627583,94.66757593087634,54980700
2023-02-13,93.83445739746094,94.4196173792314,93.07076505379771,93.96338902898977,50076100
2023-02-14,93.90388488769531,94.0724895395363,91.50372404324449,93.65593419962755,54726100
2023-02-15,96.14535522460938,96.32388001154781,93.37822481049062,93.7154340931221,50169000
2023-02-16,94.72708129882812,96.87929141683016,93.96338895576008,94.58822952133472,42462600
2023-02-17,93.57658386230469,94.77666422937034,92.44592938203277,94.07248521564689,34284100
2023-02-21,91.0375747680664,92.33683394114578,90.96814887866952,92.23765518012942,33629300
2023-02-22,90.89872741699219,91.35495579337403,89.86725160509873,90.94831301648848,30884000
2023-02-23,90.14495086669922,91.18634677544837,89.02421648917793,91.1665064831145,41206400
2023-02-24,88.39937591552734,89.15314812025682,87.85388894602733,88.70683991186095,36585100
2023-02-27,89.13331604003906,89.42093974612138,88.60765422535826,89.13331604003906,27502300
2023-02-28,89.32176208496094,90.48217716813194,88.58783009603324,88.59775024323443,30142000
2023-03-01,89.61930084228516,90.28380689652273,88.93495449477956,89.24241850559551,31111200
2023-03-02,91.24585723876953,91.52356081097336,88.85560886814189,88.92504232804767,32204400
2023-03-03,92.88232421875,92.96167025066717,91.69215644055474,91.72191687766424,35160100
2023-03-06,94.35018920898438,95.1833074213031,93.22945486919875,93.2492875940104,32639300
2023-03-07,93.09060668945312,94.8857672449639,92.76330996601668,94.20142849315206,27835500
2023-03-08,93.4774169921875,95.17339892826718,93.22946628398542,93.34848534799025,34103300
2023-03-09,91.563232421875,94.74691844025844,91.14667706997915,93.27905456209555,28813500
2023-03-10,89.88707733154297,92.02937482791765,89.65896694454361,91.41445442058324,35941000
2023-03-13,90.3631362915039,91.81116719230366,88.68698746126873,89.35149339310806,37335600
2023-03-14,93.19970703125,93.58650950422467,91.6822500116025,91.80126150060728,36050200
2023-03-15,95.32215881347656,96.13543673086967,91.88060220810499,92.45584959444147,50622100
2023-03-16,99.4976577758789,100.36052894620208,94.71716852573586,95.41142746724535,65492000
2023-03-17,100.78700256347656,101.9969956149556,99.27945808045726,99.43815015945079,61028500
2023-03-20,100.39027404785156,100.91592828670724,99.05134186896636,99.29929255271749,32960400
2023-03-21,104.05995178222656,104.23847659545822,100.39028431417634,100.42003718857242,42110300
2023-03-22,102.52264404296875,105.71624226306058,102.48297102840904,103.41526038657393,43427400
2023-03-23,104.73436737060547,105.42863382566868,103.60371285731998,104.19879298533533,40797800
2023-03-24,104.57569122314453,104.62527682377592,102.98880066584036,104.12937541633211,30393300
2023-03-27,101.62010192871094,103.9012511249283,101.09444771774577,103.7623993547433,31120900
2023-03-28,100.20183563232422,101.61019379170308,98.92240911282488,101.60028121184264,32057900
2023-03-29,100.55887603759766,101.64985750388202,99.8249441518215,101.44157984306125,28779600
2023-03-30,100.06297302246094,100.33076398682465,98.96207142864132,100.08281331374553,33086200
2023-03-31,102.87969207763672,103.03837656666258,100.21174053127761,100.46961133865507,36863400
2023-04-03,103.5045394897461,103.67314414754483,101.0944584138917,101.55068678803492,25035400
2023-04-04,103.86157989501953,104.71453082187777,103.18715375673288,103.47477744759011,24420100
2023-04-05,103.61363983154297,105.2302756731111,102.8102819841236,104.91289907946413,28290500
2023-04-06,107.53125,108.27510204632019,103.47478047282404,104.39715731293522,48711500
2023-04-10,105.56748962402344,106.7080567599706,104.25831026578564,106.10306402969181,27067400
2023-04-11,104.48641967773438,105.85511233488984,103.82191364187591,105.67658753468932,26311800
2023-04-12,103.78223419189453,105.87493849967197,103.48469035438097,105.70633385627954,24370300
2023-04-13,106.54937744140625,106.6088831893166,104.97240702008682,104.97240702008682,24843600
2023-04-14,107.9775619506836,108.04698783654497,105.96419612699583,106.01378928840569,26578000
2023-04-17,105.1013412475586,105.2897861961485,103.66322268410477,103.80208203407157,37571200
2023-04-18,103.64339447021484,105.6666731267469,103.21691895584503,105.61707995911007,26596400
2023-04-19,103.32601165771484,104.11945689106093,102.22510999070306,102.73093151613256,20905700
2023-04-20,104.42691802978516,105.37904781258688,103.01855986565269,103.05823288579296,27820800
2023-04-21,104.54593658447266,105.13109660328743,103.92109597885471,104.60544233096776,25800100
2023-04-24,105.1013412475586,105.75592714410803,103.84174748622819,104.62527258627793,23542800
2023-04-25,102.99870300292969,105.815426444928,102.98878285777673,104.96247556626224,46664100
2023-04-26,102.85985565185547,105.47821413741524,101.78870693498448,104.05993599383254,53347600
2023-04-27,106.70805358886719,107.48166608530138,102.6912570160058,103.59379357823073,50089200
2023-04-28,106.46009826660156,106.47001841232823,104.22854218991014,106.16256199648849,36139800
2023-05-01,106.32124328613281,107.10476830411024,105.94436099528517,105.96419371928604,26681700
2023-05-02,104.4566650390625,106.3212514798493,102.85986201062076,106.26174573640694,30997200
2023-05-03,104.54593658447266,106.60888065380296,104.09962078519486,104.66494807746287,21795400
2023-05-04,103.83185577392578,104.73439254553944,103.11775642191803,104.62529361304624,23419500
2023-05-05,104.7046127319336,105.01206915340022,103.25658167035746,103.96076069275621,26639300
2023-05-08,106.88658905029297,107.07503401183828,104.29799059182162,104.31782331926341,26511400
2023-05-09,106.47003173828125,109.24708267470773,106.31134722106391,107.50150758418665,36360100
2023-05-10,110.8339614868164,112.01420922516127,107.04527514179809,107.08494816131481,63153400
2023-05-11,115.61444854736328,116.95338077292648,113.4721584998331,114.45404112299883,78900000
2023-05-12,116.54674530029297,117.06247940985591,115.15821991274791,115.72354718741605,41102300
2023-05-15,115.55493927001953,117.50879187706043,115.05903790038903,115.15821666094425,36266800
2023-05-16,118.53034210205078,119.76017532413435,115.47558798788296,115.5350937281414,45035600
2023-05-17,119.84944152832031,120.67263963270652,117.91542917883902,118.62952837460274,33323600
2023-05-18,121.82313537597656,122.29919646548392,119.83952984703524,119.95854133598478,35234200
2023-05-19,121.75371551513672,124.93740163874087,121.14871519349788,122.5372406458961,41353400
2023-05-22,124.02493286132812,125.39361788753433,121.73386343823515,121.93222852186562,35253000
2023-05-23,121.55533599853516,123.60836727655007,121.20820656831121,123.14222636559451,34046300
2023-05-24,119.90895080566406,120.91067367529489,118.87747506501967,120.12714861556921,34182600
2023-05-25,122.46781158447266,124.29272508219533,120.96026710936242,123.49927982509996,42317000
2023-05-26,123.58854675292969,124.2332200823341,121.44624908602053,122.16034830832359,35635900
2023-05-30,122.65625,124.62994301273424,120.99994114625623,124.61010271936992,35076700
2023-05-31,121.86282348632812,123.04306377675056,121.49585369396002,121.74380441578442,37325800
2023-06-01,122.7058334350586,123.40009231065325,121.61485195904373,121.81320947582672,30772700
2023-06-02,123.64804077148438,125.1159120966453,122.74550424940523,122.97361463292732,26980100
2023-06-05,124.9770736694336,126.38543183753264,122.82485583017811,122.99346805796284,32305500
2023-06-06,126.26640319824219,127.2383656366913,124.3323909005138,124.97706418870804,26638300
2023-06-07,121.49584197998047,127.9822255786917,121.11895964321234,125.92920166945693,52539000
2023-06-08,121.13880157470703,122.21987063454354,120.2461774810015,121.22806776750527,29389200
2023-06-09,121.2280502319336,122.74550718830598,120.9106736630639,121.2478829569892,23778300
2023-06-12,122.62648010253906,123.03312282465018,120.66271507597186,121.78344935610956,28306400
2023-06-13,122.81493377685547,124.1340332227792,122.17026048948374,123.95550842884325,22278300
2023-06-14,122.65625,123.03313990537379,120.45444658155986,122.09092270879414,30592300
2023-06-15,124.06460571289062,124.43157546435972,121.39666138886585,122.13059332494937,35246300
2023-06-16,122.51740264892578,125.07625577200433,122.26945194087992,124.8977309595371,45535600
2023-06-20,122.0909194946289,123.54887077747642,121.1387897432877,121.92231483974503,26097500
2023-06-21,119.56182098388672,121.65452532950529,119.11550521954592,121.39665450345422,30306300
2023-06-22,122.14051055908203,122.22976917477193,117.85592296831348,119.01633037340913,26952200
2023-06-23,121.3371353149414,121.78345105765439,120.06762910490728,120.38500565741582,34913600
2023-06-26,117.36993408203125,120.99993578775403,117.30050819204033,119.77010249354858,33969900
2023-06-27,117.36002349853516,118.10387557545451,115.14829999374557,116.1202700370029,39535900
2023-06-28,119.19485473632812,119.4031324056984,115.89214976448287,116.1301803056411,27091400
2023-06-29,118.12370300292969,119.0758327106557,117.33026536325183,118.26255477904468,24090900
2023-06-30,118.71878814697266,120.08748080780242,118.708875567441,119.1849366580173,29532200
2023-07-03,118.91715240478516,119.2047761131289,117.84600360823359,118.26255895127434,14467900
2023-07-05,120.7519760131836,121.60492692137657,118.25263659472891,118.26254917337135,27584800
2023-07-06,119.12543487548828,119.31387982882194,117.42945299604987,118.81797842897954,24745200
2023-07-07,118.50060272216797,120.0577328266466,118.4212566815545,119.11551561978513,21709500
2023-07-10,115.49543762207031,117.34019150871362,115.18798116324814,117.33027892845527,35315200
2023-07-11,116.17976379394531,116.74509101139748,114.40443611219281,115.33673304046103,23078800
2023-07-12,117.95511627197266,119.34364181087993,117.4393821061899,117.82618462224083,30404400
2023-07-13,123.51912689208984,123.80675062438884,119.46264933218596,119.93871802592176,44297900
2023-07-14,124.39189910888672,125.74075145445121,122.47771949840582,123.77698624657505,33283100
2023-07-17,123.62820434570312,126.05811786079241,123.18188860403004,124.90763069819978,25716200
2023-07-18,122.74549865722656,123.6579552834524,121.95205350677138,123.57860925503613,26193600
2023-07-19,121.02969360351562,124.15387391443447,120.80158319859368,123.57862647852336,37224000
2023-07-20,118.22289276123047,123.07280793107658,117.25093023799634,120.42469622569655,37906800
2023-07-21,119.03617095947266,119.99822090421563,117.7567519823055,119.63125870411923,72937900
2023-07-24,120.53379821777344,121.99174960669664,119.98831119460458,120.66273743006377,29686100
2023-07-25,121.20821380615234,122.14051081744289,120.02796610605938,120.36518297759501,52509600
2023-07-26,128.21034240722656,129.90631659089652,127.26813284588675,129.00378761340536,61682100
2023-07-27,128.33926391601562,132.14779780312753,127.73426366088836,130.59066029279523,44952100
2023-07-28,131.49322509765625,132.64372004824634,129.4997067956334,129.70797692151828,36591200
2023-07-31,131.63204956054688,132.43540728957092,130.69975264360772,131.64196213896054,28055500
2023-08-01,130.47166442871094,131.5428132938943,129.6087856815379,129.70797201734953,23166800
2023-08-02,127.32764434814453,129.0236186085389,126.51435881324909,128.3888654416219,26273300
2023-08-03,127.39707946777344,128.3293766150905,126.3755236915544,126.92101831325176,20089500
2023-08-04,127.05984497070312,130.43196810964983,126.8614874567136,128.22025231793552,26147200
2023-08-07,130.4518280029297,130.53117404718972,127.96240829082672,128.10126008485418,22746300
2023-08-08,130.32289123535156,130.431990156543,128.4781372893849,129.54928620643435,23535200
2023-08-09,128.59715270996094,130.9576330468754,127.94255923989908,130.58075827957177,24912900
2023-08-10,128.6269073486328,130.9675625582551,128.38886922887625,130.2435507528464,20857800
2023-08-11,128.49795532226562,128.86491747828384,127.11935017534717,127.60533894622364,19591100
2023-08-14,130.2534637451172,130.29312919834737,127.90289594820355,128.3293638886943,24695600
2023-08-15,128.71617126464844,130.34272731563817,128.22026984503316,130.02535827661376,19770700
2023-08-16,127.64501953125,129.2120697982791,126.82182894388471,127.64501953125,25216100
2023-08-17,128.85501098632812,130.90804993539842,128.23017041335734,128.73599949955613,33446300
2023-08-18,126.4151840209961,128.19051194159474,125.34403518060337,127.45657242122108,30504800
2023-08-21,127.31771850585938,127.67476811335399,125.5225578886843,126.13747833867052,25248700
2023-08-22,128.0219268798828,129.21208739572333,127.26816208438329,127.45659193297413,22054900
2023-08-23,131.28494262695312,132.31642609894942,128.80543542234216,129.11289189432017,27819700
2023-08-24,128.71617126464844,133.14953116670597,128.5079011432878,132.85198728819475,28500700
2023-08-25,128.81533813476562,129.68811421046675,126.20689221900474,128.47811371877063,26762900
2023-08-28,129.9360809326172,131.4535380240542,129.07321732909296,130.23362480291482,20543300
2023-08-29,133.46693420410156,135.4505401629322,131.15603144601837,131.15603144601837,43075600
2023-08-30,134.76617431640625,135.16288939766932,132.97101360306888,133.67518514236738,28315800
2023-08-31,135.05377197265625,136.8687727314443,134.67688210350767,134.8950799084139,30053800
2023-09-01,134.5479736328125,136.3332217281178,133.7446157733526,136.3332217281178,21543700
2023-09-05,134.6570587158203,135.30172442643027,133.4768110647792,134.3297620041587,19403100
2023-09-06,133.35780334472656,135.41082715108524,132.57427070368973,134.9050132008134,18684500
2023-09-07,134.15122985839844,134.46861399155742,131.8601680068501,132.49492113945962,18844300
2023-09-08,135.26205444335938,135.53975798327252,133.74459755250976,133.80410329196144,23558300
2023-09-11,135.79762268066406,136.35302976641478,134.6768807966762,135.4207328151726,20763400
2023-09-12,134.23057556152344,135.74803250189984,134.08181120803886,135.14303224154853,18405500
2023-09-13,135.58935546875,135.7777852717878,133.05032781273377,133.9826247837674,20749500
2023-09-14,136.96798706054688,137.56305972256655,135.12323305423436,136.4720856086748,24751000
2023-09-15,136.27369689941406,137.3845263119322,135.36124015129133,136.84894433199983,38919600
2023-09-18,137.07705688476562,138.0192664165555,135.4901665221767,135.4901665221767,21861300
2023-09-19,136.90843200683594,137.2754092805613,135.50007405103756,136.2935192027612,20353700
2023-09-20,132.64370727539062,136.9481276445737,132.52468065263594,136.9481276445737,29927500
2023-09-21,129.37075805664062,131.14607838789655,129.00379586795694,130.36256084439935,31503900
2023-09-22,129.1822967529297,130.94770428096794,128.53763107597587,129.68811066252235,26397300
2023-09-25,130.03526306152344,130.0947688069164,127.90289313849301,128.76575671410941,20094600
2023-09-26,127.51607513427734,129.29139523509036,126.1771354911184,128.70623529835885,25718700
2023-09-27,129.46994018554688,129.8269898246319,127.5161024517244,127.5161024517244,22746500
2023-09-28,131.2254180908203,132.20730825142687,128.72607094890918,128.77566411264445,22513100
2023-09-29,129.7873077392578,132.9511609153293,129.29140636705122,132.18746856469267,30859800
2023-10-02,133.0701904296875,133.31814114938217,130.09478179335153,130.1344623833808,22288000
2023-10-03,131.34445190429688,133.15945304283952,130.7592918203912,132.84208398165953,22989400
2023-10-04,134.1314239501953,134.45872070934675,131.44363154646038,131.70149484137792,26752300
2023-10-05,133.9628143310547,134.37936969993646,132.35608346969923,133.9628143310547,19832600
2023-10-06,136.45225524902344,137.02750279112743,132.9115113606539,132.9115113606539,27597600
2023-10-09,137.2853240966797,137.80106572376255,134.49836100864687,135.8174603789753,19278100
2023-10-10,136.9282989501953,138.57469531209054,136.2042871076599,137.36469462527216,27786600
2023-10-11,139.3979034423828,139.9533106562274,137.44405047915077,137.44405047915077,25884300
2023-10-12,137.83084106445312,140.06239744116,137.12665439341535,139.89379277540957,24765500
2023-10-13,136.2340087890625,138.85236710628996,135.500069400509,138.23745432331978,23420500
2023-10-16,137.9597625732422,138.4854167971643,136.8588609633149,137.03737818636395,28501900
2023-10-17,138.57467651367188,138.75319373814438,136.0554891433646,137.49361518669917,23515800
2023-10-18,136.82911682128906,139.56648701861894,136.25386939858822,138.30689326315832,23375000
2023-10-19,136.62083435058594,138.51518131196565,136.25387216099756,137.36468644323884,26066000
2023-10-20,134.4884796142578,136.73986130635555,133.97273786758853,136.2042943979111,26335700
2023-10-23,135.38107299804688,136.53156779993722,132.85197300320976,133.9330343496389,26317900
2023-10-24,137.67214965820312,138.2176442463873,136.2935443173615,136.70018711343607,44814300
2023-10-25,124.5803451538086,127.25820957616193,124.04477075596701,127.10944521580694,84366200
2023-10-26,121.27764129638672,123.31083999813282,120.27591838168972,122.25952391827924,57061100
2023-10-27,121.16854095458984,122.29919549173574,119.22460845972752,121.87272000373477,44566500
2023-10-30,123.43977355957031,124.37207059770444,121.74379170735196,122.20002007986204,28940100
2023-10-31,123.0628890991211,124.34231557609246,121.68428385885795,124.03485157297696,26292300
2023-11-01,125.41345977783203,125.45313279745749,122.70584239837481,123.05297186152897,30082400
2023-11-02,126.4449234008789,127.92270729693898,125.88951631336191,127.36730020942197,27124600
2023-11-03,128.04173278808594,128.46820067879287,126.81189200957998,126.9705840713952,26393100
2023-11-06,129.1822967529297,129.2715553604388,127.61524673059205,127.9921365850185,19052700
2023-11-07,129.8964080810547,130.8287050924927,128.8153467097953,129.63854481279463,29757300
2023-11-08,130.75929260253906,131.12626997179123,129.70798393466782,129.89642890979786,26425800
2023-11-09,129.17237854003906,131.46344016841792,129.00377391086258,130.87828025532772,23747800
2023-11-10,131.50311279296875,131.71139801314916,128.34918755672095,129.0335338225466,26913300
2023-11-13,131.00723266601562,131.50313408284546,130.17412191783197,130.69977620897475,18324800
2023-11-14,132.524658203125,134.58760942147106,132.22712953091224,133.0899929477425,32395200
2023-11-15,133.51649475097656,133.92313755134404,132.47511386601616,133.76444546334056,23861500
2023-11-16,135.8075408935547,136.09517216084916,133.21895029015656,134.0818138246226,28013200
2023-11-17,134.20083618164062,134.94468829125762,132.55443988026462,134.88518254388185,37240600
2023-11-20,135.13311767578125,135.53976041427174,132.52467173584012,132.5941051889177,27815500
2023-11-21,135.8472442626953,136.05551439657017,134.84552878301855,135.17281042196478,22635300
2023-11-22,137.35476684570312,138.2771361292862,136.34312381394363,136.34312381394363,17813900
2023-11-24,135.56951904296875,136.99771741092056,134.87526015124462,136.8985310833705,12514300
2023-11-27,135.29180908203125,137.2853270482676,134.88516634551732,134.91491921563218,23436500
2023-11-28,136.0753173828125,136.12491054089853,134.30990991764168,134.96450328347996,18730000
2023-11-29,133.88345336914062,137.15639020757226,133.7346738823066,136.44230617886066,23967200
2023-11-30,131.44361877441406,134.43886735166274,130.2038653225059,133.94296597089948,38988300
2023-12-01,130.7791290283203,131.02707974958335,129.59888117371452,130.7791290283203,31442300
2023-12-04,128.21034240722656,128.96410702955671,126.85156995087304,128.81534267439568,36669900
2023-12-05,129.91622924804688,131.0567961953268,127.19868465026924,127.89294345007906,27384800
2023-12-06,128.95419311523438,130.75926618523522,128.81534134061891,130.36255115310777,23576200
2023-12-07,135.8075408935547,137.42418419027493,133.59582503757497,133.9330343345262,56767100
2023-12-08,133.88345336914062,135.281883689647,132.93131610801126,133.09992075278979,32260100
2023-12-11,132.19735717773438,132.24695033270598,130.28318549222038,131.294828345558,31138000
2023-12-12,131.43368530273438,131.9097463151557,130.18400433628165,130.72949879515335,29032800
2023-12-13,131.4832763671875,132.4056455099315,130.49147377909813,132.28663404214686,30104800
2023-12-14,130.85845947265625,132.6238671868591,128.62690324736187,132.28665787823815,38722400
2023-12-15,131.5130615234375,132.41559059857232,130.10468818490273,130.54108385219968,50847100
2023-12-18,134.6868133544922,136.02573795572846,131.34442787355178,131.54280052592037,32258000
2023-12-19,135.52984619140625,136.34313174933595,134.96452646649996,135.71829114427823,25476800
2023-12-20,137.2059783935547,140.5384359860807,136.9382025676404,137.83081892143701,49107200
2023-12-21,139.26893615722656,139.5367271291243,138.03909533601887,138.34656689160218,27488300
2023-12-22,140.33018493652344,140.8260863411753,139.5565799559633,139.61608570312794,26532200
2023-12-26,140.35992431640625,141.5104039629761,140.03262760475596,140.42934263685476,16780300
2023-12-27,139.21932983398438,140.91531898406916,138.74326881071957,140.42933024896718,19628600
2023-12-28,139.0804901123047,139.9830342126131,138.60442904782565,139.6259846308267,16045700
2023-12-29,138.54493713378906,139.20944320132398,137.64239294340334,138.48543138650385,18733000
2024-01-02,137.03738403320312,138.30689034141093,135.36123496575607,137.41427392066478,23711200
2024-01-03,137.78125,138.48543668179107,135.95633638949388,136.12494105781897,24212100
2024-01-04,135.27197265625,138.01927043379123,135.2323072061994,137.28533097133266,27137700
2024-01-05,134.61737060546875,136.03565627670122,134.04212324747374,135.62901355461221,22513900
2024-01-08,137.70188903808594,137.87049368814525,135.1430361482217,135.17278901977872,21404000
2024-01-09,139.79461669921875,140.330198743817,137.01756553318816,137.36470260408373,24759600
2024-01-10,141.1136932373047,141.82779242384171,139.75492832050645,139.84418693539638,21320200
2024-01-11,140.91531372070312,144.0295732461307,139.48711557054665,142.31375900387354,24008700
2024-01-12,141.4806671142578,142.0261616954496,140.6574840861167,141.5005074082221,18785500
2024-01-16,141.32199096679688,143.16674483949535,140.29050754673418,140.83600213102596,22670500
2024-01-17,140.31033325195312,140.67729541881693,137.76139297479475,140.19132176728564,20968600
2024-01-18,142.30386352539062,143.02789047593322,140.826087018,140.88559276545064,25746400
2024-01-19,145.18008422851562,145.24950254806373,143.19647882633325,143.5535284040744,34271900
2024-01-22,144.79330444335938,147.1736252450607,144.64452493468394,145.8942062192311,32200400
2024-01-23,145.83468627929688,145.97353807473283,144.30731652950118,144.69411904062358,21636100
2024-01-24,147.48106384277344,148.6216460696022,146.88599128129252,147.32237177289502,25233500
2024-01-25,150.62506103515625,151.79539601165686,148.31415908415644,148.83982840267183,29149100
2024-01-26,150.9424591064453,151.28958097989496,149.77212402167038,149.86139776851957,26115500
2024-01-29,152.2516326904297,152.51942366682596,150.18868118167268,150.81352174869434,27784300
2024-01-30,150.2184600830078,152.3607426484438,149.95066908718712,151.5474722147389,36331800
2024-01-31,138.9515838623047,142.81960888272778,138.7234583129567,142.44271896094438,71910000
2024-02-01,140.00289916992188,141.8873186018574,139.63592181078502,140.9550214666243,40466500
2024-02-02,141.212890625,141.45091361668173,135.38108518943704,138.11845552974717,62499600
2024-02-05,142.50221252441406,144.27754793012062,141.60959609870966,141.64927668377285,38505400
2024-02-06,142.91879272460938,144.16845883237673,142.0162485243668,143.4642721698212,29128200
2024-02-07,144.3469696044922,144.4263156427516,142.7501665270815,143.57336464859975,25208900
2024-02-08,144.71395874023438,145.13051412482938,143.91060084610757,144.63461269549572,22563800
2024-02-09,147.77859497070312,148.21499055845277,144.98170423123912,145.47760555664416,26829500
2024-02-12,146.32066345214844,148.11582406905052,146.161971374684,147.20336732419403,21564100
2024-02-13,143.9502410888672,145.46769798615009,142.51213022242555,143.73204328748068,27837700
2024-02-14,144.74366760253906,145.31891490169372,142.90882681844735,144.88251935518286,22704200
2024-02-15,141.59967041015625,142.34352240728126,139.30860868040443,141.96663255261817,37590700
2024-02-16,139.3681182861328,142.01622965333587,138.9912284210113,141.81787214200648,31468900
2024-02-20,139.96319580078125,140.91533307623592,138.34656764889544,138.51517229621072,25144700
2024-02-21,141.38148498535156,141.5203367649503,139.5268035526364,140.29049590728383,23223300
2024-02-22,142.9088592529297,143.8114034168082,141.62944032274333,143.74196995787472,27191900
2024-02-23,142.77993774414062,143.49402183711422,142.2542683371376,142.4923064572686,19493800
2024-02-26,136.4423065185547,141.27238088903258,136.26377416065105,140.9748370483321,53641800
2024-02-27,137.74156188964844,138.10852404072233,135.9662266066363,136.8886109742461,33099200
2024-02-28,135.26205444335938,136.87868252205917,134.30000463233606,136.76958362182845,37328600
2024-02-29,137.32501220703125,137.72172724425474,135.2818858775754,136.15467711991738,42133000
2024-03-01,136.0158233642578,137.7316378191588,135.79762555684746,137.29524220433814,31151100
2024-03-04,132.2569122314453,134.54797432652032,130.8287137478375,134.54797432652032,55999400
2024-03-05,131.58248901367188,132.14782393122584,129.5988832123646,130.79897138098846,40194800
2024-03-06,130.32289123535156,132.48502936431544,129.77741176310514,132.02879338468463,35318600
2024-03-07,133.2784423828125,133.83384943472205,130.531144857788,131.7014646980678,37738200
2024-03-08,134.3000030517578,136.95802694070352,132.90155765626992,133.1098428756074,39370400
2024-03-11,136.54147338867188,137.9597590931876,135.01410391751668,135.01410391751668,32437800
2024-03-12,137.36468505859375,138.23747634796243,135.90673376099352,135.90673376099352,27563400
2024-03-13,138.6440887451172,139.93343524438993,137.85065871514112,137.86057129371812,23347200
2024-03-14,141.927001953125,142.4129756916645,139.30864288569182,140.032654769893,42753400
2024-03-15,140.022705078125,142.00631057950346,138.88213796831596,141.33189197321508,49475400
2024-03-18,146.4694061279297,150.902765124804,145.9635922313326,147.39179044961523,69273700
2024-03-19,145.82476806640625,147.5703355892813,144.88255840993227,146.9455101008083,24070400
2024-03-20,147.520751953125,147.63976344475103,145.53714637957398,146.7868124427757,21311500
2024-03-21,146.39007568359375,149.13735809948852,145.69580172878864,148.24474177717806,24755600
2024-03-22,149.53408813476562,150.33744585104463,147.75875293589795,147.89760470002383,29211800
2024-03-25,148.83982849121094,149.14728488623933,146.60827256557076,148.71088930605433,19229300
2024-03-26,149.4349365234375,151.01189945376663,148.7505901221258,148.9886282589288,22149100
2024-03-27,149.63328552246094,150.39697792574609,147.6794327705728,149.94074197303146,22879200
2024-03-28,149.69277954101562,150.1886809085542,148.93901491049212,149.61344863987313,24485400
2024-04-01,154.21539306640625,154.4633437185676,149.37539149343056,149.454737518167,31730800
2024-04-02,153.2930450439453,153.43189683666333,150.90279655942555,152.24173645140743,24586000
2024-04-03,153.6501007080078,153.80879280126453,151.4780499744034,152.3409287729174,24705000
2024-04-04,149.29605102539062,153.501299690698,149.216704997701,152.24170609339924,34724700
2024-04-05,151.24993896484375,152.16239579697978,148.37371667079992,148.80018464435562,23459200
2024-04-08,153.5806884765625,153.99724388762522,151.3590444838497,151.5276491644909,20702000
2024-04-09,155.3163299560547,157.26025503704565,153.9178843271403,154.81050082482042,31079500
2024-04-10,154.86009216308594,155.32624070054823,153.41205338281176,154.92952562487014,22838600
2024-04-11,158.10330200195312,158.37107788543062,155.17748650921038,155.62379478205062,27166400
2024-04-12,156.4370574951172,158.90665201136972,155.85189745243298,156.66518304426685,25353700
2024-04-15,153.59056091308594,157.93466141742405,153.32276995678504,157.5577715629048,27136500
2024-04-16,153.1343536376953,154.37410719737133,152.1723036646899,152.9260835145476,20779500
2024-04-17,154.19558715820312,155.792390319514,153.3128832450381,154.3443515291876,21763100
2024-04-18,154.7311248779297,155.65350920539763,153.35251980958253,154.0666189232005,19883000
2024-04-19,152.82687377929688,155.07827013643043,151.05155361246563,154.91957807299633,32615600
2024-04-22,154.99893188476562,156.34778422424392,152.7971285786509,153.04507926507185,26446200
2024-04-23,156.96270751953125,157.66689417461689,154.99894218995382,155.67337597138751,21151600
2024-04-24,157.82559204101562,158.26198771551822,155.88165180015244,156.19903597568538,22779100
2024-04-25,154.7212371826172,155.2072260039545,149.63328396324783,150.08951991120836,57109700
2024-04-26,170.5404815673828,173.27786687075127,168.2593321924788,172.94064243070838,64665300
2024-04-29,164.78802490234375,168.1601634153097,163.8557430067843,167.67417460775002,45610000
2024-04-30,161.44566345214844,166.72206177178046,161.26714620693434,164.25246727701446,33562900
2024-05-01,162.51678466796875,165.75005589531395,161.75309238141418,162.95318026028562,33493200
2024-05-02,165.25416564941406,165.36326455481128,162.54654844018515,163.43916484164697,24294500
2024-05-03,165.86911010742188,166.5832093530068,161.71345384411,166.18647914228734,34662400
2024-05-06,166.7220458984375,166.76171134902742,164.66900697168114,166.08729275303767,21871300
2024-05-07,169.84619140625,170.35200527266863,167.00963542909517,167.11873431797446,28039700
2024-05-08,167.9915313720703,168.75520848753564,167.35677830532777,167.61464153648018,19569100
2024-05-09,168.5668182373047,169.29083007689735,166.8013952497484,168.00148335133193,15346700
2024-05-10,167.2675323486328,168.45770778843482,164.8277059911993,166.65261946945532,29799900
2024-05-13,167.7534942626953,167.8923460239163,162.65562940971472,162.9134926423517,31327600
2024-05-14,168.94366455078125,169.84620861991712,167.41629508538105,168.37834489380802,25127100
2024-05-15,171.09588623046875,171.23473800953292,169.11228073886124,169.23130735927975,26948400
2024-05-16,172.752197265625,173.68449428030138,171.27442084056955,171.86949341563104,27867900
2024-05-17,174.6167755126953,174.82506073205244,172.26620802954864,172.75218165186905,24479300
2024-05-20,175.46974182128906,177.30458297385175,174.63663113812171,174.74573004665857,22554400
2024-05-21,176.3921356201172,176.68966435582567,174.36884941504044,175.44991084467418,16989400
2024-05-22,174.93418884277344,175.69786612928917,173.7737813421162,175.19205213168274,17880000
2024-05-23,172.1273651123047,176.7888348703636,171.53227742671908,175.61851492474267,21024900
2024-05-24,173.55557250976562,174.32917746118142,172.22654529374813,173.5456447964723,16579400
2024-05-28,174.95401000976562,175.8168887472588,172.94065151179802,173.01999755281523,20572200
2024-05-29,174.45811462402344,175.3904117210104,173.28779452948098,173.99196607552997,23388700
2024-05-30,170.69918823242188,173.78369568525272,170.381804057889,173.7638553909168,22931500
2024-05-31,171.08599853515625,171.64140573219544,168.05108411296985,170.451245290867,37638900
2024-06-03,171.75048828125,173.09934068848278,169.75697011042396,171.12564767729586,27459100
2024-06-04,172.36537170410156,172.42489257397216,170.4809527682894,171.8595578130043,26879600
2024-06-05,173.97213745117188,175.20196327061797,172.5042583714889,173.76385219874723,22068500
2024-06-06,175.28131103515625,175.69786641038863,174.3093484929474,174.45811286491957,23251000
2024-06-07,173.02989196777344,176.4119274047294,172.87119991627856,175.5986571248054,19661400
2024-06-10,173.77459716796875,175.8101292272444,171.54047994095143,173.73488619485127,23726700
2024-06-11,175.3732452392578,175.59169348463175,172.54337230776866,174.97607487552963,21540600
2024-06-12,176.53497314453125,179.1364888587314,174.86683954251944,176.99173266950717,27864700
2024-06-13,173.92356872558594,175.49241749987627,173.64554642645388,174.86685975128964,20913300
2024-06-14,175.54205322265625,175.81015156626538,172.92068928258647,172.99020243322104,18063600
2024-06-17,175.9888916015625,177.10098082049785,173.57603677345472,174.2214575995777,19618500
2024-06-18,173.85403442382812,176.13780173263285,172.8710325397334,175.88956648496008,21869900
2024-06-20,175.05551147460938,176.03851342488448,173.7547611134038,174.13206841253606,20160100
2024-06-21,178.3620147705078,179.57340412547137,175.36332840403423,175.75057482727152,57759000
2024-06-24,177.95486450195312,179.61307394202115,177.4087439914935,178.88823134690676,18298000
2024-06-25,182.73094177246094,182.98910099326696,178.15348288701358,178.35206806848578,23130200
2024-06-26,182.58200073242188,183.20754327614856,181.19187420519867,181.3408244497642,19839000
2024-06-27,184.1011962890625,184.7366779293804,182.72100889129027,182.8798679380617,18848900
2024-06-28,180.86419677734375,183.8231718610113,180.6755507145743,183.0188920765721,29156600
2024-07-01,181.69827270507812,182.58198955820285,180.0202000494524,181.73798367721864,16006100
2024-07-02,183.93238830566406,184.26006063956154,180.27835770580916,180.76490422906483,17372500
2024-07-03,184.50831604003906,184.77639921891327,182.7011560285435,183.54516199454144,10242100
2024-07-05,189.25457763671875,189.51273686548802,184.48845737897847,184.54803142014995,20967500
2024-07-08,187.69564819335938,188.8276004007438,186.4544718628467,188.55950207105113,21035900
2024-07-09,187.64598083496094,190.00918519904204,187.38782163636898,188.9665941471782,15121400
2024-07-10,189.83045959472656,190.3964432565855,187.69564243220248,187.8147905079295,15952500
2024-07-11,184.26007080078125,189.51272208583228,183.77352425069444,188.5098571184734,25625800
2024-07-12,183.7635955810547,185.78918852634615,183.18768799095292,183.77351953652854,22898400
2024-07-15,185.21328735351562,186.91122316515236,183.61465170436622,183.61465170436622,16474000
2024-07-16,182.62171936035156,187.34811338839907,182.0755987428797,186.03743905754484,18290700
2024-07-17,179.74220275878906,182.2543425380115,178.63009842037727,181.6784348799773,20734100
2024-07-18,176.43569946289062,181.21174353968178,175.22431015700485,180.64575986268414,25315700
2024-07-19,176.40589904785156,179.01732353591333,175.87964153783852,177.61728826175099,18881900
2024-07-22,180.38758850097656,181.41031651236526,178.95775104592673,179.3152104096892,24100300
2024-07-23,180.50672912597656,182.31388893241848,180.25849388780003,180.76490347036915,36352700
2024-07-24,171.41140747070312,174.9462749610045,170.60712769523397,172.37456144038464,49585200
2024-07-25,166.0991668701172,172.19582391606315,166.00980581766575,171.30218308939462,44852000
2024-07-26,165.8211669921875,166.90346917641645,162.90191767605657,165.9701020997129,41336900
2024-07-29,168.33328247070312,169.22692328878654,166.80416003394157,167.6382268176297,20293800
2024-07-30,169.08790588378906,170.02127279088597,167.25097423676394,169.03827095768605,18959700
2024-07-31,170.3291015625,173.01997848256258,168.80990296351985,172.01711347343624,25729100
2024-08-01,169.5546112060547,172.82139580223534,167.6878923021726,169.0482167160951,24531400
2024-08-02,165.48358154296875,167.32051364473287,163.50762313025547,165.26513327016306,29130100
2024-08-05,158.12586975097656,163.26929736266635,153.8363569379613,154.40234063596142,53630700
2024-08-06,157.17263793945312,159.43655755600886,155.3059189992834,158.2053051541738,49004600
2024-08-07,157.8180389404297,161.82951376084208,157.3513554761563,160.11173013870962,25138600
2024-08-08,160.88624572753906,162.53453159498838,159.0791007984094,159.37697100848436,25578800
2024-08-09,162.5146484375,162.63379650679866,157.9371899119943,158.88048081312152,28602300
2024-08-12,161.1444091796875,163.73598613275442,160.6975887017958,163.1898806325975,15895300
2024-08-13,163.001220703125,163.56718927271257,161.81961832579947,162.25651485029758,18551700
2024-08-14,159.23794555664062,162.06783350679044,156.5967339743886,161.25361460284537,40591100
2024-08-15,160.16139221191406,160.49898852805327,158.4833194361169,159.36703635252704,31524300
2024-08-16,161.80966186523438,163.89482874364478,159.99257813121338,160.33017441375463,24208600
2024-08-19,165.4934844970703,165.5133475605536,163.1004929084528,164.1132970310061,22416200
2024-08-20,165.9998779296875,167.44957853320707,165.642433695725,165.72185564699794,18341500
2024-08-21,164.67926025390625,165.67220118965227,163.5075820711663,163.984189478023,22902000
2024-08-22,162.6437530517578,166.4069931043409,162.15720646482643,166.07932072756,22493300
2024-08-23,164.4508819580078,165.00692648837935,162.67352425192186,163.55724112720742,13955700
2024-08-26,164.98707580566406,166.36726315289178,163.29907918080005,165.20552403193696,14190400
2024-08-27,163.5175323486328,165.26511837355505,163.29909924659626,164.6693476557718,11821900
2024-08-28,161.70046997070312,164.43105809322844,160.3897803993729,163.8749983304621,16407400
2024-08-29,160.6379852294922,164.7984102225247,159.11878679232862,163.15012461387778,19699800
2024-08-30,162.22671508789062,162.50473737235887,160.54864227379994,161.472070186267,22123800
2024-09-03,156.24920654296875,160.70751737773818,155.37541355771157,160.57843019098567,38945300
2024-09-04,155.34559631347656,157.87759856597614,154.85906498313753,155.55412056296137,19353800
2024-09-05,156.13006591796875,158.32445729106303,154.87895042005644,155.1966988484402,18688700
2024-09-06,149.8546600341797,156.71588626121135,149.48727669749047,156.18962872176218,37912100
2024-09-09,147.85621643066406,152.51927694187998,146.3747655212842,151.63438731483413,39260500
2024-09-10,147.80648803710938,150.4015036061094,147.48831800096144,149.58620426686707,31118800
2024-09-11,150.29214477539062,150.63018908340467,146.67304380954099,149.05925855823048,29607700
2024-09-12,153.80189514160156,153.93115363949187,151.7735987076876,152.91700542253488,29621500
2024-09-13,156.5559539794922,157.47067000170316,154.31887229884703,154.53759521680126,29591200
2024-09-16,157.15252685546875,157.34143843484944,155.70091765708278,156.4068328344505,18379800
2024-09-17,158.40530395507812,159.6282379126932,157.4706983462141,158.10702330973243,20715600
2024-09-18,158.89248657226562,159.57852752922,157.6894419945441,158.9422025434275,23677300
2024-09-19,161.2091064453125,162.8496272464335,160.41369644399956,162.77009990036774,26587700
2024-09-20,162.65077209472656,162.78996770160265,161.1295575441582,162.5612924555598,40896400
2024-09-23,160.92076110839844,164.53986181971814,160.74178667068307,163.40640761812853,24150900
2024-09-24,161.3582305908203,162.28289902982328,159.7674258440889,162.09398745781283,23332100
2024-09-25,160.56283569335938,161.87524922923666,160.37392412147798,160.5429462723237,18869200
2024-09-26,161.7957000732422,163.13795527115403,161.34828673099906,162.7004790534292,20319300
2024-09-27,163.00869750976562,164.7486500925775,161.69628402203105,161.87524329123835,21101300
2024-09-30,164.89779663085938,165.19606207708327,162.32265529939457,162.38232355982177,20413900
2024-10-01,166.03123474121094,168.18877389639653,163.6350680810018,166.72721266688677,28338100
2024-10-02,164.90773010253906,166.55820300060364,163.78421304270756,165.46451248473383,17760200
2024-10-03,164.90773010253906,165.6832505879078,162.9788660133771,163.46605818338855,15073100
2024-10-04,166.100830078125,167.26411075507784,164.52989975669306,167.0950886229922,19047400
2024-10-07,162.04428100585938,167.5127039344141,161.81560574950586,166.7570727731855,22463100
2024-10-08,163.4362335205078,163.78421492779364,161.93489332497202,162.99875730912473,23072700
2024-10-09,160.9307098388672,163.89359644421285,158.8228863013817,162.5115774919813,31181800
2024-10-10,161.1494598388672,162.13378146188393,159.47909725173434,159.94640007740227,14144100
2024-10-11,162.30276489257812,162.95896398012601,160.31424786941037,161.1991373378728,15344300
2024-10-14,164.0128936767578,165.2755910857808,162.46183762718093,162.70046513584995,19016100
2024-10-15,164.51004028320312,166.71728049354707,163.68480379630955,164.83813228183462,20247200
2024-10-16,164.2117462158203,164.8480710827429,162.7999008914352,163.5853584728,16406000
2024-10-17,161.99456787109375,165.41482033547592,161.82554570724957,164.7784953540456,21453400
2024-10-18,162.48175048828125,163.76435267205474,162.14370618061358,162.25307524146882,19757700
2024-10-21,163.12802124023438,163.5555451703661,161.68633408506915,162.01444125458505,20946500
2024-10-22,164.19186401367188,164.81825178422423,162.04426180421996,162.04426180421996,16568100
2024-10-23,161.8454132080078,164.867967838788,161.00028733207427,163.81404098216163,18280500
2024-10-24,161.78575134277344,162.3922496608961,160.08556255879625,161.89512038935888,22412500
2024-10-25,164.3211212158203,164.63927607521566,162.48173675810202,162.73030140529735,19828900
2024-10-28,165.76280212402344,167.78114595500233,163.00870143582344,167.78114595500233,32138600
2024-10-29,168.70579528808594,169.40178845873763,166.13066910445878,166.76699401414237,42169000
2024-10-30,173.45835876464844,180.9749512117023,173.06064622942904,179.6426331826948,68890800
2024-10-31,170.12759399414062,175.80481742033143,170.01822493850247,172.13600066532192,44769000
2024-11-01,170.30653381347656,171.33063403813247,167.91038233009985,169.09355238654865,31796500
2024-11-04,168.26834106445312,169.7497767581588,167.04539198951443,168.95436679599575,21492700
2024-11-05,168.7654571533203,169.55091475770118,167.87061532690117,168.45722424913848,18242100
2024-11-06,175.49659729003906,175.92413641911588,172.50388407123629,172.8021647148181,33695500
2024-11-07,179.71224975585938,180.0403569286527,176.1726914135067,176.39142952870222,25352900
2024-11-08,177.32601928710938,179.86136646447602,177.05756522942787,179.612801825818,22006200
2024-11-11,179.31454467773438,179.513393363608,177.44533365392132,177.55470270682915,17450400
2024-11-12,180.57723999023438,181.44225527864106,178.3600475857902,178.78758666786376,25134900
2024-11-13,177.85299682617188,179.92105669289288,177.5149373462163,179.42392735486908,23184000
2024-11-14,174.57192993164062,177.79333331489727,173.3191695348543,177.2564251654299,31007500
2024-11-15,171.4996795654297,173.1402002652983,170.236966835199,172.73255057874763,32504600
2024-11-18,174.2935333251953,174.43272892051993,171.90730361382492,172.4243223269658,20135300
2024-11-19,177.09735107421875,177.8430450835762,172.56353392471485,172.72261895446178,23434900
2024-11-20,174.96963500976562,176.65987170014589,172.78226898861567,176.32182739630647,18997100
2024-11-21,166.66757202148438,173.13025284582125,162.7601278802168,172.90156244724747,59734400
2024-11-22,163.81405639648438,165.5043083073982,162.95899331574788,164.8978098993039,38604600
2024-11-25,166.6874542236328,167.6618386099698,164.65917328191838,165.13641317917185,33135300
2024-11-26,168.14901733398438,168.84501052303654,166.61786569467208,166.66758166120195,20486700
2024-11-27,168.25840759277344,168.50697228555944,167.05536297555267,168.02973232334207,19266500
2024-11-29,167.97999572753906,168.4572356311654,166.20027942100947,167.53258236969043,14257200
2024-12-02,170.5054168701172,171.09202581712017,167.60218350894124,167.80103219947992,23789100
2024-12-03,170.3562774658203,171.68858044714352,169.86910042539293,170.50542536954606,22248700
2024-12-04,173.368896484375,173.9058047148439,170.07790239038704,170.1673820384036,31615100
2024-12-05,171.64881896972656,175.04918185581036,171.3406012044101,174.35320380974355,21356200
2024-12-06,173.70693969726562,174.07481055205204,170.87329640646647,171.0423185605895,21462400
2024-12-09,174.56297302246094,175.44887679032834,172.85088694703188,173.15947313956298,25389600
2024-12-10,184.31787109375,185.502397306232,180.21683563214248,182.00855531536865,54813000
2024-12-11,194.5008087158203,194.7098490277896,183.99936950512352,184.4572441868518,67894100
2024-12-12,191.07664489746094,194.28181312365592,190.82779534779633,194.10264873841155,34817500
2024-12-13,188.94647216796875,191.84306905787375,188.7672926142497,190.13098313311997,25143500
2024-12-16,195.7550048828125,198.08423292115103,191.73358782946704,191.98243736831273,44934900
2024-12-17,194.52069091796875,200.4930793963414,194.082713332717,196.3422712265007,43504000
2024-12-18,187.53298950195312,196.09341894237798,186.87603832190538,194.32161160052223,34166100
2024-12-19,187.64248657226562,192.1416901461699,187.513095150107,190.748138909751,32265200
2024-12-20,190.52914428710938,192.00232914747002,184.3676279309519,184.925048408463,63462900
2024-12-23,193.73435974121094,194.20219811806004,189.2749647954396,191.73359960532437,25675000
2024-12-24,195.20751953125,195.20751953125,192.88824016493578,193.94335970742864,10403300
2024-12-26,194.69989013671875,195.84459196860374,193.48550314170072,194.25194880473947,12046600
2024-12-27,191.87294006347656,194.42117206113832,189.77264937982267,194.05286442098586,18891400
2024-12-30,190.35995483398438,191.66392402935992,188.2497003483825,188.92657901389887,14264700
2024-12-31,188.4288787841797,191.07664159206533,187.64250571524292,190.20068633205602,17466900
