Price,Close,High,Low,Open,Volume
Ticker,META,META,META,META,META
Date,,,,,
2015-01-02,77.83915710449219,78.31542298294325,77.09499687378008,77.9681497226088,18177500
2015-01-05,76.5889663696289,78.63292386083921,76.26153408123444,77.37281598276019,26452200
2015-01-06,75.55706787109375,76.98585032106149,74.77321821125572,76.62866038606137,27399300
2015-01-07,75.55706787109375,76.7576454300895,75.2296355631888,76.16231877843718,22045300
2015-01-08,77.57125854492188,77.62087225227413,75.48761152593863,76.14246855705272,23961000
2015-01-09,77.13468933105469,78.00784221387961,76.59889303568202,77.59110671526334,21157000
2015-01-12,76.12262725830078,77.39265943266423,75.61659621164416,77.23390162587435,19190200
2015-01-13,75.85472106933594,77.47203396224693,75.25939446746183,76.62865397875957,25179600
2015-01-14,75.68605041503906,76.59888508875221,75.43799702087861,75.82495971016981,25918600
2015-01-15,73.47342681884766,75.97380198842959,72.96739571703131,75.8051274778207,34134000
2015-01-16,74.59461975097656,74.73352905123996,73.26504957275517,73.4634968374094,21791500
2015-01-20,75.64635467529297,75.71580931708476,74.23741333038049,75.13040698912368,22821600
2015-01-21,76.14246368408203,76.69810840490923,75.25939425364678,75.56698559356548,25096700
2015-01-22,77.0453872680664,77.14460711370039,76.08293886844001,76.56912141103876,19519500
2015-01-23,77.22398376464844,77.58118125449818,76.44013413803313,77.04538501972358,16746500
2015-01-26,76.89655303955078,77.8590014307279,76.68818909455196,77.37281889239732,19260800
2015-01-27,75.18994140625,76.28137479432661,75.04110786015123,76.11270030807603,20110000
2015-01-28,75.64635467529297,77.03545508111702,75.40822555629086,76.30121921503405,53306400
2015-01-29,77.39265441894531,77.41249535851425,73.63216427660052,76.25160735902729,61293500
2015-01-30,75.31893920898438,77.55141984453472,75.16018139686156,77.3926620324119,42649500
2015-02-02,74.40609741210938,75.54714459168213,73.17575464012992,75.51737939421322,41955300
2015-02-03,74.81291961669922,74.99151839772809,73.28490950567227,74.60455563383059,26957700
2015-02-04,75.0411148071289,75.75550983854767,74.4259471956211,74.50531853356483,20277400
2015-02-05,75.02128601074219,75.38840784187586,74.6243989768121,75.12050587672708,15062600
2015-02-06,73.89014434814453,75.1105627765814,73.67185615574414,75.09072183635801,21211000
2015-02-09,73.86038208007812,74.24734477467375,72.87808517534562,73.47341938548252,16194300
2015-02-10,74.60454559326172,74.75337158243096,73.91991576312613,74.26718902116981,15811300
2015-02-11,75.91427612304688,76.15240530342123,74.44579644242627,74.50532684502232,20877400
2015-02-12,75.6364517211914,76.2714678671317,75.29909513554148,76.26154361079182,17235000
2015-02-13,75.15026092529297,75.88450448835005,74.9121317651069,75.86465597584065,18621900
2015-02-17,75.01136016845703,76.31116536636816,74.4954123342412,74.71370057679071,25254400
2015-02-18,76.11270141601562,76.30122441515088,74.86251020857155,75.34870030423735,22426400
2015-02-19,78.80162048339844,79.21834847478603,76.35085111453832,76.39054057609772,45851200
2015-02-20,79.27787017822266,79.71443902577717,78.583316098495,78.93059692335343,36931700
2015-02-23,78.22611999511719,79.56561446940853,77.76970262765077,79.33740200068064,24139100
2015-02-24,77.83915710449219,78.8611435134612,77.49188384415773,77.88877081453539,18897100
2015-02-25,78.94051361083984,79.57552972546785,77.88876959036018,77.88876959036018,25593800
2015-02-26,79.78390502929688,80.73642924637846,79.09927517296121,79.25802542414671,31111900
2015-02-27,78.35511016845703,80.5975150516782,78.00783691817676,80.05179453695986,30739200
2015-03-02,79.12904357910156,79.23818769308572,77.90861738181957,78.38488329465861,21662500
2015-03-03,78.98020935058594,79.07942920702088,77.90861673311313,78.99013360722638,18635000
2015-03-04,80.27008819580078,80.51814161570746,78.23604712457012,78.68254782239593,28126700
2015-03-05,80.57766723632812,81.35159264934963,80.41891699339537,80.59751574793796,27825700
2015-03-06,79.38700866699219,80.69673025698808,79.208409924266,80.27007812547487,24488600
2015-03-09,78.82146453857422,79.28780622301794,78.01776623496237,79.05959372446387,18925100
2015-03-10,76.94615936279297,78.64284352638025,76.94615936279297,77.88875915256762,23067100
2015-03-11,76.96601867675781,77.81932308953014,76.65843484308058,77.19423116528576,20215700
2015-03-12,78.3154296875,78.4344980598035,77.30337501788516,77.49189047821157,16093300
2015-03-13,77.44227600097656,78.76191436122573,77.07515423670291,77.98798894950376,18557300
2015-03-16,77.46212768554688,77.51174140137974,76.75765682666345,77.35298356670675,19305400
2015-03-17,78.74208068847656,79.15880863018214,77.73001846434607,77.74986697775482,22170000
2015-03-18,80.27999877929688,80.6074234846162,78.55354182039554,78.63292071804376,36912400
2015-03-19,82.10567474365234,82.35372814166942,80.36930095753281,80.48836931377703,42099500
2015-03-20,83.14751434326172,83.9412807923442,82.42319498310876,82.74070307673978,44466300
2015-03-23,83.77259826660156,84.2984702867288,82.65139957406593,83.26656718855922,27357300
2015-03-24,84.64573669433594,85.39982112232238,83.86188707063758,84.05041007013136,32576500
2015-03-25,82.27435302734375,84.85410697155581,82.27435302734375,84.83426602959565,37436100
2015-03-26,82.36365509033203,83.11773199456887,81.50042651181055,82.07591223082487,32794800
2015-03-27,82.65140533447266,83.2963381920367,82.2346698217519,82.73077667833338,18372600
2015-03-30,82.55216979980469,83.68329271612494,81.76832770497731,83.15742071099226,24527700
2015-03-31,81.57980346679688,82.84983566458874,81.56987921119222,82.25450901812243,19734300
2015-04-01,81.0340805053711,82.07590778264147,80.24031419077401,81.85761958588091,22058200
2015-04-02,80.92493438720703,81.91714793318059,80.8058736064829,81.60956415632513,19664100
2015-04-06,81.79808807373047,82.16520224508271,80.17085844560579,80.17085844560579,19062900
2015-04-07,81.67902374267578,82.77045719527203,81.57980389607413,82.00645604945137,17467000
2015-04-08,81.63933563232422,82.4529504998174,81.20275921611204,81.98660888613426,18966700
2015-04-09,81.53019714355469,82.15529661345485,81.07377975425645,81.85762947826528,15927300
2015-04-10,81.40120697021484,81.96676843551907,81.27222192373817,81.56988147022032,12529700
2015-04-13,82.36365509033203,83.2864140639277,81.28213830321965,81.29206255906175,26883100
2015-04-14,82.86967468261719,83.03835674402566,81.79808977184217,82.52240144440358,19634200
2015-04-15,82.06597900390625,83.00858638614459,81.62940263444898,82.89944229378027,22390900
2015-04-16,81.66909790039062,82.42318234589347,81.51034766290992,81.82785570786024,13769700
2015-04-17,80.15100860595703,81.47065443187556,79.74420499066709,80.84556262643504,24215000
2015-04-20,82.44303131103516,82.50256927962556,80.60743751094516,80.90510464392825,28796800
2015-04-21,82.96891021728516,83.83213126962309,82.88953130649857,83.34594868853705,27171900
2015-04-22,83.97103881835938,84.08018292590573,82.99867367656935,83.66345500799572,45548000
2015-04-23,81.7683334350586,84.92356568696394,81.7683334350586,83.44516941553834,73728100
2015-04-24,80.8951644897461,82.29418914184073,80.84555835732408,82.12550709563905,29660400
2015-04-27,81.27223205566406,82.28428675185545,80.99440584632686,81.23254259718732,25446000
2015-04-28,80.05180358886719,81.26230554385589,79.60531044087494,81.19285088594621,23775300
2015-04-29,79.84342956542969,80.75626426020052,78.90082210388216,79.38701221804426,26430300
2015-04-30,78.15666961669922,80.3296200364936,77.71017648084629,79.38702005191975,28999000
2015-05-01,78.37495422363281,79.1389629745915,77.50180893538372,78.6230076365434,24136400
2015-05-04,78.19635009765625,79.06950289597847,78.0177513498166,78.71230540029919,14692000
2015-05-05,76.95608520507812,78.18643553244382,76.61873621111563,77.93838212982818,22311300
2015-05-06,77.49188995361328,78.19636078582913,76.45007009047289,77.36290489531683,28663000
2015-05-07,77.8193130493164,78.32534410555395,76.95608449102754,77.39266089797673,19749400
2015-05-08,77.89869689941406,78.61309194886826,77.42243100978143,78.48409932772321,19943600
2015-05-11,77.402587890625,78.4146424688984,77.32320898292022,77.86892951090395,18874100
2015-05-12,76.85686492919922,77.28351708211713,76.1920836306959,77.26367614081379,21285300
2015-05-13,77.82923889160156,77.91853448394032,77.0453892222305,77.11484387293481,21512300
2015-05-14,80.73641204833984,81.21267027043588,78.05743116159483,78.32533303526331,49438000
2015-05-15,79.79381561279297,80.88524905493232,79.5556864692327,80.77611252370848,27069900
2015-05-18,80.25023651123047,80.74634333143588,79.60530370095489,79.70452355099812,21613700
2015-05-19,80.00218200683594,81.05393359887799,79.92281066988062,80.61735718067226,17955400
2015-05-20,79.92280578613281,80.46851870555453,78.84128906257082,79.84342688403879,23056900
2015-05-21,79.85334777832031,80.28991658148503,79.45646085454368,79.56560494783196,13402700
2015-05-22,79.91288757324219,80.67688874619569,79.62514470888611,79.72436455901148,19567900
2015-05-26,78.71231079101562,79.97241879763686,78.46425737813834,79.80374429367777,16321300
2015-05-27,79.92280578613281,80.0319498840149,78.81152386678275,78.98019835624099,14160900
2015-05-28,79.52591705322266,80.43875169676335,79.3770835076481,79.6251368936095,11982000
2015-05-29,78.57340240478516,79.4465477031336,78.26581102162542,79.3274793383631,16134600
2015-06-01,79.66482543945312,79.75412102379107,78.0475201065394,78.68253616179317,18119000
2015-06-02,79.81367492675781,80.71658548537754,78.94052199887324,79.13896928702428,18923300
2015-06-03,81.79808807373047,81.88738366027928,80.61735151832721,80.71657136004434,31775000
2015-06-04,81.4111328125,82.3041190393367,80.87533653440435,81.50042840718793,20863900
2015-06-05,81.50041961669922,81.8179276468816,80.87532781133693,81.23252529154068,16143100
2015-06-08,80.04187774658203,81.36152379071682,79.50608143761023,81.18292502105956,16915500
2015-06-09,80.04187774658203,80.55783311225404,78.70239075914746,79.97242309004808,16497500
2015-06-10,81.52027130126953,81.95684012852834,80.18077691334854,80.20062542412644,21531200
2015-06-11,81.19284057617188,82.25450882369043,80.72649897371241,81.66909886422354,18656800
2015-06-12,80.8951644897461,81.45080162079682,80.56773222181056,80.73641426801224,11417900
2015-06-15,80.08157348632812,80.29986172970153,79.44655727105479,79.922823217505,18805100
2015-06-16,80.42882537841797,80.87532600368718,79.8235745266001,80.19069625360076,13693700
2015-06-17,81.15315246582031,81.57980462299929,80.70665179715073,81.12338726857351,18350300
2015-06-18,82.26444244384766,82.54226107183479,80.93487213420799,81.00432679120478,26782600
2015-06-19,81.86754608154297,82.33388768374975,81.4805833839648,82.18505413006838,23353200
2015-06-22,84.08018493652344,84.3083974132111,82.66131907448084,82.76054649825176,29383100
2015-06-23,87.19572448730469,87.28502764364788,84.10002304052936,84.29846272353186,50667900
2015-06-24,88.16809844970703,88.55506113646896,86.76907368219172,86.97744519351473,41370200
2015-06-25,87.29496002197266,88.70390158436902,87.15604314695769,88.56499227934343,27302000
2015-06-26,87.3247299194336,87.65215468747697,86.15391744979152,87.43387403211132,38214600
2015-06-29,85.1319351196289,86.81869531489392,85.06248046617658,85.935625762433,35957900
2015-06-30,85.10215759277344,86.02491654846933,84.90371789971609,85.92569670194067,23016500
2015-07-01,86.2332992553711,87.2651948771379,85.81656373389946,86.09438236822052,25260000
2015-07-02,86.61032104492188,86.7591545903147,85.66771363742642,86.7194651402107,16908800
2015-07-06,86.86829376220703,87.50330978790319,85.71732248439015,85.81654231903241,24635900
2015-07-07,86.5408706665039,87.16596250398665,84.56636773890912,87.11635636640234,33059900
2015-07-08,84.98310852050781,86.07454212276386,84.78466123010392,85.61812470982007,24399300
2015-07-09,85.21129608154297,86.91790458137169,84.98309120655922,86.05468364645007,23307400
2015-07-10,87.26519012451172,87.53309205729519,86.094377679359,86.66986343053347,23245900
2015-07-13,89.3984375,89.51750584874391,87.73151846752769,87.96965516501551,29976700
2015-07-14,88.98171997070312,90.09300197810326,88.95195477255668,89.7556454024683,26627800
2015-07-15,89.06108856201172,90.28150696457587,88.72373202545705,89.29921768958718,30886600
2015-07-16,90.14259338378906,90.15251763821213,89.0710010057414,89.57703200148414,21804100
2015-07-17,94.23053741455078,94.64726535668137,91.81945779223821,91.82938204895271,54001600
2015-07-20,97.14764404296875,97.83226632753261,94.61749615700231,95.10367873560351,54860500
2015-07-21,97.62390899658203,98.46728915919601,96.3836418250938,98.17954626701194,39453300
2015-07-22,96.28441619873047,96.82021249312241,95.17313415443722,95.98674906740509,28299500
2015-07-23,94.69686889648438,96.69121279241368,94.07176948045631,96.20503024549444,29418800
2015-07-24,96.19510650634766,96.9988046784149,95.1334382459523,96.59199346453049,33444900
2015-07-27,93.43675231933594,95.85775591081136,93.09940333100981,95.82799071419305,38585400
2015-07-28,94.54804992675781,94.81594431067465,92.5834633547369,94.10154919357613,35236000
2015-07-29,96.23480224609375,96.52254512032455,94.00232147670717,95.5700209004517,64648300
2015-07-30,94.4686508178711,95.06397743154653,91.08520656198937,94.17099129602768,86211300
2015-07-31,93.27801513671875,95.57995069393108,93.2184771651597,94.21069089792347,46509000
2015-08-03,93.40699768066406,94.33968098673499,92.07743494817045,92.8017467143827,29343100
2015-08-04,93.32762145996094,93.99241041537726,92.60330967285171,93.05972708239767,20136000
2015-08-05,95.68907928466797,96.33401205033265,94.43888806463082,94.50834271185572,29813200
2015-08-06,94.37936401367188,97.97117254003392,93.68480992476984,96.42332168646307,42271300
2015-08-07,93.56575012207031,94.65718362189516,92.88112028191219,94.6373351097225,23199100
2015-08-10,93.41690826416016,95.15328199557581,92.90095297334582,94.93499380099965,21624200
2015-08-11,92.89103698730469,94.02215984954155,92.17664200694692,93.00018108541428,22491000
2015-08-12,93.45660400390625,93.70465741080058,90.47996312117422,91.97820024842378,27050500
2015-08-13,92.70252990722656,93.99241079550039,92.62315099133492,93.31770515040162,17451800
2015-08-14,93.68480682373047,93.98247393340537,92.48422926935602,92.81166157600062,15929700
2015-08-17,93.19862365722656,93.72449565350033,92.66282740536583,93.6848062011415,18313500
2015-08-18,94.42896270751953,95.10366823125567,93.30776410968848,93.34745356049517,22278800
2015-08-19,94.56787872314453,95.35172839982545,93.42683910378841,93.89317315144382,23251300
2015-08-20,89.85486602783203,94.03208460016941,89.75564617649177,92.81166604570424,44598200
2015-08-21,85.38990020751953,88.48560937247085,84.94340711439659,86.83853115874992,62778700
2015-08-24,81.4508285522461,81.4508285522461,71.43939477866483,76.43022906380916,83710700
2015-08-25,82.3537368774414,86.98737302712159,82.3537368774414,86.27297795385385,52021200
2015-08-26,86.5111083984375,86.77900274643031,82.61170854883393,85.28075805287047,45124300
2015-08-27,89.03133392333984,89.35875867383163,86.51111035022404,88.40623448060501,42431400
2015-08-28,90.30136108398438,90.7677026831978,89.0908592911297,89.18015488077195,33215900
2015-08-31,88.7336654663086,90.34105427631837,88.19786919630533,89.89455359965436,32850700
2015-09-01,86.5508041381836,88.69398178775657,85.82648480842681,86.1737580884514,36097400
2015-09-02,89.19007110595703,89.19007110595703,86.94766647141854,88.11847870679829,27190500
2015-09-03,87.4636459350586,89.12064112544378,87.04691796561868,89.06111072123534,27048200
2015-09-04,87.57276916503906,87.70175420005062,86.02491089495773,86.52101766498629,27328700
2015-09-08,88.8328857421875,89.53735651631871,88.13833922402696,88.99164355776094,27012500
2015-09-09,89.73580169677734,91.26381157114847,89.46789978173112,90.07315069203362,32551100
2015-09-10,91.2638168334961,91.3431881740224,88.93210864952721,89.36868508737493,26437400
2015-09-11,91.3332748413086,91.36304004134759,90.42043247683715,90.96615304418476,21185000
2015-09-14,91.59123992919922,91.89883130936698,90.88676914363593,91.59123992919922,20127900
2015-09-15,92.17665100097656,92.5239242697606,91.0752932271261,91.65077896967651,18859400
2015-09-16,92.72235870361328,92.87119225891384,91.90874384729118,92.17664576083,16321200
2015-09-17,93.60543823242188,94.76633403207634,92.17665563052311,92.64299728773621,27841800
2015-09-18,93.66497039794922,94.44882009255899,92.32548347981432,92.47430947183754,62300000
2015-09-21,94.80601501464844,95.73869067571567,93.78402862083654,93.88325603945131,28790000
2015-09-22,92.2361831665039,93.94279191437214,91.20428002663033,93.03987382823664,36888900
2015-09-23,93.23831176757812,93.58558500823324,92.07742369025004,92.67275032708581,21701400
2015-09-24,93.67488861083984,94.03207853864161,91.52177936860448,92.33539420913023,29106000
2015-09-25,92.04765319824219,95.10367293149353,91.34318244408168,95.04414253733574,28961600
2015-09-28,88.51537322998047,91.57139289619164,87.4933944460825,91.36302895122118,41199900
2015-09-29,85.99516296386719,89.3587669343203,85.05256293957717,88.40624265304058,42281800
2015-09-30,89.20000457763672,89.3190653654092,87.32472147032952,87.75137362315539,36169100
2015-10-01,90.24183654785156,90.24183654785156,87.67200659704389,89.3488502386071,29283700
2015-10-02,91.35310363769531,91.48208867737675,87.68191643456419,88.20778841863547,37881700
2015-10-05,93.27801513671875,93.53598525684451,91.93852811148567,92.21634674546112,27292500
2015-10-06,92.07743072509766,93.43675859522928,91.62100577966353,93.34746299937662,22172800
2015-10-07,91.6805419921875,92.93073330012346,90.65856315260078,92.38501276928136,24129300
2015-10-08,91.74998474121094,92.49414487582227,89.76555771558073,91.17449908698097,27290500
2015-10-09,92.51400756835938,93.01011444141791,91.5217938222423,92.17665852827483,20012900
2015-10-12,93.52605438232422,93.86340336669399,91.94843085015516,92.59337119261436,18449600
2015-10-13,93.38713836669922,94.62740525526573,92.82157696831243,92.93072106010536,19480300
2015-10-14,93.33753204345703,94.45873067417969,92.88111470077376,93.34745629894702,19253400
2015-10-15,95.21281433105469,95.5501708850126,94.16107035751719,94.2503659462188,27557500
2015-10-16,96.78053283691406,96.83013898383132,94.60758224019432,95.43112149292257,25412900
2015-10-19,97.70327758789062,97.80249743712695,96.1653434297652,96.42332109377105,23729900
2015-10-20,96.24472045898438,98.81455008300578,95.808144046877,97.96125334023364,30881800
2015-10-21,96.35386657714844,97.41553486244028,95.71885045716019,96.61184424151531,21917800
2015-10-22,98.89392852783203,98.95346649192584,96.79044052291485,97.02856966932283,26392100
2015-10-23,101.3943099975586,102.04916703581553,99.3801176049054,101.11649140132906,42809700
2015-10-26,102.96200561523438,103.0016950690493,100.75929770342515,101.40423051044729,25961200
2015-10-27,102.89254760742188,103.28943456263633,101.60267446546118,102.13847071950234,23795500
2015-10-28,103.3886489868164,103.66647513988852,102.11861685272707,103.09098946350784,24081500
2015-10-29,104.06336212158203,104.30149884164652,102.7139509878401,103.15052740463577,20316700
2015-10-30,101.176025390625,103.90461288197955,100.85851733079421,103.6962489274021,33487100
2015-11-02,102.5055923461914,102.66435016779313,100.39217994354821,100.92797623646965,24003900
2015-11-03,101.78128051757812,102.84294884618656,101.60268175342017,102.41629666347534,21242300
2015-11-04,103.13069915771484,103.32913887887275,101.68206799728968,102.38653884838746,43469300
2015-11-05,107.91316223144531,109.78844548582585,107.1094640010039,107.95285168714523,63232900
2015-11-06,106.26607513427734,107.89330483402996,105.08534609688904,107.19875834144861,35084300
2015-11-09,105.66082763671875,107.40712575003455,105.03573577325417,106.16685870904108,26383500
2015-11-10,107.06978607177734,107.30791524478663,104.42056968833808,105.13496477735586,25031700
2015-11-11,108.16121673583984,109.01452111696392,106.27600920614736,107.42697315301885,25057100
2015-11-12,107.17891693115234,108.53825237953751,107.15907598861651,107.6353418793613,20924700
2015-11-13,103.14060974121094,107.40713162353667,103.02154894355792,106.87133532412905,30278400
2015-11-16,103.22990417480469,103.35888921801148,99.6877019145413,102.51550916937526,49309200
2015-11-17,104.31141662597656,105.37308491164607,103.32912724783114,103.80539312298639,26807200
2015-11-18,106.93087005615234,107.04001417175029,104.5694041104669,104.97621537223921,23836500
2015-11-19,105.43263244628906,106.89118783196739,105.12504104421373,106.52406602884068,25520600
2015-11-20,106.48435974121094,107.0300802312285,105.78981327208749,106.00809389810574,22129600
2015-11-23,106.11723327636719,106.63318854761557,105.25401235599105,106.35536997232263,19897200
2015-11-24,104.91666412353516,105.66082432480572,103.57717727524594,105.17464177957254,23577300
2015-11-25,104.58924102783203,105.76997008476596,104.28164965889216,105.5020757389039,15150800
2015-11-27,104.6289291381836,105.13496023269535,104.04352670275966,104.95636146816118,5913100
2015-11-30,103.4283447265625,105.27386264925542,102.94216217660248,105.01588499070988,20383200
2015-12-01,106.28591918945312,106.3156843850317,103.68631693908586,104.01374923042762,22781900
2015-12-02,105.24410247802734,107.07969623266837,104.96628386478301,106.16686148344,24429100
2015-12-03,103.56725311279297,106.01802192238011,102.54527431332703,105.44253621608252,23236500
2015-12-04,105.3532485961914,106.89118282455226,103.29936658624545,103.993913132608,21224700
2015-12-07,104.78768157958984,105.99818341372409,103.84508166349603,105.65091015884687,15474900
2015-12-08,105.66082763671875,106.0775631156844,103.14060410102131,103.19021781065675,20401800
2015-12-09,103.78553771972656,105.6112146216088,102.74371801510978,105.35323697427994,23517300
2015-12-10,104.59915161132812,105.57152423029962,103.59702136676262,104.23203743915631,17454300
2015-12-11,101.32485961914062,103.52756754065274,101.11649566318634,103.339052096688,26427700
2015-12-14,103.84507751464844,103.92444884831416,100.66998949836336,101.49352859130512,24648100
2015-12-15,103.7359390258789,104.97620607511233,103.46803710405047,104.48009925541896,21764300
2015-12-16,105.95848083496094,106.25614034370277,103.37872724259037,104.5495394782801,22680500
2015-12-17,105.39292907714844,106.91101466349214,105.30362591736936,106.65303700967242,21675700
2015-12-18,103.22990417480469,105.76004432071338,103.16044952538734,105.25402083352506,35994200
2015-12-21,103.9542236328125,104.33126967495404,102.79333544724844,104.09314051201544,16138800
2015-12-22,104.6884536743164,104.83728722066374,103.99389964802502,104.40071083670851,14597100
2015-12-23,103.8153076171875,105.28378709542349,103.05130646586827,105.06549888933539,19599700
2015-12-24,104.20227813720703,104.49994527147219,103.68633035046905,103.92445951588738,6501800
2015-12-28,105.10519409179688,105.15480780316331,103.71609344342158,104.2022760208566,13069700
2015-12-29,106.42483520507812,106.90109350439836,105.42269732735757,105.59137182628393,17179900
2015-12-30,105.39292907714844,106.4149078669098,105.23417126864739,106.16685446861864,13115000
2015-12-31,103.84507751464844,105.34331457868784,103.80538806282112,105.17464008591342,18391100
2016-01-04,101.424072265625,101.44391320621605,98.97330353824177,101.15617036271875,37912400
2016-01-05,101.93011474609375,102.90247991395681,100.87836309698989,102.08886499860645,23258200
2016-01-06,102.1682357788086,102.96200211817954,100.11435392607787,100.34255881527626,25096200
2016-01-07,97.15754699707031,100.64021860539947,96.54237945353984,99.71745972011529,45172900
2016-01-08,96.57215881347656,99.71747434671988,96.27449168295321,99.10229914296674,35402300
2016-01-11,96.7507553100586,97.83226455696418,94.64725964297155,97.1476422847906,29932400
2016-01-12,98.59627532958984,99.18167776258026,96.79044674902426,98.2291535456875,28395400
2016-01-13,94.69686889648438,99.79684622127934,94.46865643650813,99.79684622127934,33410600
2016-01-14,97.60405731201172,98.10016412601404,91.73014688103248,95.10367473024607,48658600
2016-01-15,94.23053741455078,95.6295548117006,92.81167150397195,93.24824795953154,46132800
2016-01-19,94.51827239990234,96.66144990173449,93.18870220090444,95.77838037769398,30998300
2016-01-20,93.6153564453125,94.260296832374,88.67413670318844,92.10719502678985,59051400
2016-01-21,93.42683410644531,95.24257920037907,91.89882428844395,94.17099428969338,30518900
2016-01-22,97.17739868164062,97.30638371950066,94.74647091282333,95.65931314302624,30495400
2016-01-25,96.25465393066406,98.70542300057117,96.17527501722816,97.95133846290979,32482000
2016-01-26,96.58206939697266,97.11786565606486,94.91515779533795,96.99880486737045,26877100
2016-01-27,93.7145767211914,97.08810466342895,93.49629607580232,97.0285742665037,58699400
2016-01-28,108.26042938232422,109.48084790360475,103.99390776079983,106.36529772230153,107475300
2016-01-29,111.33628845214844,111.96138030227671,107.99252585577293,108.14135941151464,62739500
2016-02-01,114.1938705444336,114.81897001718913,111.13785811647776,111.3958282268314,46132700
2016-02-02,113.71759796142578,116.67439016338346,112.31857319292395,113.90612096228486,59778600
2016-02-03,111.81255340576172,114.4419133991619,108.89544298894609,114.37245874971339,56919300
2016-02-04,109.62969207763672,111.06840651723218,108.399349181354,110.92949720168365,38890200
2016-02-05,103.25967407226562,108.72677339380951,102.37660453090784,108.65731874123044,76894700
2016-02-08,98.97330474853516,101.88049084495083,96.7011347386413,99.62816934587951,71229700
2016-02-09,98.76494598388672,101.60267758120673,96.0661236896532,96.38363174956366,62709000
2016-02-10,100.21358489990234,102.44606575163284,99.45950035927622,100.75930546943242,45179400
2016-02-11,101.11650085449219,104.29158163678844,98.11008701283048,98.82448208134456,43670600
2016-02-12,101.21571350097656,103.42834563449586,100.30287121733808,102.93223882447047,36176800
2016-02-16,100.81881713867188,103.12075221975905,99.45948188074982,102.99176718637504,45687200
2016-02-17,104.3808822631836,104.89683764640289,99.61826086033294,101.22564227192439,44073400
2016-02-18,102.66434478759766,105.1746440427016,102.2277683710616,104.97620434608841,29593500
2016-02-19,103.75577545166016,104.20226854195381,101.26531720560541,101.75150731813467,32404500
2016-02-22,106.32560729980469,107.40711643213184,104.5197713775904,104.6686049235957,35709700
2016-02-23,104.63883972167969,106.63319107005005,104.30149074941203,106.01801594592897,25319300
2016-02-24,106.04779052734375,106.11724517895733,101.94002668622213,103.39858194009662,34412400
2016-02-25,107.228515625,107.228515625,104.78767125550108,106.27599154690202,29906300
2016-02-26,107.07969665527344,108.59778234791378,106.32561972205974,107.85362210093405,26686200
2016-02-29,106.08747863769531,108.06198919568611,105.91880413876822,106.76218420339289,32779000
2016-03-01,108.96489715576172,108.96489715576172,106.76218175445234,106.9903942130518,26817300
2016-03-02,109.09387969970703,109.68921390155187,107.92306737672841,108.82598536486792,25670200
2016-03-03,108.72676849365234,109.44116349940559,107.69486543756312,109.39154979123253,21353100
2016-03-04,107.54602813720703,109.19310629532474,107.08961080387037,109.19310629532474,24938900
2016-03-07,104.90675354003906,107.22852986945963,103.90461562443959,107.22852986945963,31436400
2016-03-08,105.10519409179688,106.53398419526741,103.5871083918542,103.9641468602747,25617000
2016-03-09,106.67289733886719,106.67289733886719,104.6686214194299,105.86919909177074,20493300
2016-03-10,106.48435974121094,107.81392985780425,104.94642568388058,107.06976968231966,24854300
2016-03-11,108.55809783935547,108.56801452534977,107.07969406736017,107.63533885260235,20697600
2016-03-14,109.03434753417969,109.47092392310171,107.92306562146393,108.42909665680641,17249400
2016-03-15,109.80827331542969,109.96703111927057,107.99252067644052,108.26042257792481,17618500
2016-03-16,111.30651092529297,111.62401894304254,109.24270502492665,109.6296676849968,24744800
2016-03-17,110.15555572509766,111.81255826826744,109.86782042914724,111.27676199065431,24241200
2016-03-18,110.58219909667969,111.54464746858615,109.41138678394638,110.69134319473024,36256900
2016-03-21,110.97908782958984,111.49504313233896,110.16547299370596,110.79057239626783,18448000
2016-03-22,111.3759765625,112.00106840509349,110.30438405806343,110.49290706439645,19001100
2016-03-23,111.66372680664062,112.3086672031146,111.12793051895407,111.13785477520462,18562000
2016-03-24,112.16975402832031,112.20943591197536,110.81041862846303,111.25691173448011,17839100
2016-03-28,112.80477142333984,113.69775764548056,112.07052787759439,112.43764965046712,21351800
2016-03-29,115.23568725585938,115.41428600721294,112.75515324816482,112.94367625514609,29825300
2016-03-30,113.80689239501953,116.07906235763531,113.46954341794432,115.82109228222087,33235200
2016-03-31,113.2115707397461,114.11448875327866,112.88413843352072,113.80689738834467,21207500
2016-04-01,115.15631103515625,115.26545513963814,112.46741301653473,112.86429998101526,24760500
2016-04-04,111.67364501953125,113.65807224283708,110.74096180218099,113.18180637844847,48487900
2016-04-05,111.3462142944336,112.43764776877615,111.02870623698868,111.23707019000041,22962400
2016-04-06,112.8246078491211,112.92382769538845,111.54465139330178,111.59426510142997,20814600
2016-04-07,112.7551498413086,113.99541680768165,112.18958840744203,112.90398339127113,20714500
2016-04-08,109.76859283447266,113.43978786341171,109.04428111272881,113.36040895500463,48497800
2016-04-11,108.141357421875,110.04641327433833,107.9230692201352,109.8380417581402,39762300
2016-04-12,109.74874114990234,110.2944616292979,108.1413524769461,108.48862570474844,26248100
2016-04-13,109.6495361328125,111.77287280699146,105.6905980906841,111.35614487729046,88227400
2016-04-14,109.9769515991211,111.16761245904358,109.40147346531369,109.75867096629153,28473300
2016-04-15,108.78630065917969,110.10594659018865,108.34972424411166,109.92734783584166,20922800
2016-04-18,109.59000396728516,109.94720151736875,108.34973679893658,108.88553312406196,21167200
2016-04-19,111.4156723022461,111.57442255075688,108.31004628523246,110.23493562961633,30210500
2016-04-20,111.5446548461914,112.38803492055453,110.69135051589764,111.55457910212206,21027900
2016-04-21,112.55672454833984,113.152051254331,111.43551822256687,111.67365496095516,20875200
2016-04-22,109.69912719726562,110.87986373912106,108.16120074332467,110.3440675160099,38458200
2016-04-25,109.24272155761719,109.80828303638728,108.22074270738258,109.01451665687964,21017900
2016-04-26,107.91316223144531,109.63961191944857,107.30791127950347,109.62968766302619,22521500
2016-04-27,108.0421371459961,108.09175085346251,105.48222426850342,107.09953726404571,52213100
2016-04-28,115.82111358642578,119.84949896183464,115.32500671477483,118.64892124083815,87110100
2016-04-29,116.66448211669922,116.92245221383175,114.9380249251789,115.91039762741411,37140600
2016-05-02,117.64677429199219,117.8055321124402,115.662346956329,116.91253829739388,28095200
2016-05-03,116.51564025878906,117.23995949836275,116.10882905999,116.60493584682467,24117500
2016-05-04,117.1407470703125,117.37888380884888,115.66235077601723,115.70204023243997,23448400
2016-05-05,116.89268493652344,118.05358063292836,116.33704772798038,117.1208974014546,22056700
2016-05-06,118.55960083007812,118.70843438393241,116.1981351895513,116.24774889749906,26395600
2016-05-09,118.31155395507812,119.34345706339016,117.9742049463937,118.60922107920273,21138100
2016-05-10,119.5617446899414,119.5617446899414,118.07342421662264,118.6885994041239,23220000
2016-05-11,118.58936309814453,120.13722142201827,118.49014325468836,119.47244014387424,22038400
2016-05-12,119.34346008300781,119.89909732077705,117.97420793136665,119.04580052134128,22035500
2016-05-13,118.87712097167969,119.70066015945699,118.74813591587917,119.44268247786619,18124300
2016-05-16,117.74597930908203,118.67866246172466,116.43625773536552,118.45045001608219,31247800
2016-05-17,116.4362564086914,118.08333450459236,116.28742286496723,117.89481151120916,21328600
2016-05-18,116.73393249511719,117.34910008728376,115.8210977925552,115.89055244231558,21642300
2016-05-19,115.9004898071289,116.57519548374992,114.97773068425002,116.13862656592956,20544100
2016-05-20,116.4362564086914,117.07127246325868,116.03936948208974,116.04929373700162,18944800
2016-05-23,115.0670166015625,116.68432210337586,115.03725140367472,116.50572334605991,20441000
2016-05-24,116.78353881835938,116.81331158543729,115.21584706843093,115.33490785678629,20183600
2016-05-25,116.9720687866211,117.74599423693716,116.46603769603385,117.21019794748999,20019800
2016-05-26,118.53977966308594,118.82752256320694,117.00184530002308,117.31935340188241,18481300
2016-05-27,118.45045471191406,118.91679630672296,118.08334053131131,118.62905345950068,13493600
2016-05-31,117.88489532470703,119.16485177635766,117.20027308869969,118.52983567832791,23547600
2016-06-01,117.85513305664062,118.15280017185933,116.90260888592563,117.5773144530974,15029500
2016-06-02,118.00396728515625,118.50999835590939,117.2994965164552,117.76583813362093,13228300
2016-06-03,117.54754638671875,118.05357744224473,116.94229548520448,118.05357744224473,14135100
2016-06-06,117.86505889892578,118.500075021283,117.43840673203051,117.6963843973598,12744700
2016-06-07,116.84307098388672,118.37108077519133,116.75376782706302,118.31154281397929,17103000
2016-06-08,117.46817779541016,117.67654176127621,116.3568957408015,116.84308589781197,14505600
2016-06-09,117.63685607910156,117.75592445055452,116.79347593211546,117.2102038772159,13859200
2016-06-10,115.71195220947266,117.19034834687773,115.35475470956433,116.62478690035438,18510800
2016-06-13,113.062744140625,114.58083740742839,112.427728000389,114.10457151725663,31718200
2016-06-14,114.04502868652344,114.05494537170354,112.69561764313755,113.18180016656684,17618500
2016-06-15,113.70767211914062,114.54113544342162,113.18180014512447,114.40222615103957,19819400
2016-06-16,113.49932098388672,113.60846509306874,112.06061419192665,112.98337320683586,19236300
2016-06-17,112.13997650146484,113.53900129559295,111.68355915890936,113.52907704010575,24644300
2016-06-20,112.48726654052734,113.82675348159424,111.87209133967171,112.88414595270305,20785400
2016-06-21,113.48939514160156,114.31293429210635,113.08259147941776,113.231425041676,19166300
2016-06-22,113.02305603027344,113.84658757397614,112.72538891906295,113.75729198260645,14846300
2016-06-23,114.1839599609375,114.1938766480267,112.6559498802935,113.47948910810639,16176900
2016-06-24,111.2072982788086,112.79483847019287,110.13570581087842,110.1456300661339,40643100
2016-06-27,108.12151336669922,110.70126712116345,107.3872774483492,110.70126712116345,36130400
2016-06-28,111.82247924804688,111.87209296028233,109.68922588173609,109.7685972233273,26813800
2016-06-29,113.27111053466797,113.36040612690618,112.15982855466106,112.48726086617951,20968300
2016-06-30,113.39016723632812,114.28316097646149,112.78491634412602,113.7771299287211,23192700
2016-07-01,113.3008804321289,114.23355612637114,112.9238343959555,113.31079711835174,14980000
2016-07-05,113.310791015625,113.310791015625,112.09037251687094,113.05282092791431,14207000
2016-07-06,115.79132843017578,115.88063159391584,112.09037580271186,112.47733851561046,24337600
2016-07-07,114.94793701171875,116.05921890090947,114.4617544970678,115.72186236115985,16630200
2016-07-08,116.3271255493164,116.58510321645622,114.94794918920599,115.52343491975275,18142600
2016-07-11,116.95222473144531,117.77575630128037,116.58510295863472,116.79346691509825,17711600
2016-07-12,117.01174926757812,117.79559891406021,116.65455176867519,117.70629575433999,15217700
2016-07-13,115.8707046508789,117.47809343102075,115.77148480346032,117.46816917528216,16207700
2016-07-14,116.3767318725586,116.72400511205605,115.79132192312956,116.58509581625707,14579700
2016-07-15,115.95008850097656,117.35903007637006,115.67226988836256,116.82323379347616,16646000
2016-07-18,118.44054412841797,118.67867328080533,115.97985098711762,116.4065031522225,20868400
2016-07-19,119.67088317871094,119.90901232366542,117.73606968222626,118.0634944177928,21541300
2016-07-20,120.9706802368164,121.24849883348408,119.62126913586857,120.30589894193463,20046500
2016-07-21,119.67088317871094,121.14927932653741,119.31368567628468,120.97068057532428,17801700
2016-07-22,120.05784606933594,120.06777032497166,118.38100265638425,118.96641261906706,18422400
2016-07-25,120.68294525146484,120.9012334687872,116.86292415829227,120.44481609165388,18487400
2016-07-26,120.27613067626953,121.1195107003456,119.80978908519519,121.05005605295084,17612000
2016-07-27,122.37962341308594,124.02670164451995,120.5638782542019,121.46678870577966,52654200
2016-07-28,124.02669525146484,127.33076822976116,122.66735994631284,126.52707009693934,78955800
2016-07-29,122.97496032714844,124.86016017739414,122.74674786033498,123.6794310995015,35058800
2016-08-01,123.34207916259766,123.60998109327238,121.90337236597567,122.88566178180731,25006900
2016-08-02,122.1315689086914,123.82826083348193,121.11951436319174,123.09401731597396,23968400
2016-08-03,121.55609130859375,122.95510856031865,121.35764404488127,122.13156944838727,18525300
2016-08-04,123.39167785644531,123.8183299863425,121.55608430037175,121.98273643026894,21066000
2016-08-05,124.175537109375,124.86015936538449,123.64966509751655,124.0068626093429,20184000
2016-08-08,124.28467559814453,124.47319103143124,123.58020486220526,124.2747513427119,15233900
2016-08-09,124.08622741699219,125.10820618927846,123.56035543280517,124.36404600712956,19621000
2016-08-10,123.90763854980469,124.50297279898169,123.57028954059452,124.09616156671004,10670100
2016-08-11,123.92748260498047,124.40374090320584,123.7786490480391,124.22514214887404,11729500
2016-08-12,123.90763854980469,124.02670691363797,123.21309201908409,123.72903978904947,12159000
2016-08-15,122.93526458740234,123.94731911241733,122.73681732858348,123.93740242696806,19295100
2016-08-16,122.33995056152344,122.9551182023001,121.82399520539951,122.53839027080824,14222400
2016-08-17,123.401611328125,123.41152801398773,121.89344237817724,122.6971405624216,13794200
2016-08-18,122.94518280029297,123.29245602367195,122.67728090655167,123.04440263983146,12400800
2016-08-19,122.59790802001953,123.19324222642703,122.32008942769009,122.63759747177929,11688300
2016-08-22,123.1833267211914,123.85803230905657,122.15142361210414,122.36971182729425,14386400
2016-08-23,123.401611328125,124.11599877969114,123.28254296786938,123.5405206300953,13309500
2016-08-24,122.51854705810547,123.7191246880129,122.13157676318667,123.50083646984982,12243700
2016-08-25,122.92533874511719,123.4016045901454,122.14148911537649,122.1613376259966,10730800
2016-08-26,123.98702239990234,124.21523488051305,122.945202562305,123.08411187398464,17504800
2016-08-29,125.55471801757812,125.74324103623479,123.38176766986851,123.38176766986851,15925900
2016-08-30,124.86016845703125,125.61425298912741,124.17554615117125,125.61425298912741,17804300
2016-08-31,125.13797760009766,125.23719744264518,124.12591552414214,124.62202230686853,14200600
2016-09-01,125.18759155273438,125.6440089129414,124.6220300879138,125.39595550609046,13536100
2016-09-02,125.52494049072266,125.87221372520244,125.01890945191568,125.86228946993481,12118800
2016-09-06,128.71987915039062,128.92825068912504,125.48526793655721,125.68370764869786,26278400
2016-09-07,130.02960205078125,130.9523534794418,128.9381609781925,129.02745657322828,27990800
2016-09-08,129.2556915283203,130.05938225633557,128.79926653439603,129.9006244201897,15676600
2016-09-09,126.11035919189453,128.93816671024743,126.11035919189453,128.7000451128995,27100700
2016-09-12,127.68799591064453,127.75744300361845,124.7708849261569,124.97924891505022,21252800
2016-09-13,126.21949768066406,127.35062820760075,125.67378471441162,127.03311257197683,18016200
2016-09-14,126.77513122558594,127.79711761562889,125.90198596291623,125.90198596291623,15691100
2016-09-15,127.35063171386719,128.09479197287308,126.67591853957931,126.98350992756136,15077200
2016-09-16,128.0650177001953,128.17414666273757,127.2017815657236,127.2017815657236,24119200
2016-09-19,127.6482925415039,128.92825675398356,127.26132978563383,128.89849155276127,14958800
2016-09-20,127.63835144042969,128.16422341474453,127.03310056471183,127.64826812561354,11083800
2016-09-21,128.92825317382812,128.99770026142494,127.39031888013477,128.12456248318304,14068300
2016-09-22,129.06715393066406,129.71208674978027,128.5511985913838,129.4838818485516,15538300
2016-09-23,126.96366882324219,127.59869257903856,126.30881169350008,126.56678181461574,28326300
2016-09-26,126.31871032714844,127.16209793868995,125.81268684421029,126.37824829042684,15064900
2016-09-27,127.68799591064453,128.00549645277582,126.43780440729404,126.61640319348696,15637100
2016-09-28,128.22377014160156,128.46190687614944,127.40023096710026,128.20393676870705,12047600
2016-09-29,127.09264373779297,128.28329709863056,126.55685502440868,128.17415299072167,14532200
2016-09-30,127.271240234375,127.58874070740757,126.4576178310194,127.03310352461727,18402900
2016-10-03,127.76734924316406,128.08484972170945,126.80490084198485,127.38038654557495,13156900
2016-10-04,127.19187927246094,128.27338859437376,126.55686309684442,128.1642444795031,14307500
2016-10-05,127.46968078613281,127.79711308677642,126.83466469578768,127.25139258570375,12386800
2016-10-06,127.73759460449219,128.05509510928036,127.08272994214381,127.42999564613153,11682700
2016-10-07,127.98566436767578,128.2436345070065,127.33079962170409,128.03526294602236,12804400
2016-10-10,129.22589111328125,129.68230084285614,128.19398059950282,128.67023883818248,15138700
2016-10-11,127.87650299072266,129.62279360439624,127.23155501943803,129.21598236496766,17537900
2016-10-12,128.04518127441406,128.65043223824892,127.45977882381399,128.00548424794448,11073000
2016-10-13,126.82474517822266,127.25139733954859,125.76307690282871,127.2117154561599,17139300
2016-10-14,126.88428497314453,127.94595332718905,126.58662540574284,127.48954350450441,13345300
2016-10-17,126.54692840576172,127.46968739268037,126.32864019401913,127.20178547100018,11351700
2016-10-18,127.56892395019531,128.3825313195313,127.0132715550633,127.6780529239048,13504000
2016-10-19,129.096923828125,129.45412136217018,127.59868660642464,127.73759591744334,16752300
2016-10-20,128.98776245117188,129.64262703259547,128.4916556725135,129.0572246673732,13167500
2016-10-21,131.0416717529297,131.10120215304482,128.6901149685241,128.76949388200418,19088800
2016-10-24,132.24221801757812,132.37121062122236,131.12101188430623,131.68658086338294,17470200
2016-10-25,131.25994873046875,132.4605340149672,131.19050164160262,132.4605340149672,13336800
2016-10-26,130.01968383789062,131.23018583060133,129.92047154634506,130.61501814708555,13084700
2016-10-27,128.68017578125,130.7737469457756,128.26344791333202,130.71421655606977,16741400
2016-10-28,130.26771545410156,131.93464215661328,128.91830436729794,129.48387338028624,24545500
2016-10-31,129.97006225585938,131.0912533057404,129.8609181564928,130.98210920637382,15669000
2016-11-01,128.4916534423828,130.91265690261247,127.64826587731068,130.38678493755995,22077800
2016-11-02,126.17980194091797,129.21597314043396,125.29673244079744,129.21597314043396,39640900
2016-11-03,119.06563568115234,122.32009517857223,118.5695288658142,121.05006294250488,63766300
2016-11-04,119.8097915649414,120.980603909535,118.32147117283033,118.65882016144747,30545500
2016-11-07,121.19889068603516,122.25063466169324,120.40511679158337,121.87359622532252,23008900
2016-11-08,123.2527847290039,123.63974745919562,120.59365175974385,121.07983434408915,19460800
2016-11-09,122.22087860107422,122.84597047993641,119.57166995305278,120.55395935411892,31916000
2016-11-10,119.85940551757812,123.21308474945816,114.37245796865996,122.96503135026614,67846700
2016-11-11,118.09326171875,119.76018090310927,117.23004071416393,118.59929278453474,32840100
2016-11-14,114.1839599609375,118.20242109919859,112.66587413737285,118.20242109919859,51377000
2016-11-15,116.28742980957031,117.56738625005482,114.92810203501627,115.82109578070185,34681400
2016-11-16,115.43413543701172,116.96214540651357,113.32072303224069,113.58862496396593,32397900
2016-11-17,116.87285614013672,116.87285614013672,115.10671691231234,115.90048335414879,18597800
2016-11-18,116.10882568359375,118.20239686875496,115.93022694272729,117.4681609651878,22879300
2016-11-21,120.82185363769531,121.00045239868926,116.88277177964397,117.27965118630657,35415400
2016-11-22,120.5241928100586,122.0224375353548,119.95863133454789,121.44695180378548,26089200
2016-11-23,119.89909362792969,120.36543525383269,119.0061074004441,120.28606391515999,15672100
2016-11-25,119.44268798828125,120.19677255464907,119.13510414949535,120.06778749289792,8658600
2016-11-28,119.47244262695312,120.74247481756122,118.88703266941376,119.18469977595771,18101300
2016-11-29,119.92887115478516,121.14928975143435,119.46252951037835,119.63120402048601,18891000
2016-11-30,117.49791717529297,120.84167929082258,117.03157563369223,119.38312428028003,30188900
2016-12-01,114.20378875732422,117.527702946271,113.11235526438504,117.45824829408367,43277000
2016-12-02,114.50146484375,115.57305747853833,113.41003126535,114.21372195644629,25070400
2016-12-05,116.51564025878906,116.65454955350366,114.17401561933033,115.04716083896338,20201500
2016-12-06,116.39657592773438,116.88276604602834,115.42421083112458,116.7736219435533,19131200
2016-12-07,117.03160095214844,117.03160095214844,115.66234879398228,116.08900098072813,21913700
2016-12-08,117.98411560058594,118.56951795522222,116.72400016638706,117.06135670616834,22442800
2016-12-09,118.74811553955078,119.00609317687446,118.0237963320611,118.29169822427873,17464700
2016-12-12,116.85299682617188,118.31155208535132,116.73393603439514,118.29171114338497,17805500
2016-12-13,119.37322235107422,120.57379996462628,116.69424851190706,116.94230192553326,29768000
2016-12-14,119.27400970458984,120.74248933275852,117.92459844735049,119.06564573295596,25913100
2016-12-15,119.6312026977539,121.54617539659785,118.69851941925272,119.1450201157646,20139600
2016-12-16,118.93665313720703,120.55395866404703,118.34131889028194,119.95863198711135,25324300
2016-12-19,118.31155395507812,119.42283597248864,117.58724222702537,118.91680488947257,15918100
2016-12-20,118.16271209716797,118.8374176371572,117.87497681936847,118.56952330024464,13684400
2016-12-21,118.11310577392578,118.2718560107379,117.55746859009997,117.99403741882502,10767600
2016-12-22,116.48587799072266,118.06349397891663,116.01953638817807,117.93450893629347,16258600
2016-12-23,116.35688018798828,116.64462302714881,115.39443939905794,116.08898585910842,10890000
2016-12-27,117.09113311767578,117.75591443594074,115.95008592409322,116.04930577353751,12051500
2016-12-28,116.00961303710938,117.32925895034616,115.7417186941913,117.26972855636194,12087400
2016-12-29,115.44405364990234,116.61486602913854,115.15631079051498,116.08899401956442,9934900
2016-12-30,114.15418243408203,115.92032150400354,113.876356255789,115.69210903576017,18684100
2017-01-03,115.95008850097656,116.92245364512553,114.61060157873656,115.12654934930691,20663900
2017-01-04,117.76583862304688,118.72828705907143,116.37673802167089,116.63471568606668,19630900
2017-01-05,119.73041534423828,120.00823394579456,117.39871485833196,117.93451111990012,19492200
2017-01-06,122.44908905029297,122.91542310269915,119.09540209944325,120.03800960023972,28545300
2017-01-09,123.92748260498047,124.4533546121827,122.08196466688152,122.58799573248649,22880400
2017-01-10,123.38176727294922,124.5228144974818,123.31231261945538,123.84810890497475,17324600
2017-01-11,125.10820007324219,125.13797283786329,123.09400782322312,123.38175065465276,18356500
2017-01-12,125.63410186767578,125.74324598066458,123.82827323002905,124.63196390750129,18653900
2017-01-13,127.34068298339844,128.26344945486045,126.37824220163657,126.49730298247918,24884300
2017-01-17,126.8743667602539,127.34070083390552,126.40802511661263,127.04303370009501,15294500
2017-01-18,126.92396545410156,127.42998895389817,125.85237291925715,127.41015558212624,13145900
2017-01-19,126.55684661865234,127.35062051981551,126.45761920351524,127.2315445936554,12195500
2017-01-20,126.05082702636719,127.4796095803633,125.79284934953873,127.10257867651876,19097200
2017-01-23,127.92608642578125,128.2436020306866,125.96150782535588,126.3187053108857,16593600
2017-01-24,128.3626708984375,128.88854290470783,127.38038910633698,128.37260272420227,15162700
2017-01-25,130.45623779296875,130.71422301441004,128.7595610426143,128.98776592775425,18731300
2017-01-26,131.7461395263672,132.10333707928922,130.4165767449275,130.6050997784114,20020100
2017-01-27,131.1508026123047,131.91481141805383,130.05937660121438,131.6469094737039,19539500
2017-01-30,129.9601287841797,130.55546298045184,128.5908843567178,130.55546298045184,18956100
2017-01-31,129.30531311035156,129.64266217769733,128.51153902131685,129.15647195241797,19790500
2017-02-01,132.19264221191406,132.45062749316529,129.66249395799025,131.22027691330138,50139800
2017-02-02,129.82122802734375,134.43503050190992,129.38465160669884,132.18270131720746,54366400
2017-02-03,129.9601287841797,131.8155784499073,129.74184058821174,130.21811400122047,24804900
2017-02-06,131.03170776367188,131.03170776367188,129.28541751568764,129.96011540468973,17058500
2017-02-07,130.81344604492188,131.96441753066398,130.63485485229586,131.2103405951669,14596400
2017-02-08,133.15505981445312,133.393196524772,131.40876935871464,131.5675271655939,22390600
2017-02-09,133.09556579589844,133.45276338900734,132.27202648012013,133.4428467008589,16470600
2017-02-10,133.14515686035156,133.88931712436874,132.6391181912331,133.05586126226453,15061900
2017-02-13,133.00625610351562,133.6511889844805,132.65897523531586,133.6511889844805,13526200
2017-02-14,132.80780029296875,133.1848311767901,131.51791954731843,133.05585370021,14364900
2017-02-15,132.40097045898438,132.65894051585843,131.6270451483859,132.4108871434877,13226500
2017-02-16,132.79786682128906,132.82763201859083,131.98425952840978,132.03387323723885,12831100
2017-02-17,132.4902801513672,133.0459173422639,132.13308265150818,132.46051495471045,12276500
2017-02-21,132.67880249023438,132.86732549476525,131.86518007909638,132.46051428919625,14759100
2017-02-22,135.06011962890625,135.72490096959757,132.4208427786929,132.55975208659888,27360100
2017-02-23,134.3060302734375,135.0601071409205,133.28405150119988,134.83190225759947,18422500
2017-02-24,134.3854217529297,134.56401294616128,133.11538946779692,133.11538946779692,12625700
2017-02-27,135.3478546142578,136.11184815050302,133.96867837898657,134.206799942501,14306700
2017-02-28,134.48463439941406,135.74475000165586,133.70079226036896,135.72490148902787,16112100
2017-03-01,136.34999084472656,136.40952123822072,135.23871645956095,135.40739095445372,16257000
2017-03-02,135.69512939453125,136.74688855065958,135.2486362929553,136.02256170634786,12294800
2017-03-03,136.10189819335938,136.2606559568767,135.02038931684828,135.5661096664555,11160600
2017-03-06,136.34999084472656,136.75680205357398,135.44707283679048,135.81420216330113,12748200
2017-03-07,136.23094177246094,137.29260254101604,135.92335795297282,135.9630398387219,13527100
2017-03-08,136.64764404296875,136.91554592640102,135.98286281665463,136.08207508238687,10184500
2017-03-09,137.1636199951172,137.49105231538513,136.33014902535393,136.64766465954543,15535300
2017-03-10,137.70932006835938,138.40388170632335,137.1437661842774,137.8283959965699,16314100
2017-03-13,138.5130157470703,138.59237950680802,137.590249285366,137.62994630521194,10955500
2017-03-14,138.23521423339844,138.37412354005357,137.4414402782352,138.37412354005357,12944000
2017-03-15,138.63209533691406,139.00914137672436,137.4116767606585,138.2054355855531,19344800
2017-03-16,138.89999389648438,139.1579639943168,138.64200865867323,139.1083502839701,13612900
2017-03-17,138.7511444091797,139.24725120281087,138.61223511256208,139.24725120281087,20592800
2017-03-20,138.85037231445312,139.0984257121451,138.16574251442682,138.6221674277703,12099500
2017-03-21,137.4315185546875,141.20193376389284,137.3223744385796,140.0509622012969,29894800
2017-03-22,138.5030975341797,138.70153723298068,136.52860209213853,136.85601926817202,17055400
2017-03-23,138.44358825683594,139.29689271782476,138.00701176889083,138.39397453957292,13022800
2017-03-24,139.24725341796875,139.92196654082906,138.67176771140433,138.98928333156874,16664700
2017-03-27,139.22743225097656,139.5548494455017,137.68949800344768,137.9673166254553,12800500
2017-03-28,140.65618896484375,140.8447119638407,138.9198152329965,139.26709603535693,14679400
2017-03-29,141.53927612304688,141.74764765850807,140.3287742160306,140.88442659726738,16527600
2017-03-30,141.30111694335938,141.83690552920564,140.7454798498965,141.2911851195634,12404000
2017-03-31,140.94395446777344,141.51944021160415,140.78519664741066,141.20192457087862,11478300
2017-04-03,141.1721649169922,141.36068794358036,139.72354138422563,140.8248840638056,13564000
2017-04-04,140.62643432617188,140.98363184056612,140.17002453221056,140.75542694358546,12948600
2017-04-05,140.7455291748047,142.32314543376424,140.1898767466356,141.15232531366942,17158100
2017-04-06,140.07080078125,141.11262815385123,139.8128306796449,141.00348404548387,15103400
2017-04-07,139.68385314941406,140.4478619905242,139.14806437589593,140.10058111547943,11818300
2017-04-10,139.94178771972656,140.32875038560164,139.53499168430275,139.90210584065233,9039400
2017-04-11,138.8305206298828,139.93187829605807,137.72916296370755,139.70367341459186,16638100
2017-04-12,138.49319458007812,139.30680196782646,138.35428526314644,138.63210389700978,11612500
2017-04-13,138.3046417236328,139.48537823292045,138.24511133492533,138.5328465936704,10965600
2017-04-17,140.31884765625,140.44784027102958,138.66185273552802,138.67176942128867,11519700
2017-04-18,139.86244201660156,140.805041951058,139.5151611849698,140.17002582405777,14807500
2017-04-19,141.16220092773438,141.92619432476795,140.16998755394832,140.24936644064815,15563900
2017-04-20,142.6802978515625,143.12679087830034,141.5789403109554,141.83691035885428,15968200
2017-04-21,142.56124877929688,143.04743891414617,141.16223905081466,142.77953699167992,12382000
2017-04-24,144.3373260498047,144.5357657589211,143.216119740327,143.83130252056097,14407200
2017-04-25,145.34938049316406,146.0042299843108,144.65481883834596,144.65481883834596,17767500
2017-04-26,145.4188232421875,146.44080204214183,144.9524816375507,145.94469524061145,12395000
2017-04-27,146.54995727539062,146.59957098730771,145.00210635944416,145.52797839781113,11275100
2017-04-28,149.08010864257812,150.35014096923334,147.90930374205954,148.33594836649203,30652200
2017-05-01,151.2729034423828,151.3820475521528,150.24099274274286,150.55850838570257,25218300
2017-05-02,151.59039306640625,152.24525767802965,150.47911867575667,152.14603026173106,21870400
2017-05-03,150.61802673339844,152.40401423220908,150.1616018181554,152.40401423220908,29782500
2017-05-04,149.67543029785156,150.34021160496565,147.56201044719066,149.00071716497357,36225500
2017-05-05,149.0701904296875,150.44936685498035,148.6236821566238,150.27076051775902,17148500
2017-05-08,149.88380432128906,149.90365283517482,148.5740900644503,149.53653859817868,15827500
2017-05-09,149.30831909179688,151.4018906850914,149.04043228325662,150.31046465701084,17453900
2017-05-10,149.11976623535156,149.3479862502897,147.70090814062277,149.06023584535976,12080700
2017-05-11,148.87171936035156,149.47697025169705,148.24663509812626,149.13962126700685,11841900
2017-05-12,149.1594696044922,149.28846221494993,148.4649231250615,149.22891668244637,9598200
2017-05-15,149.02056884765625,150.30051778023696,148.60384093611884,149.0007203356844,15064700
2017-05-16,148.61373901367188,149.04039869776096,147.86957887768142,148.94117129030488,14550800
2017-05-17,143.72215270996094,147.5124009657061,143.29549296930034,146.84761963954074,28300100
2017-05-18,146.51028442382812,146.9964594666478,143.3848020600809,143.59317360698944,23031600
2017-05-19,146.9071502685547,148.22679623690533,146.8079379877635,147.29411298559143,16187900
2017-05-22,147.08575439453125,147.43302008206632,146.54003386842925,146.92699657966912,12586700
2017-05-23,146.91708374023438,147.65131215823249,146.10346127274804,147.36357685874273,12817800
2017-05-24,148.87171936035156,149.06024236355427,147.26433820037542,147.35363378926792,17862400
2017-05-25,150.7767791748047,151.40186342215313,148.7824202304708,149.12970103231345,19891400
2017-05-26,150.94546508789062,151.06452587925847,149.97308482512463,151.04467736737098,14996200
2017-05-30,151.19351196289062,151.70945212984122,150.45926845456844,150.78670075665897,13226000
2017-05-31,150.2806854248047,152.1559686093975,149.9135560807456,151.51102065576754,18023900
2017-06-01,150.35012817382812,151.10420507236105,149.12970966410379,150.56841638076787,14530600
2017-06-02,152.41390991210938,152.43375842046564,150.1218992461777,150.66761967615568,16854400
2017-06-05,152.43377685546875,153.5053693366645,152.21548865707828,152.44369354085825,12520400
2017-06-06,151.62017822265625,153.3168703688561,151.29274587374118,152.21551251886183,13457100
2017-06-07,151.927734375,152.55283375811868,151.15380901493748,152.07657549192112,12066700
2017-06-08,153.50538635253906,153.52521972551656,151.9079217090469,152.88028688422233,17799400
2017-06-09,148.4351348876953,154.37848363194738,145.4684112875261,153.56487649375867,35577700
2017-06-12,147.2841796875,148.03825652437234,143.4343863235171,147.0162777936205,33170200
2017-06-13,149.50674438476562,150.0028512060158,147.74060531231325,148.98087236543873,20483400
2017-06-14,149.08010864257812,151.21336204469972,147.8894552288363,150.08223903064805,20808800
2017-06-15,148.63360595703125,148.87172754049547,145.2303053068953,146.52018606391468,18994200
2017-06-16,149.46707153320312,149.65559455906757,147.44296224177268,148.4252441176226,22882400
2017-06-19,151.6796875,152.3742491288356,150.5287312355979,150.5287312355979,19026500
2017-06-20,151.0645294189453,152.6421455014497,151.02484753421905,151.68962886823076,14743900
2017-06-21,152.71160888671875,152.88028339305185,150.69741635700458,151.17367467723804,15039800
2017-06-22,152.20559692382812,153.34665192324604,151.71942183205974,151.81863413202106,13005500
2017-06-23,153.86256408691406,153.99154155458854,151.46139394743332,151.5308561638543,18027000
2017-06-26,152.3940887451172,155.28143405995465,152.00712603261167,155.0333806509132,18049700
2017-06-27,149.40753173828125,152.11627073647367,149.2190087242717,151.6499291144433,19360800
2017-06-28,152.04684448242188,152.27504941170395,148.69315707479683,149.7449012549446,16719100
2017-06-29,149.86395263671875,151.31259132012877,147.7604644087341,151.094303091944,23973500
2017-06-30,149.80442810058594,150.7371114502539,148.89159326516076,150.71726293601108,17666000
2017-07-03,147.27426147460938,150.96529738040775,146.6491771844189,150.5386527877377,13862700
2017-07-05,149.1693878173828,149.67542643898943,146.9766042570139,147.83982523743282,14334300
2017-07-06,147.66123962402344,148.87172632335327,146.84761718056308,147.86959600785116,14951800
2017-07-07,150.26083374023438,150.8065542617906,148.02835308475937,148.08788347984216,13615900
2017-07-10,152.30479431152344,152.78105262131658,150.3302837101218,150.5088900387809,13378700
2017-07-11,154.06100463867188,154.2098306175873,151.71938001721156,152.17578977920388,13667700
2017-07-12,157.66275024414062,157.92073549469688,154.9837762928391,155.2715267430781,22739400
2017-07-13,158.0199432373047,158.5358985836042,157.18648739019096,157.50400303098422,13929200
2017-07-14,158.72442626953125,159.071707119362,158.0894101092535,158.88318409459555,16371200
2017-07-17,158.48626708984375,159.52809435183087,157.57343243495308,159.00222237825233,12858800
2017-07-18,161.5919189453125,162.45513999365164,158.17870149719673,158.41683822845334,23722900
2017-07-19,162.86195373535156,164.4098046623632,161.8995052492006,162.3162331803207,26273600
2017-07-20,163.24893188476562,163.71527357220006,161.54232297329938,163.5168338443511,18523100
2017-07-21,163.14967346191406,163.76485618337188,162.47497548738482,162.88178669319223,14744000
2017-07-24,164.7074737548828,164.87614826662943,163.0306301840177,163.35806252093036,17367000
2017-07-25,163.99305725097656,164.25102732817518,162.5841158017024,163.72515534851576,15383200
2017-07-26,164.3205108642578,164.71739028682083,162.822273633106,164.71739028682083,35236900
2017-07-27,169.11289978027344,174.12358182526808,166.19578917768342,173.33972455016118,68910700
2017-07-28,171.1072235107422,172.07958854964633,167.73370349986322,167.75355201003845,24557600
2017-07-31,167.9321746826172,171.37515755495994,167.23762809597315,170.66076245441747,25478900
2017-08-01,168.53738403320312,169.14263486776036,167.73369352862207,168.4977021551889,14385000
2017-08-02,167.98178100585938,169.22204812028542,165.61039088867597,168.9739946974002,17433800
2017-08-03,167.27728271484375,168.37864038697566,166.93993373346436,167.98176101358553,10793800
2017-08-04,168.29925537109375,168.73583174995153,167.37650404848924,167.65432262776653,10777700
2017-08-07,170.64089965820312,170.72027856717287,168.33897185799546,168.62670715552937,12787800
2017-08-08,169.896728515625,171.70256451384145,169.29147762105526,170.5416764321214,14393500
2017-08-09,169.8471221923828,170.1150241121124,168.23974095396233,168.6564688624425,10815000
2017-08-10,166.09654235839844,169.2617060080463,165.55083701740585,168.73583403728733,20832700
2017-08-11,166.77125549316406,167.5054989714028,165.55083706444998,166.64226288672253,13791200
2017-08-14,169.4204864501953,169.74791878253347,167.97184781075796,168.76562178551902,12954200
2017-08-15,169.66851806640625,170.16462484437818,168.68622119562994,170.1547081592106,8729200
2017-08-16,168.6763153076172,170.04557494726032,167.92223840722238,169.91658233193792,15779900
2017-08-17,165.61038208007812,168.537409286443,165.55085168414874,168.0214539550905,17216000
2017-08-18,166.10650634765625,167.35669021343156,164.91585288406355,165.5409372469611,15093600
2017-08-21,166.47360229492188,166.69189050559177,164.52887205074464,165.85843468665865,11907500
2017-08-22,168.31912231445312,168.54732721385616,165.84850488533564,166.96971115019286,11391000
2017-08-23,167.39637756347656,168.04131040314144,166.89033889422078,167.52535504742195,9856500
2017-08-24,166.4339141845703,167.9718331476921,165.11426828397387,167.5650370793704,14030400
2017-08-25,165.0249786376953,167.06893629841107,164.88605419475488,166.5529809702761,12614500
2017-08-28,165.9378204345703,166.3942302466192,165.0349023568495,165.61038810506784,8553700
2017-08-29,166.7415313720703,167.1185623191965,163.71527626761218,163.9633297165025,11121000
2017-08-30,168.596923828125,168.85489389955336,166.32476147060672,166.8605501235663,11138300
2017-08-31,170.63096618652344,170.80955735915265,168.73583466374546,169.07318363869663,17226500
2017-09-01,170.6805877685547,171.5735739528636,169.97610945072762,171.05761864149633,11677600
2017-09-05,169.39071655273438,171.04771154135142,168.22982839208575,169.9364370914954,13210900
2017-09-06,170.75006103515625,171.13702379303436,168.24969327962708,169.57925607438978,13906300
2017-09-07,171.861328125,171.96054040321113,168.94421765397794,170.60121258588958,18049500
2017-09-08,169.618896484375,172.13912727783313,169.47007051388508,171.7422327898989,10998500
2017-09-11,172.15896606445312,172.5360120548607,170.85916874801916,171.0576084282421,12372000
2017-09-12,171.61325073242188,172.64514609345989,170.41266575604448,172.40700940707748,11186300
2017-09-13,171.70257568359375,171.82163647716328,170.7202787167088,171.6628786590847,9119300
2017-09-14,169.6288604736328,170.93857468221861,169.17243551095655,170.91872616906412,15615700
2017-09-15,170.30355834960938,170.99810490952214,168.9342986029388,169.54948139027258,15660500
2017-09-18,168.68624877929688,170.73022175635384,168.02146740490633,170.65084284210096,12954000
2017-09-19,171.1767120361328,171.21639392260508,169.03352680712044,169.29149691913912,13168600
2017-09-20,170.8294219970703,171.70257485229624,169.37086672299006,171.15685431778004,12264100
2017-09-21,169.77769470214844,170.92866628122903,168.68625352543748,170.35318049168873,11161400
2017-09-22,169.21209716796875,170.392833749842,167.90238311595937,168.8846800099497,12097100
2017-09-25,161.60183715820312,167.9817789910787,160.30203966027116,167.92224859269697,41251600
2017-09-26,162.93141174316406,164.21136070276103,161.51253833681037,163.2191470429256,23363300
2017-09-27,166.37435913085938,167.02922370089658,164.2808030957009,164.60822024074238,19242500
2017-09-28,167.41622924804688,167.75359344444405,165.85846146401857,166.63238701225853,12178700
2017-09-29,169.53953552246094,170.32339275657026,167.49557789829257,167.51542640978323,15340400
2017-10-02,168.15045166015625,170.5317584092481,167.43605660743287,170.05550008742557,13392300
2017-10-03,168.6366424560547,169.40063608316885,167.88255037529487,167.98177779854615,8190300
2017-10-04,167.10862731933594,169.34110811470646,166.97963469525448,168.50765225136317,12127900
2017-10-05,169.9066619873047,169.9761090663824,167.2872186939465,167.862689257658,14580600
2017-10-06,170.8889617919922,171.02787110478334,168.4282760482721,168.92438289966614,13124500
2017-10-09,171.15684509277344,173.51831829304928,170.6607382954031,171.35528478372598,14570400
2017-10-10,170.25392150878906,171.85138594957223,169.47007945622047,171.6529462651225,11341100
2017-10-11,171.3949737548828,171.43465563521815,170.06539609400193,170.6111165734705,11283700
2017-10-12,171.20648193359375,172.49636280903846,170.9484966745168,171.26601233492536,10351000
2017-10-13,172.38720703125,173.29010995699778,171.8514031755528,172.09945659097363,13658300
2017-10-16,173.16111755371094,173.63737583108244,172.70469264707907,173.13135235762383,11498800
2017-10-17,174.73875427246094,174.75860278553705,173.00238030779676,173.34966115672137,15990100
2017-10-18,174.6593475341797,175.3638258063429,174.38152895529262,175.27451508171865,12752400
2017-10-19,173.20079040527344,174.65934549741036,171.28582557027738,173.56790456452666,14048400
2017-10-20,173.6175537109375,174.5105551492238,173.27028799047613,174.1335090881709,12602200
2017-10-23,169.9364471435547,173.9747490893017,169.91659863006777,173.83583977485296,13852700
2017-10-24,170.46229553222656,171.89108550529875,170.16462843117358,170.95840232065564,12267900
2017-10-25,169.27162170410156,170.90876785103845,167.5749300322058,170.56148708533627,15868200
2017-10-26,169.30140686035156,170.94846988567946,169.06327015236286,170.0455670403414,11833100
2017-10-27,176.4949493408203,176.8223816258191,172.54592855081827,172.79398193581943,30285300
2017-10-30,178.469482421875,179.2831049643125,176.22708479658732,177.8642314285921,24353200
2017-10-31,178.65798950195312,179.39223306199798,177.5467150456508,179.16402815900284,20174200
2017-11-01,181.23773193359375,181.4758534976598,179.1640092333057,180.94006483853377,40918300
2017-11-02,177.52685546875,180.52334477949736,175.95915616418623,179.22354738608752,35529900
2017-11-03,177.52685546875,178.4595386750075,175.33407189146445,177.89396965590234,17822100
2017-11-06,178.76715087890625,179.04496951981858,176.9216326842855,177.16968612367012,13312700
2017-11-07,178.8465118408203,179.34261866978235,177.56656288368893,179.09456525530132,12928200
2017-11-08,178.161865234375,178.94572242878405,177.71537215830753,178.3900701150357,10494100
2017-11-09,177.90391540527344,178.00312768903675,175.71111651638876,176.92161841414747,12610300
2017-11-10,177.07046508789062,177.70548125575795,176.57435823361993,176.96132097435188,11070200
2017-11-13,177.37802124023438,177.6459079989589,175.9194661050471,176.11790578779843,9523400
2017-11-14,176.68350219726562,177.57648847820343,175.80041746303246,176.74303259733085,9585900
2017-11-15,176.5644073486328,177.179590076712,175.02647323840188,175.28445846436279,10253700
2017-11-16,178.19161987304688,178.42975656483048,177.11011078531914,177.3680808464356,15607600
2017-11-17,177.6062774658203,178.57864279040479,177.5070500257685,177.903944645994,13018000
2017-11-20,177.3482666015625,178.10234349689537,176.71325049497216,177.47724407604082,10052400
2017-11-21,180.4439697265625,180.4737349239952,177.5963214789924,177.75506415197404,14504000
2017-11-22,179.461669921875,180.31497422791827,179.03502533884242,179.8883296448857,10376300
2017-11-24,181.3568115234375,181.72392573276295,178.88619406019225,178.99533816836723,9426300
2017-11-27,181.60484313964844,182.29938959012975,180.57294771893012,181.1385015643302,12344500
2017-11-28,180.99961853027344,182.8153713899124,180.67218619755369,182.08112781290637,14379700
2017-11-29,173.76637268066406,180.55311007372015,172.64516646743317,180.4737311688918,41933500
2017-11-30,175.80039978027344,176.8918408049531,173.83582107582822,175.4729826128477,25307600
2017-12-01,173.73658752441406,176.09804532685925,170.99806861236866,174.6593387995763,20182500
2017-12-04,170.13487243652344,175.19516800816865,169.4601592949808,174.91733426284273,24459400
2017-12-05,171.48428344726562,174.01443123113526,167.6940201144138,169.12281016365682,20184900
2017-12-06,174.6891326904297,175.3936110430922,170.5615202753435,171.15685452097316,20255800
2017-12-07,178.73736572265625,178.98541913434752,174.43116212929084,174.43116212929084,20404500
2017-12-08,177.6062774658203,180.86073765176081,177.34830731766002,180.11657727131745,19883800
2017-12-11,177.64590454101562,178.8167243844196,177.40778298234005,177.9038897495502,13168600
2017-12-12,175.58216857910156,177.78486938504298,175.2249709894929,177.209398678434,16854100
2017-12-13,176.91168212890625,177.76498640263088,175.8698548549435,175.9194685613184,14615700
2017-12-14,177.00100708007812,178.95566934369418,176.2965286686308,176.90177965086696,13591000
2017-12-15,178.77700805664062,179.08460693667075,176.9711874918134,177.62605198739953,28463100
2017-12-18,179.41209411621094,179.88835246792203,178.35041815679372,179.6006020075278,17265400
2017-12-19,178.11227416992188,178.67784324081975,176.83232517049,178.54885061623332,14920600
2017-12-20,176.50491333007812,178.40996202065293,175.97904122413732,178.40996202065293,11860500
2017-12-21,176.0682830810547,177.28870145056302,175.67140373584147,176.55447314792093,11600700
2017-12-22,175.8202362060547,176.14766849095147,174.85778786135185,175.7607058160693,8509500
2017-12-26,174.6196746826172,175.6218049554171,173.3099454801671,175.25469077290208,8897300
2017-12-27,176.23696899414062,177.05059138658558,174.88755793689785,175.17530834982693,9496100
2017-12-28,176.53463745117188,177.54669953688838,176.29650074277458,176.56440264722434,12220800
2017-12-29,175.0860137939453,177.45740362836847,175.0860137939453,176.61401603513102,10261500
2018-01-02,180.00741577148438,180.16617360425352,176.16755342375987,176.2965309154021,18151900
2018-01-03,183.2321014404297,183.34124555259893,179.91811132907898,180.46383188992525,16886600
2018-01-04,182.8947296142578,184.76009597513172,182.66652473180332,183.46028347772807,13880900
2018-01-05,185.39512634277344,185.4447249132327,183.49006281380875,184.1449274556417,13574500
2018-01-08,186.81399536132812,187.42916301427718,184.87918166255315,185.7424027420113,17994700
2018-01-09,186.40716552734375,187.32993205476637,185.64317195063535,187.23070463806178,12393100
2018-01-10,186.37738037109375,186.4269940741329,184.18459701254298,185.4843942762953,10529900
2018-01-11,186.30795288085938,186.93303715692767,185.9209901804445,186.93303715692767,9588600
2018-01-12,177.97335815429688,180.06692956843747,176.01869604602433,176.67356069082177,77551300
2018-01-16,177.00100708007812,180.33484582584146,176.653726217819,180.0867923927935,36183800
2018-01-17,176.21713256835938,177.92374108587103,174.43114515003586,177.8641955552792,27992400
2018-01-18,178.40000915527344,179.5708139416445,175.70118693925764,176.7430142522012,23304900
2018-01-19,179.87838745117188,180.94997989978438,178.76711312223028,179.44182620764286,26826500
2018-01-22,183.92665100097656,183.94649951441653,179.00527946644502,179.3922422086359,21059500
2018-01-23,187.8756561279297,188.0740958251222,184.105241321358,184.60134813432853,25678800
2018-01-24,185.09744262695312,189.17544096373268,185.06767743135438,188.4114322834176,24334500
2018-01-25,186.0201873779297,187.1513101905273,185.14704977134807,186.4865289457528,17377700
2018-01-26,188.5205841064453,188.5205841064453,185.35542029826166,186.28810350518478,17759200
2018-01-29,184.53189086914062,187.36962252114174,184.1846251747221,187.28032692600374,20453200
2018-01-30,185.66302490234375,186.71476901442736,180.4241377153758,186.15913175823073,20858600
2018-01-31,185.43479919433594,188.3519096022416,183.77780429827604,186.9032710839018,43275100
2018-02-01,191.5865020751953,193.79914909245574,186.42699487642741,186.75442714992306,54211300
2018-02-02,188.79840087890625,192.69780816421374,188.50073377361915,190.5446913486245,26677500
2018-02-05,179.84864807128906,189.12585213250935,179.20371522852162,185.47449787905256,33128200
2018-02-06,183.86709594726562,184.32352085530795,176.35604702517875,177.17958611274838,37758500
2018-02-07,178.77700805664062,183.6388629342032,178.5488032075638,182.71609657406356,27601900
2018-02-08,170.24403381347656,180.42414124503927,170.1448063843661,179.60060203135833,38478300
2018-02-09,174.73875427246094,175.5225964292041,165.87827811141383,173.3992597294425,39887600
2018-02-12,175.0364227294922,176.1675457436953,170.50199884607702,175.68135557952797,32092100
2018-02-13,171.80178833007812,174.59983810473963,171.75218975930463,174.25255726945196,21809400
2018-02-14,178.12217712402344,178.40991238610002,171.8613121728498,172.0994337304368,28929700
2018-02-15,178.55877685546875,179.0945655700988,175.4630599421185,179.0945655700988,20922100
2018-02-16,175.97898864746094,178.47937093055094,174.92724474980548,177.59630151271037,20645300
2018-02-20,174.63949584960938,176.5643924968906,173.74650973941633,174.40137429487885,21204900
2018-02-21,176.52474975585938,179.8585885210382,175.02649732193723,175.33409629829126,23200800
2018-02-22,177.59629821777344,178.80679988808214,176.02859908507895,177.30854782697514,18464200
2018-02-23,181.86282348632812,181.9620509019941,178.1122573018194,178.49921999895196,19007300
2018-02-26,183.4900360107422,184.21436276937902,181.7933593974443,183.1427703683599,17599700
2018-02-27,180.04710388183594,183.26186656629068,180.04710388183594,183.01381314236772,15849800
2018-02-28,176.93154907226562,181.4560409894335,176.7529427387042,180.88055524348087,18783000
2018-03-01,174.570068359375,178.71751406261032,173.05198271776223,177.6161563285012,23201600
2018-03-02,175.24478149414062,175.73097166487122,171.6430560039666,171.94070800647535,20025900
2018-03-05,178.99533081054688,179.73949102479247,174.5204528392756,174.82803663876726,16189300
2018-03-06,178.38014221191406,180.95990337358992,177.7153609822462,180.36456921628732,15086800
2018-03-07,182.27955627441406,182.3887003695206,176.68347250890474,177.34825376456183,19097300
2018-03-08,180.92019653320312,182.96415381434767,180.03712716979672,182.13069815135245,17225900
2018-03-09,183.7877197265625,184.0655383216074,181.7834591680213,182.4780056556335,18526300
2018-03-12,183.32139587402344,184.65097372471777,182.78560714313122,183.78773751942006,15301200
2018-03-13,180.46383666992188,184.54183567447245,179.6998278645006,184.16478961517728,18067500
2018-03-14,182.75582885742188,182.81535925214953,180.4340526231739,181.17821283722608,16821700
2018-03-15,182.42837524414062,182.56728452894401,180.77138051113707,181.81320771715082,15614300
2018-03-16,183.6488037109375,183.88694041511232,181.98189220164593,183.05348466046652,24403400
2018-03-19,171.21636962890625,175.79047474978412,168.73583572691126,175.63171694646186,88140100
2018-03-20,166.84071350097656,168.87475444209613,160.68899210879263,166.1660155091787,129851800
2018-03-21,168.071044921875,172.0498156245336,162.0284683130565,163.51678856980843,106598800
2018-03-22,163.6061248779297,168.9442397057508,162.4452366054816,164.8364753801728,73743000
2018-03-23,158.14892578125,165.302792529729,157.78181159245784,164.15182111516467,53609700
2018-03-26,158.813720703125,159.84563141849048,147.85968823372906,159.56781279665657,126116600
2018-03-27,151.0347442626953,161.58197889751168,149.57618916708182,155.0928939537666,79117000
2018-03-28,151.83843994140625,154.66625464462274,149.625807940841,150.46918038322005,60029200
2018-03-29,158.5458221435547,160.16313533650757,152.93982073506774,153.94195113230754,59434300
2018-04-02,154.18006896972656,157.9604003209448,152.91003678716447,156.58122403800732,36796000
2018-04-03,154.89447021484375,156.16450244865112,149.6357349536215,155.331046633961,42543900
2018-04-04,153.89231872558594,154.34872845369827,149.33804728913654,150.84621603676183,49885600
2018-04-05,158.09930419921875,160.31195132736013,155.430247314225,160.30201950222593,41449600
2018-04-06,155.97598266601562,160.1631254779056,155.58901994832812,156.50185468902743,41644800
2018-04-09,156.70028686523438,159.28004828590807,154.8250037634297,156.5911579034152,34915200
2018-04-10,163.75494384765625,164.68762715637567,155.78746897675782,156.70030377210585,57889300
2018-04-11,165.0249786376953,167.3368230784228,161.9788755184887,164.07244688882912,56144600
2018-04-12,162.5940399169922,166.1461664683181,161.83004633576897,165.67982485901135,38263000
2018-04-13,163.23898315429688,164.4097879167685,162.49482296595303,163.29851354696794,19990600
2018-04-16,163.5465545654297,164.4891543713311,162.1177646895478,164.42962398316547,18119400
2018-04-17,167.3467559814453,167.68410498509857,164.37011506455008,164.5387895663767,22743000
2018-04-18,165.06466674804688,166.8109573568676,164.47926431633744,165.5806220956449,20969600
2018-04-19,166.79110717773438,167.01931205964715,163.913678740666,164.9058923106942,22235000
2018-04-20,164.9852752685547,167.11852844056128,164.5189336679802,166.48351234573315,19119400
2018-04-23,164.5487060546875,167.1383842548743,163.80454582635772,165.96757942949182,23088100
2018-04-24,158.4466094970703,164.80670300071776,156.95828893465557,164.1419064929904,35079900
2018-04-25,158.4466094970703,159.80593743261562,154.97386151810258,158.8931026377988,41083600
2018-04-26,172.803955078125,174.8975267537056,169.47011618099143,171.87127170512025,77556900
2018-04-27,172.23837280273438,175.72105258444364,171.25609092787653,175.43330213263187,29804700
2018-04-30,170.66075134277344,174.35178740859453,170.37301603989096,172.4368071515522,20750500
2018-05-01,172.5062713623047,172.66502918502357,168.90453085176392,170.66075330814073,26025900
2018-05-02,174.69906616210938,176.69341016579082,172.84361632507387,172.89323003600683,30424500
2018-05-03,172.6650390625,174.7486788299597,170.77982387482106,173.76639691815015,24026100
2018-05-04,175.23484802246094,175.6019622170441,171.71248664369318,171.73233515528582,17677800
2018-05-07,176.58425903320312,178.10234465949247,175.7904851097891,175.96909143404696,18697200
2018-05-08,177.52685546875,177.64591625593928,175.7309512754141,176.86207417364642,15577200
2018-05-09,181.23773193359375,181.5849975945159,177.38793848810025,178.2710079481258,23282800
2018-05-10,184.0854034423828,184.6807377083252,181.07899719333025,181.72393003145177,21071400
2018-05-11,185.53402709960938,186.8536730085692,182.7458941572334,183.41069059451098,21207800
2018-05-14,185.186767578125,186.39726952434344,184.7501911201472,186.24844352275093,15646700
2018-05-15,182.8848419189453,183.84727530793822,181.7735522465347,183.4404791851606,15429400
2018-05-16,181.77352905273438,182.8848185833475,181.23774036867192,182.26963585426475,16975500
2018-05-17,182.3291778564453,182.6268449843108,180.8011754720384,181.25758528011698,14840700
2018-05-18,181.257568359375,182.75582054510755,181.18812128201085,182.06127407157805,13130500
2018-05-21,183.0535125732422,183.85720325491346,181.70410132377572,182.33911749176113,13532900
2018-05-22,182.3688507080078,183.97623178944812,182.0017214049801,183.49004170704765,12731400
2018-05-23,185.44471740722656,185.45464923289944,180.76146796303533,181.07898358500404,16628100
2018-05-24,184.48228454589844,185.345520753403,183.58929827880206,184.432685973266,12354700
2018-05-25,183.4801483154297,184.87917321057796,183.0138066837136,184.57158939816497,10965100
2018-05-29,184.29376220703125,185.35542290175417,182.27956978080095,182.90465406274876,16398900
2018-05-30,186.208740234375,186.53617256684836,183.80758493621627,185.0875339268128,13736900
2018-05-31,190.28675842285156,191.2194418028875,186.02023612054933,186.40719889099182,30782600
2018-06-01,192.47950744628906,193.03514459870436,190.57445929230366,191.56667281875295,17307200
2018-06-04,191.77505493164062,192.46960146542042,189.9791506300175,190.34626483930563,18939800
2018-06-05,191.43771362304688,193.48167142182427,191.12019797198496,192.78712486010082,15544300
2018-06-06,189.8501434326172,191.03088001937442,187.6375113806139,189.54255964412974,22558900
2018-06-07,186.71473693847656,189.48302119714756,185.31572735159747,189.26473300685893,21503200
2018-06-08,187.6276092529297,188.00464014872674,184.9783854562642,186.06982653878478,12677100
2018-06-11,190.048583984375,191.10034310523886,187.32992844283444,187.33984512832245,12928900
2018-06-12,190.9019012451172,191.77505410667226,190.06844540816672,190.6736963435667,11562700
2018-06-13,190.9118194580078,192.98554221635234,190.41571266567786,191.23925175774292,15853800
2018-06-14,195.27755737304688,195.74389897906175,191.4079303656662,191.5964533732013,19120900
2018-06-15,194.3250732421875,195.53557525485218,193.12448791684673,194.26552769830215,21860900
2018-06-18,196.76588439941406,198.02599996059737,192.61843865407207,193.28321997564694,16826000
2018-06-19,195.95228576660156,196.41862740895397,192.2810830263839,194.71201866246838,19994000
2018-06-20,200.4271697998047,201.96510408121497,197.26200563651003,197.54975609134394,28230900
2018-06-21,199.93104553222656,201.80632867876594,198.5320206867189,201.18122924992667,19045700
2018-06-22,200.169189453125,200.66529628370577,197.75810238371335,199.59370371285382,17420200
2018-06-25,194.82118225097656,198.44275650112985,191.60640414526517,198.44275650112985,25275100
2018-06-26,197.4505157470703,197.54974316775883,194.7020797057688,196.06142269730353,17897600
2018-06-27,194.31509399414062,199.18686605784222,194.27541211454835,197.62908354925446,18734400
2018-06-28,194.7020721435547,195.80342985451412,191.75519651531133,193.6602448267047,18172400
2018-06-29,192.8069610595703,196.06142057520924,192.44976354492806,195.78360196826287,15811600
2018-07-02,195.82327270507812,195.912568293661,190.72329551076174,191.86433507148328,13961600
2018-07-03,191.22930908203125,193.87851738596078,191.0209527194623,193.03514497083918,13489500
2018-07-05,196.90480041503906,197.1032401216797,192.5192177963706,193.2236961659209,19684200
2018-07-06,201.6475830078125,202.05439425234724,196.16064253975117,196.90480280366523,19740100
2018-07-09,203.14581298828125,204.19755695638088,200.5462031241345,203.33432085012856,18149400
2018-07-10,201.95513916015625,203.3144820178631,200.6851070282679,202.90767082906115,13190100
2018-07-11,200.96295166015625,202.90769713042994,200.17910951620655,200.64545115601763,12927400
2018-07-12,205.308837890625,205.4675957014534,201.60788537305933,201.8460069493238,15454700
2018-07-13,205.7057342529297,206.80707683293494,204.84249811133506,206.19190923545924,11486800
2018-07-16,205.6164093017578,207.09481293858988,205.22944662365776,205.884311198897,11078200
2018-07-17,208.3549346923828,208.82127628523605,203.24502568175086,203.3045560740338,15349900
2018-07-18,207.72982788085938,209.34714080006302,206.8169932384799,208.1862527720377,15334900
2018-07-19,206.4697265625,208.3549415063196,206.142294254258,207.14443969038666,11350400
2018-07-20,208.30532836914062,209.85317918327323,206.87653834379418,207.22381916439136,16163900
2018-07-23,209.2677764892578,209.97223967521748,207.17420516285148,208.94034418058064,16732000
2018-07-24,212.9984588623047,214.5165442250994,210.94458489969008,213.43503520140462,28468700
2018-07-25,215.80645751953125,216.91773190426417,212.60161183786033,214.04031852666162,58954200
2018-07-26,174.88755798339844,178.72743478538428,172.39710737899168,173.52823024051227,169803700
2018-07-27,173.5282440185547,178.52899413497158,171.65296083240102,178.46946373858236,60073700
2018-07-30,169.7280731201172,173.9350646590183,165.26311146957755,173.9350646590183,65280800
2018-07-31,171.23623657226562,172.8833148940868,168.6763234930443,169.34110483354291,40356500
2018-08-01,170.31346130371094,173.71676188284266,169.56930109095373,172.57570713929462,34042100
2018-08-02,174.9967041015625,175.41343198798833,168.94421035302224,169.35100641407132,32400000
2018-08-03,176.395751953125,177.45742788881466,174.77843876286042,176.30645635292112,24763400
2018-08-06,184.2441864013672,184.34339869924005,176.99110580967474,177.5765083290632,49716200
2018-08-07,182.37879943847656,186.83384444251334,182.289503838257,185.04785673822354,33398600
2018-08-08,183.73809814453125,185.39510809821982,182.32915671862065,183.31145358470317,22205200
2018-08-09,181.66436767578125,185.11728158686878,181.05911682987022,184.40288664940078,19732100
2018-08-10,178.85643005371094,180.68211470625917,178.0229742075353,180.62256916869316,21500400
2018-08-13,178.64805603027344,181.18812034314962,177.50700134255118,178.69766973669223,17423300
2018-08-14,179.69979858398438,180.5729513621932,177.2291813674494,179.30291921569534,19102000
2018-08-15,178.1321258544922,179.46168859012798,173.41911073968112,177.94360282750299,33020200
2018-08-16,173.33969116210938,179.09453234867703,172.65506144153818,179.01515345383064,31351800
2018-08-17,172.4467315673828,174.84788673024775,170.70042589258762,173.1412780789589,24893200
2018-08-20,171.15684509277344,173.21073450107613,169.5792291107304,172.68484736708385,21518000
2018-08-21,171.2759246826172,172.81385895130066,170.0555060662981,171.4644477087111,19578500
2018-08-22,172.2879638671875,172.88329806579355,170.78972682533163,170.86910572781093,16894100
2018-08-23,171.5537109375,174.1830858400676,171.4842638641367,171.742233928021,18053600
2018-08-24,173.2900848388672,173.45877446008356,171.57355969215686,172.34748502489225,14631600
2018-08-27,176.0782470703125,177.27881714987828,174.42123689441704,174.61969174325242,17921900
2018-08-28,174.88755798339844,176.85215174812703,174.46091341649864,176.7132424542553,15910700
2018-08-29,174.53038024902344,175.41344981858893,173.38934057306082,174.9272748049951,18494100
2018-08-30,176.25682067871094,178.39007383101338,174.33192390092404,174.53036358997903,24216500
2018-08-31,174.36172485351562,176.23700830860733,173.61756451197158,175.77066661670793,18065200
2018-09-04,169.82728576660156,172.53602469300188,167.48566103250337,172.1490619892304,29809000
2018-09-05,165.87826538085938,169.79752128372485,165.3722418860996,168.17029155589415,31226700
2018-09-06,161.2644805908203,165.67982823051048,158.75418131005338,165.67982823051048,41514800
2018-09-07,161.77049255371094,163.34812362432544,158.91292778915525,159.06175376752574,24300600
2018-09-10,162.9016571044922,163.72519638887732,160.89739609621066,162.23687566432181,20197700
2018-09-11,164.64791870117188,165.88818563710336,162.4452034117594,162.6634916036815,20457100
2018-09-12,160.73861694335938,163.20923446899246,160.54017723438812,161.97888404940383,24078100
2018-09-13,160.10360717773438,162.0483527391854,159.60750031552521,160.73862335576288,25453800
2018-09-14,161.05612182617188,161.57206200702052,159.09152796070794,160.46078759906553,21770400
2018-09-17,159.32965087890625,160.7981226679349,158.52596033991068,160.65921337897242,21005300
2018-09-18,159.0518341064453,160.50045740207267,157.63296086595798,158.1489161479513,22465200
2018-09-19,161.7903289794922,162.1673749498379,158.2382028745878,158.83353702355723,19629000
2018-09-20,164.72731018066406,165.15395477201457,163.1893760346749,163.219141232212,18936000
2018-09-21,161.66134643554688,165.94771623876872,161.54228565433868,165.342465367665,45994800
2018-09-24,164.1220703125,164.40980562138776,159.62734350208274,159.77616949978685,19222800
2018-09-25,163.6259765625,164.3006746593967,159.8952430950173,160.72871416880466,27622800
2018-09-26,165.6500701904297,167.98177838516528,162.93141440760854,163.02071000485904,25252200
2018-09-27,167.5253448486328,170.43253864331763,165.90804693470875,166.24539593368888,27266900
2018-09-28,163.17945861816406,167.47573026988258,161.29424365604567,167.01932048303863,34265600
2018-10-01,161.1751708984375,164.58838792042496,160.0043510409059,161.7605732572147,26407700
2018-10-02,158.08938598632812,161.01641291690996,157.4345214128485,160.3218664632091,36031000
2018-10-03,161.16525268554688,162.38568635147246,158.28783921396985,158.75418083136026,23109500
2018-10-04,157.6131134033203,160.20279112680748,156.12479322062597,160.20279112680748,25739600
2018-10-05,156.10496520996094,159.6471598371,154.98375901365037,157.9703315953319,25744000
2018-10-08,156.02560424804688,157.10711354691838,153.1878724618473,154.3289121602927,24046000
2018-10-09,156.6705322265625,159.33958941767398,156.19427390479638,156.46217583453068,18844400
2018-10-10,150.2012939453125,156.4621591026775,150.13183172874403,155.598938148042,30610000
2018-10-11,152.15594482421875,153.6045680419625,147.99856787662608,148.96101617360952,35338900
2018-10-12,152.54295349121094,155.6684208730264,150.12194942175014,155.50966303306612,25293500
2018-10-15,152.3246612548828,154.35870249863035,151.36221269281663,152.12622153012268,15433500
2018-10-16,157.54367065429688,158.21838375991396,153.80302122721474,154.18998391691443,19180100
2018-10-17,158.17868041992188,159.24035617282968,156.72012530778295,158.3175897096505,17592000
2018-10-18,153.71372985839844,157.42461419121523,152.08650015191827,157.27577306648942,21675100
2018-10-19,152.8505096435547,156.1248175844445,152.3544028385707,154.6464138552001,19761300
2018-10-22,153.5748291015625,156.11489364906294,153.25732860311442,153.55498058916606,15424700
2018-10-23,153.18783569335938,153.56488165346744,149.6754067017438,150.04252083765374,19095000
2018-10-24,144.9028778076172,153.44583811795397,144.46631651009108,153.0787239045878,27744600
2018-10-25,149.77462768554688,151.02482640924308,145.855387312956,146.5796989427316,22105700
2018-10-26,144.23806762695312,147.83980737628173,142.68030034819193,144.6845758014798,31303300
2018-10-29,140.98361206054688,147.6711364762316,137.94744118416014,147.34370420564412,31336800
2018-10-30,145.08148193359375,145.4982098521499,138.65194168447485,138.85038138759987,50528300
2018-10-31,150.60809326171875,155.18219848979928,147.800142142031,153.79310552811708,60101300
2018-11-01,150.5684356689453,151.56064941305698,148.1871287390694,150.34023074699408,25640800
2018-11-02,149.17930603027344,152.9298718553426,147.80012986856786,150.61801257968224,24708700
2018-11-05,147.5223388671875,149.02059137802166,146.29200345853323,148.93129577061563,15971200
2018-11-06,148.7725067138672,149.794485490799,146.84760994489577,148.1474073132278,16667100
2018-11-07,150.35012817382812,151.81860008780413,148.66336805291238,150.38982519689623,21877400
2018-11-08,146.71859741210938,149.76469995845295,145.59740651333667,149.3182069357576,24145800
2018-11-09,143.831298828125,146.60948496439167,142.94822927624475,145.60735461809398,17326900
2018-11-12,140.4478302001953,143.91064577963837,139.39608626580937,143.35500861731956,18542100
2018-11-13,141.05308532714844,143.75190745988903,140.51728151874886,140.89432752169836,15141700
2018-11-14,143.09706115722656,144.4464723960708,140.44785239257982,142.58110579355625,22068400
2018-11-15,142.72994995117188,143.7122318462648,139.73346027184235,141.22178085469093,30320300
2018-11-16,138.44358825683594,140.66615258638333,136.69729744503638,139.97160596464377,37250600
2018-11-19,130.5257110595703,136.6774327734655,130.18836204602934,136.5385234655381,44362700
2018-11-20,131.39883422851562,133.1153745847669,125.86228832765559,126.04088707090841,41939500
2018-11-21,133.77023315429688,136.12177433644726,133.08560340760076,133.3534901554566,25469700
2018-11-23,130.7042999267578,133.4527359775338,130.23795829987594,132.6093483187103,11886100
2018-11-26,135.31808471679688,135.93325225446978,131.74610998842593,131.9643981740473,24263600
2018-11-27,133.94883728027344,135.546301797141,132.6688883856301,134.69299748738607,20750300
2018-11-28,135.69512939453125,135.7248945919711,130.82337202047773,135.21887109551545,29847500
2018-11-29,137.6001739501953,138.8999864759306,134.60369979706752,134.86166988111822,24238700
2018-11-30,139.51515197753906,139.87234947165177,136.29045784512456,137.18344401041747,25732600
2018-12-03,139.99143981933594,142.56126989856986,139.66400745225496,141.8865717894194,24819200
2018-12-04,136.85601806640625,142.2735111219751,136.09202447573222,139.63421924516007,30307400
2018-12-06,138.54278564453125,138.61223272165327,132.6291861048602,132.77802722436888,28218100
2018-12-07,136.34999084472656,139.77312473044262,135.59591396050388,138.16574354618837,21195500
2018-12-10,140.7455291748047,141.9361826694915,137.92763056473646,138.51304819477417,26422200
2018-12-11,140.9737091064453,142.75969660179285,140.00134402452528,142.75969660179285,20300300
2018-12-12,143.37486267089844,146.04391963021334,141.40035219133628,141.96592120054922,23696900
2018-12-13,143.8809051513672,144.7143761771331,142.07508406549724,144.4365575485377,18148600
2018-12-14,142.93829345703125,144.87310701215983,141.40035929885983,142.22389843052554,21785800
2018-12-17,139.09844970703125,143.7916165617544,137.3422271092248,141.96594687340288,24334000
2018-12-18,142.54139709472656,144.79371087135365,138.74121751824583,139.98148441109294,24709100
2018-12-19,132.20254516601562,143.78167603070526,131.4683016535584,140.11048874837508,57404900
2018-12-20,132.36129760742188,134.5144145958929,128.98777718323655,129.68232372468893,40297900
2018-12-21,123.97708892822266,133.84961143015394,122.4590032991407,132.35137431268788,56901500
2018-12-24,123.09402465820312,128.7298061390674,122.06212153987512,122.14150044974409,22066000
2018-12-26,133.13519287109375,133.19473839541274,124.90975006818492,125.01889415280624,39723400
2018-12-27,133.4725799560547,133.9389215670963,128.6603378591269,131.4087738165464,31202500
2018-12-28,132.16285705566406,134.86167943373593,131.17064339137232,134.28619369164923,22627600
2018-12-31,130.0692901611328,133.59165182038424,128.93816714993446,133.4031287951879,24625300
2019-01-02,134.62355041503906,136.43930334149525,127.55899356542318,127.98565333829643,28146200
2019-01-03,130.7142333984375,136.10194632069562,130.0990506322651,133.64126067594293,22717900
2019-01-04,136.87583923339844,136.92545293274594,132.7085458677882,132.96651590842976,29002100
2019-01-07,136.97511291503906,137.78872032734427,134.85177606929258,136.48892272111365,20089300
2019-01-08,141.42019653320312,142.02544740628335,138.45347255860054,138.80075335822818,26263800
2019-01-09,143.10696411132812,143.5733057172067,140.17002031683543,141.83693190722673,22205900
2019-01-10,143.07720947265625,143.4344070026676,139.74337090587684,141.9659349970562,16125000
2019-01-11,142.6802978515625,144.22814841890744,141.4598795411522,142.03535002185157,12908000
2019-01-14,144.25791931152344,145.42873910742972,140.17000456034268,140.89431617189211,20520300
2019-01-15,147.7902069091797,149.5067321308206,144.85326324648588,144.87309661692566,24069000
2019-01-16,146.39120483398438,148.48477637801153,145.8554160895323,147.83984351932185,18025700
2019-01-17,147.14527893066406,147.8398254180553,145.3592914345309,145.8057845235697,15787900
2019-01-18,148.87171936035156,151.24310921857838,147.39333081098312,148.58398408281647,31029600
2019-01-22,146.42098999023438,150.35014795206536,145.23032138121383,148.03828810352215,22378700
2019-01-23,143.17642211914062,147.64138321345908,141.9460718338698,147.12542791447743,20098400
2019-01-24,144.6945037841797,145.299754655157,141.41027935673696,143.51376723752094,20955500
2019-01-25,147.84974670410156,148.6633691432037,145.3989778409229,146.33166107014597,22237200
2019-01-28,146.32174682617188,147.8001506014188,145.07156308910322,146.89723255465768,15508500
2019-01-29,143.06729125976562,146.9468503365544,142.31319918224366,146.93691851028444,17632100
2019-01-30,149.248779296875,149.7746513338501,144.5655295359058,145.0814848865154,44613200
2019-01-31,165.39210510253906,170.34324180670043,163.71526151672856,164.3105957964176,77233600
2019-02-01,164.41969299316406,167.7832958916628,164.3700792940171,164.54867044297572,30806500
2019-02-04,167.9321746826172,167.9817883973732,162.34600650864698,164.4098128946608,20036000
2019-02-05,169.82728576660156,170.6408930571049,167.37651692938948,167.8329267133362,22557000
2019-02-06,169.16250610351562,171.1270848386497,167.9520042717718,169.8669692977403,13281200
2019-02-07,165.0845184326172,167.9222501889627,163.96331211917226,166.8903394739392,17517600
2019-02-08,166.02711486816406,166.06679675328965,162.93141306907842,163.18938317234253,12561400
2019-02-11,164.49908447265625,166.98955027387103,163.79462130193767,166.59265575376813,12811200
2019-02-12,163.75494384765625,167.02925211487005,163.21915510646622,165.5607800649606,16292300
2019-02-13,162.79251098632812,164.9257644110222,162.45514681788154,164.0923085265819,14205100
2019-02-14,162.6734161376953,163.58625082978747,160.98665605143856,161.91933925465693,12755200
2019-02-15,161.23472595214844,163.41759306012008,159.60749609275362,163.2290700350716,15504400
2019-02-19,161.02635192871094,162.8718699844177,159.08162158870638,159.25029609799398,14345400
2019-02-20,161.2942352294922,162.4452066022366,159.9944378775039,160.9866514457365,11770700
2019-02-21,158.79385375976562,160.97673573507552,158.3473606793532,160.66913680947994,15607800
2019-02-22,160.6294708251953,161.1454261740566,159.06177140594767,159.32967333669976,15858500
2019-02-25,163.33819580078125,164.7769176135051,161.63158722042746,161.80027685335008,18737100
2019-02-26,162.85203552246094,164.9456069848802,162.52460319251148,163.06039191607837,13784100
2019-02-27,161.54229736328125,162.65357177504464,159.1609907266516,161.63159295565973,12697500
2019-02-28,160.19290161132812,162.22694275955087,159.60749915178485,161.10573641433965,11114200
2019-03-01,161.01641845703125,161.8598060555291,160.4310160787683,161.33393406963486,11097800
2019-03-04,166.06680297851562,166.19579560497266,162.55437312403737,162.6238202106053,18894700
2019-03-05,169.92649841308594,170.54168115014525,165.25318076046253,166.06678805273313,28187900
2019-03-06,171.166748046875,172.21850709050673,169.93641297768318,171.55371071218158,21531700
2019-03-07,167.8131103515625,170.40278875159595,166.30494126656737,170.164652009761,18306500
2019-03-08,168.27940368652344,168.29923705432964,164.6776640929174,164.9058689424921,13184800
2019-03-11,170.73020935058594,172.94284154218153,170.24401921360752,170.26386772572346,18884000
2019-03-12,170.5813751220703,172.44674169700022,169.8868285696962,170.75004963193408,12155300
2019-03-13,172.0200653076172,172.67492991081787,170.77979831972704,170.97825314977177,11973300
2019-03-14,168.84498596191406,169.81735104764905,166.8506420826052,168.43817475360422,18037400
2019-03-15,164.68763732910156,166.27518541732223,161.24465433550773,165.85845745065996,37135400
2019-03-18,159.22052001953125,162.6238054519901,158.0397833952159,162.2963882822019,37524200
2019-03-19,160.31198120117188,162.54446211564522,159.56782089634743,160.22267045820803,25611500
2019-03-20,164.15184020996094,164.82653827216822,159.98454561520686,160.24251573193672,20211500
2019-03-21,164.78684997558594,165.0944337943334,162.47499028180155,163.60611327266807,16223000
2019-03-22,163.06039428710938,166.11641427109546,162.81234086444795,164.36019179945845,16389200
2019-03-25,164.9951934814453,165.24324688234591,160.73860378358157,161.73081738718392,12631200
2019-03-26,166.37435913085938,168.1305813359675,165.0547284457532,166.04694198581788,15437900
2019-03-27,164.57846069335938,167.62456363307606,163.50686821651982,166.54305447088734,10620300
2019-03-28,164.26097106933594,165.42185921090982,162.0582555781511,163.28860594168904,10443000
2019-03-29,165.39210510253906,165.88821195562005,163.52673849016102,165.09443796269454,13455500
2019-04-01,167.3864288330078,167.58486852209703,165.97748735850328,166.52320785848195,10381500
2019-04-02,172.84361267089844,173.53815918933915,168.22982531127647,168.81522772396372,23946500
2019-04-03,172.18873596191406,176.5743332564893,171.6033335902772,173.14126764896554,27391100
2019-04-04,174.6494598388672,176.61403872708658,174.1632696751247,174.6494598388672,17847700
2019-04-05,174.35177612304688,175.62180832800595,173.73660853188866,175.5027475400342,9594100
2019-04-08,173.56793212890625,174.1335011948488,172.87338557948675,173.84576588865332,7297400
2019-04-09,176.19729614257812,177.79476067353207,174.1831037087638,174.2525507892514,19751000
2019-04-10,176.43544006347656,177.39787338366907,175.16539265151494,176.79262244624147,11701500
2019-04-11,176.12782287597656,177.0108923352215,175.6217994128061,176.85214967264358,8071000
2019-04-12,177.7054901123047,178.23136219284186,176.56443520662597,176.61404892252165,12329800
2019-04-15,178.2511444091797,179.09453191741278,175.49279216480764,177.11010497095947,10834800
2019-04-16,177.4772491455078,178.76712990698255,176.91169524284823,177.60624176364888,11215200
2019-04-17,177.38795471191406,179.33270012285755,176.97122679670733,178.20157717015965,9973700
2019-04-18,176.891845703125,177.4871799403403,175.95916246347767,177.40780103271302,11655600
2019-04-22,180.02723693847656,180.255441825929,176.8620731508558,176.8620731508558,13389900
2019-04-23,182.34902954101562,182.78560598414893,180.0669350409875,181.31713397177452,19954800
2019-04-24,181.15835571289062,183.6984200336972,180.23558921854809,183.05348726817184,37289900
2019-04-25,191.75523376464844,196.93459101797936,190.6241106369084,195.44627031621718,54148800
2019-04-26,189.99899291992188,191.39800262786818,187.6176711306924,191.00112323298583,22075000
2019-04-29,193.26336669921875,193.8884661213994,189.16551962488455,189.46318673735053,19641300
2019-04-30,191.89410400390625,195.85304171458267,190.7828296177422,192.67796122555828,23494700
2019-05-01,191.52700805664062,194.65247513536207,191.5071595435752,193.2633820203702,15996600
2019-05-02,191.03089904785156,192.48945437207544,188.2725462221717,191.49724068974515,13209500
2019-05-03,193.947998046875,194.6326278689575,192.20170752125662,192.86648883169053,14575400
2019-05-06,192.37039184570312,192.76727125907584,189.06631849644725,189.75094835349745,13994900
2019-05-07,188.29238891601562,191.39800735054732,186.38734052161269,191.04080983034808,16253000
2019-05-08,188.06417846679688,189.23499850826568,187.08189659113583,187.91535246744812,12505700
2019-05-09,187.1811065673828,188.29239619539774,184.80971645382024,185.74239974484124,12967000
2019-05-10,186.87350463867188,188.5205828381154,183.15270366160382,186.78420904881693,12578500
2019-05-13,180.12646484375,183.98617545416812,179.4319182955988,182.07121031855266,16833300
2019-05-14,179.32275390625,182.0612730435279,176.71324251758304,181.09882467136538,17628100
2019-05-15,184.81964111328125,185.82177145095366,178.61830579109815,179.01518519572633,16746900
2019-05-16,185.53402709960938,187.1116430949908,183.6091302871413,183.6091302871413,12953100
2019-05-17,183.85719299316406,186.11943891159655,182.8451308275562,183.40076805103382,10485400
2019-05-20,181.29725646972656,182.79549344184133,179.95776215520357,180.4638007424565,10352000
2019-05-21,183.3809356689453,184.25407339341956,182.45816909356114,183.1328822542692,7502800
2019-05-22,183.8770294189453,185.28597089728876,182.18033752165732,183.29161189556703,9213800
2019-05-23,179.461669921875,182.46807593433465,178.27101662366948,180.99960403788043,12768800
2019-05-24,179.6501922607422,182.20018848372345,179.42198737159669,180.91030777380982,8807700
2019-05-28,182.8748779296875,183.27177243573908,180.03714655632237,180.12644214269247,14843300
2019-05-29,180.77139282226562,183.12293413943388,179.93793705668415,182.07119017715573,12797700
2019-05-30,181.5850372314453,182.05137891617235,179.48154887649324,181.6544994627786,8581500
2019-05-31,176.08815002441406,179.1342379247509,175.78056622867737,178.87626783735388,15226500
2019-06-03,162.87185668945312,173.68699403372227,159.75630658520944,173.63738032563361,56059600
2019-06-04,166.19578552246094,166.96971095429262,159.58763901376403,162.43530246984187,46044300
2019-06-05,166.8605499267578,167.40627040411377,163.34812064155474,166.17592015880012,19758300
2019-06-06,167.01930236816406,168.37863003543336,165.9278614484741,166.98953717398857,12446400
2019-06-07,172.00021362304688,172.5161537342909,167.52532111761306,168.84496686901758,16917300
2019-06-10,173.45880126953125,176.47512416844333,172.44673908569467,173.38933904535602,14767900
2019-06-11,176.7132568359375,178.57860819974294,175.41344423895202,177.09028772714373,15266600
2019-06-12,173.67706298828125,177.8741374437899,171.53389310501814,176.99106793976617,17699800
2019-06-13,176.08815002441406,176.64378722187107,173.25041850313457,174.16325320466794,12253600
2019-06-14,179.91810607910156,180.42412959894995,178.59846008500926,179.10448360485768,16773700
2019-06-17,187.53826904296875,188.02445911058558,182.97409600606449,183.56941502480336,29459900
2019-06-18,187.00250244140625,193.01531456485287,185.82176580951244,192.48944255669522,37571400
2019-06-19,186.0201873779297,186.635370058449,183.11300901764807,185.5439291252509,21417100
2019-06-20,188.0542449951172,189.6715580302563,186.17896187080584,189.46318650978696,14635700
2019-06-21,189.65170288085938,190.50500716438228,187.28031303269353,187.28031303269353,22751200
2019-06-24,191.10037231445312,192.46961697999703,190.07839337380202,190.92176596852468,15509000
2019-06-25,187.36961364746094,191.63613517952635,186.66515046587438,191.3781650924631,16750300
2019-06-26,186.1988067626953,189.27465982141456,185.8515259486567,188.06415802502235,12808600
2019-06-27,188.0244903564453,197.3314594204653,186.80407178224405,188.40153639562095,11159000
2019-06-28,191.49722290039062,191.69566259042654,188.46105173690523,189.0663026325004,16378900
2019-07-01,191.49722290039062,193.75946867475142,190.43554709173276,193.6900215962289,14181800
2019-07-02,193.48165893554688,193.48165893554688,191.20949637168923,191.49723166441305,9050000
2019-07-03,195.66452026367188,195.8629599570674,192.64819756011687,192.64819756011687,10246100
2019-07-05,194.8707733154297,195.53556984726225,192.65814090493845,194.65248508049547,11164100
2019-07-08,194.23574829101562,195.14858307741636,192.13226009365653,193.6701943553017,9723900
2019-07-09,197.6588592529297,197.90691262950634,193.37248963849635,193.45186853579807,14698600
2019-07-10,201.15147399902344,201.3796940449512,198.115302577347,198.4427349067406,20571700
2019-07-11,199.6631317138672,202.21312784653057,198.651084776992,201.67732404232368,13678500
2019-07-12,203.27479553222656,203.70145525331952,197.60926435057237,198.12520452215628,15366300
2019-07-15,202.32228088378906,203.73122239343607,200.24855807212413,202.65962987765283,16030300
2019-07-16,202.25283813476562,203.8701513198379,201.51860968214015,202.3024518480462,12132700
2019-07-17,200.22869873046875,202.7687630127222,200.0203272220129,202.59015669976327,12083700
2019-07-18,199.21664428710938,200.89348768416536,197.82755131083823,198.59154487779838,11937900
2019-07-19,196.81552124023438,200.75461106264225,196.52778591259383,200.60576991525818,12098300
2019-07-22,200.74465942382812,200.99271281963257,197.26198005714764,198.3534210546784,13589000
2019-07-23,200.7843780517578,202.64974477438702,199.3952848370215,201.26063641967016,14583700
2019-07-24,203.0664520263672,203.2152780199159,195.68437994677214,196.0911911824439,32532500
2019-07-25,199.14720153808594,207.03529675765213,196.7162660667918,205.0905514086125,39889900
2019-07-26,198.1946563720703,201.30028962459562,194.7219089512831,198.63123275593708,24434000
2019-07-29,194.41433715820312,198.07560780135663,193.77932105342705,197.45050838228804,16530800
2019-07-30,195.5057830810547,197.16279330268497,191.9933532034204,193.86863651283136,11903600
2019-07-31,192.71762084960938,197.2123467230649,191.17968692068408,195.4164427385686,14593500
2019-08-01,191.22930908203125,196.92462018522133,189.39372313854756,192.65809898526896,17777000
2019-08-02,187.54823303222656,191.12019317718264,186.60563306925116,189.6120392924137,15297000
2019-08-05,180.31500244140625,184.22432707984652,177.9436121596086,183.2519618338323,23086700
2019-08-06,183.07333374023438,184.34336599152593,181.66439218458214,182.25972642611572,18035700
2019-08-07,183.70835876464844,184.91886067841867,179.80896622765212,182.1704396561513,15833200
2019-08-08,188.67935180664062,188.8579429969137,182.61692578382804,185.16690699814845,14828900
2019-08-09,186.38734436035156,189.492962858845,185.66301747893215,188.5205976993792,11058800
2019-08-12,183.92665100097656,186.12936665344165,183.02374802918428,185.39513819593978,10930900
2019-08-13,186.982666015625,189.88985998710254,183.9266460473053,184.07548718412679,13577000
2019-08-14,178.31072998046875,184.54183078052492,177.9138354180572,184.35330775587687,18903700
2019-08-15,181.16827392578125,181.77352481513753,178.6282095835575,179.54104426029556,12925900
2019-08-16,182.2696533203125,183.65876158169613,180.94009059840005,182.3192670332154,12654600
2019-08-19,184.7204132080078,186.0400591779072,183.41069906418429,184.56165539058108,9691200
2019-08-20,182.37879943847656,184.55174988369748,180.9698577884201,184.00602931572288,10083400
2019-08-21,182.12083435058594,184.45252754721943,181.71402308505247,183.55954124042023,8398200
2019-08-22,180.62255859375,182.67644803012516,178.50915390325136,182.001734903691,10821400
2019-08-23,176.36598205566406,181.70409651204378,175.2844727753875,179.4319187008426,17323400
2019-08-26,178.9556427001953,179.09455199642167,176.85215474591666,178.00311099751607,8773600
2019-08-27,179.88833618164062,182.60699186900402,179.60058574729803,180.51342048042534,14399600
2019-08-28,180.34475708007812,180.5332801059123,177.52687379913462,179.12433846544053,9386100
2019-08-29,184.1250762939453,184.63109975557398,182.04142177669345,182.33908887058334,10128700
2019-08-30,184.2243194580078,185.34552580568567,182.03153561659624,185.325677292104,10774500
2019-09-03,180.96986389160156,184.22432375585035,180.69204525489593,182.56732862264894,9779400
2019-09-04,185.68287658691406,186.28812756703198,182.45818196857664,183.21225895201044,11308000
2019-09-05,189.41358947753906,189.8700144416205,186.47664540077176,187.0620478508057,13876700
2019-09-06,186.03013610839844,188.72895835213058,184.8990131930091,188.72895835213058,15226800
2019-09-09,187.2902374267578,187.5085256343164,184.40290729946628,186.26825860954187,14722400
2019-09-10,184.7204132080078,186.63539342326803,183.1130319415039,185.98052878136687,15455900
2019-09-11,187.02236938476562,187.96496939002157,184.63113068786822,185.00817674596254,11761700
2019-09-12,186.0102996826172,189.44335053484764,185.77216294917596,188.38168977071138,11419800
2019-09-13,185.7324676513672,186.50639305418997,185.08751972236277,185.87137695084874,11441100
2019-09-16,184.77003479003906,186.3278024124639,184.3235416569863,185.47449803241622,8444800
2019-09-17,186.61553955078125,186.85367627008114,184.0953084764538,185.20659802654154,9671100
2019-09-18,186.67506408691406,187.60774728326058,184.56164429689392,186.62545037945307,9681900
2019-09-19,188.65948486328125,189.61201653828311,186.68497443717115,187.19101304013168,10392700
2019-09-20,188.4511260986328,191.59645660587978,186.65522186388125,189.17545294401287,19934200
2019-09-23,185.36534118652344,188.61980039313607,183.7678767782794,187.86570841161895,13327600
2019-09-24,179.86849975585938,186.57585897083138,178.98543016143273,186.51632857075447,18546600
2019-09-25,181.37664794921875,181.9918155324956,176.4850270596817,180.03715354178527,18068300
2019-09-26,178.7075958251953,179.9875447342743,176.2865921683542,179.91809765361586,16083300
2019-09-27,175.72103881835938,179.35252917482316,174.2922487777934,179.0846423972008,14656200
2019-09-30,176.69338989257812,177.27879225047457,175.4729714715448,176.48501838655918,10740000
2019-10-01,174.44107055664062,178.43969015259512,173.5183191760256,177.7550603463437,17073000
2019-10-02,173.24049377441406,175.1554586795992,171.7422416079968,173.47861533942427,16151700
2019-10-03,177.98329162597656,178.4397014323433,172.27806306653957,174.20295999420713,16086300
2019-10-04,179.0449676513672,179.5708397261763,176.71327442947282,178.15198133489363,10430200
2019-10-07,178.2809295654297,179.7692499419264,176.70331359993784,178.598445179605,9178300
2019-10-08,176.36598205566406,178.96557705889228,176.33621685638886,176.8720055833215,9466900
2019-10-09,178.4496307373047,179.31285176669965,176.55449903508978,177.7650008974485,7556900
2019-10-10,178.62823486328125,180.1959343582307,177.77493045818167,178.91598532057125,8605000
2019-10-11,182.75582885742188,185.03792320851088,180.72178791101695,180.73170459681214,14930500
2019-10-14,181.85292053222656,183.18248321866753,181.14845730373014,182.7657552933642,7006000
2019-10-15,187.41921997070312,188.89762363518096,182.2299472570986,182.36885655080957,15039100
2019-10-16,188.0740966796875,188.22292266826352,185.44472147500937,186.85367815342866,10516900
2019-10-17,188.90756225585938,189.35405538463465,187.30018093627666,188.81826665810019,9603000
2019-10-18,184.4029083251953,189.99899256650664,182.48792815550277,188.74879370899365,16874200
2019-10-21,188.28245544433594,188.43129657477238,185.29589782931336,185.58363312419127,8122600
2019-10-22,180.92019653320312,189.16548786635207,180.0867408702079,188.52055518093388,19537600
2019-10-23,184.7005615234375,184.92878155956058,180.58288100701617,180.59279769294298,12300400
2019-10-24,184.9287872314453,185.2760529292764,181.37666050347596,183.182481496143,11413500
2019-10-25,186.42703247070312,187.5283902891114,183.6488310680537,184.3830746603191,8061200
2019-10-28,187.9252471923828,188.05423980339688,183.63889237228332,185.74238033048172,13657900
2019-10-29,187.83595275878906,191.03088173758235,187.00249697475027,190.19742595354356,13574900
2019-10-30,186.7842254638672,188.96709253425385,184.53189616861468,188.0840229636892,28734600
2019-10-31,190.15773010253906,196.54758809947734,186.78420992352372,195.1684118031179,42286500
2019-11-01,192.1124267578125,192.5986169591883,188.43132212161814,191.34843304991148,21711800
2019-11-04,193.20384216308594,195.83320226631028,192.3009241125528,193.0351676602356,16371300
2019-11-05,192.8069610595703,194.22581929219072,192.0925660302858,193.84877326562983,9942000
2019-11-06,190.0585174560547,192.85655192566824,189.860077764731,192.51920293642016,10973000
2019-11-07,188.9373016357422,191.93379078422407,187.99470179492178,190.41570526985566,13473000
2019-11-08,189.3540496826172,190.84237016036985,188.22292672512432,188.52059384867061,10760800
2019-11-11,188.13363647460938,188.59997811541814,187.07196056979558,188.45113697942728,8631200
2019-11-12,192.95579528808594,193.54119772486354,188.26262882751317,188.52059893355604,17615500
2019-11-13,191.68576049804688,194.17621134854932,191.23926737647986,193.18399768285414,10860700
2019-11-14,191.64605712890625,192.51920997060702,189.95929698105766,191.42776891848106,9040500
2019-11-15,193.5808868408203,193.7793265404359,191.8742781721648,192.74741587846907,11524300
2019-11-18,195.8629608154297,197.083394458118,191.54684069024395,193.04507779292095,16167200
2019-11-19,197.7680206298828,198.44271860595367,195.3271685294393,195.8629572080851,19056800
2019-11-20,195.9721221923828,198.03592850260839,193.9083158821572,197.03379811724992,12355400
2019-11-21,196.38880920410156,197.53978048841432,195.32714864045076,195.88278577357377,12131000
2019-11-22,197.2718963623047,197.74815460558614,196.08122804413622,196.8353199976398,9959800
2019-11-25,198.23434448242188,199.40516437958556,197.6985558108234,197.9664577166115,15272300
2019-11-26,197.42076110839844,198.5915660072569,196.49799449457072,198.4427400082425,11735500
2019-11-27,200.4271697998047,201.55829282574896,197.86725660635614,198.34351494886434,12736600
2019-11-29,200.0699462890625,202.2131312621358,199.64330171552228,200.03026440732904,7985200
2019-12-02,198.14505004882812,200.60573550232598,196.50790368831068,200.55613693502008,11503400
2019-12-03,197.2718963623047,197.38102531349432,193.56101240262967,196.06139467481623,11595300
2019-12-04,197.1627655029297,198.47247954484402,196.50790091198374,198.4427143488899,8456300
2019-12-05,197.80770874023438,199.72267376788747,196.66666912831428,198.3038155523698,9740400
2019-12-06,199.4845428466797,200.0004981463346,198.5022459542559,198.9388223508887,12270600
2019-12-09,199.77227783203125,201.55826529748646,198.65108678592196,199.08764804194197,11954800
2019-12-10,199.30593872070312,200.47675862817715,198.59154372562898,200.0897959341768,9475700
2019-12-11,200.6851348876953,201.05226424708127,198.72055602657602,198.72055602657602,8036800
2019-12-12,195.218017578125,202.07421689896148,192.5886577048553,200.7744195601007,23734800
2019-12-13,192.5985870361328,195.26764410536947,191.66590380777728,194.8707495720382,18798000
2019-12-16,196.37892150878906,197.56957484695494,193.29313648755445,193.74956142284032,14911500
2019-12-17,196.8452606201172,197.45051153746434,194.60286327616436,197.29175372373888,10175700
2019-12-18,200.9232635498047,202.70925114268758,198.53202502655532,198.53202502655532,23274400
2019-12-19,204.45555114746094,204.69368788416222,200.93318950948256,201.20109144577407,16514600
2019-12-20,204.69366455078125,206.09268933196256,201.84600128143063,205.8644693078134,27306900
2019-12-23,204.5745849609375,206.96582327912705,204.07847817990123,205.09054025240894,13348900
2019-12-24,203.52285766601562,205.17985263350567,203.40379687361448,204.69367763788193,6046300
2019-12-26,206.17205810546875,206.20183844236743,203.71137260683932,203.96935783345515,9350700
2019-12-27,206.47967529296875,207.30319933387474,204.98142292895696,207.04522922443257,10284200
2019-12-30,202.8184051513672,206.28122125942733,202.3123664770239,206.24153937319426,10524300
2019-12-31,203.65184020996094,203.9594240017671,202.0146938355188,202.41157321720846,8953500
2020-01-02,208.14657592773438,208.15649261372965,204.66391150608143,205.1401698134919,12077100
2020-01-03,207.04522705078125,208.76175248015903,205.3386183078235,205.59660355453667,11188400
2020-01-06,210.94464111328125,211.12323231415454,204.9119799307813,205.0905711316546,17058900
2020-01-07,211.40103149414062,212.9092004360152,210.1012340740953,211.16290991488245,14912400
2020-01-08,213.54421997070312,214.55628211870993,210.95454177490646,211.34150448738282,13475000
2020-01-09,216.60023498535156,216.67961389127672,214.59595924568188,215.84614294905182,12642800
2020-01-10,216.3621063232422,218.16794243532362,215.72709019217615,217.4932292798279,12119400
2020-01-13,220.18214416503906,220.24167456420014,217.50317022293493,217.8901329574613,14463400
2020-01-14,217.35430908203125,220.64846550559204,216.92766450065454,219.88445679338435,13288900
2020-01-15,219.4280242919922,219.9538962713182,218.425894039687,218.8922356273878,10036500
2020-01-16,220.04322814941406,220.89653250467634,218.67396845051022,220.83700210732903,10015300
2020-01-17,220.4103546142578,220.55918061590063,218.8128899233792,220.3012104997265,15905900
2020-01-21,219.71575927734375,220.63851056269795,217.41381669628456,220.4301542066396,14275800
2020-01-22,219.59674072265625,221.0155990294826,219.55704369674288,220.57902258431162,12212800
2020-01-23,218.04885864257812,219.7653990977893,217.56268366067917,219.03115557209316,11195000
2020-01-24,216.24302673339844,220.05312318860922,214.4272740930298,219.0807581343057,11905800
2020-01-27,213.19692993164062,214.3776665299758,210.84538856048835,211.440722772415,13810700
2020-01-28,216.09417724609375,217.03679220812487,211.85743638928582,214.45703098357734,13413800
2020-01-29,221.49185180664062,222.45430027118508,216.74907170753525,219.71579601102562,33181300
2020-01-30,207.8985137939453,209.78371357248747,203.15573401089648,204.92187300257686,48775500
2020-01-31,200.33786010742188,207.0650673895748,199.49447245565628,206.8070821530458,31359900
2020-02-03,202.60008239746094,203.54268221963605,200.92323911528766,201.8559222525895,15495600
2020-02-04,208.1961669921875,208.96017565012505,203.6022134996226,205.01115489661296,19628900
2020-02-05,208.4739990234375,211.07359379720026,207.08490604661267,210.85530559513091,12538200
2020-02-06,209.208251953125,209.54560095697394,207.7099996678324,208.83120592530642,10567500
2020-02-07,210.6767120361328,211.16290214252007,208.295390351353,208.66251967249352,12242500
2020-02-10,211.40103149414062,212.13527502346943,209.01972486168884,209.87302918064674,11856400
2020-02-11,205.57675170898438,209.21817404336107,204.90203854387963,208.5533927044946,25030800
2020-02-12,209.11892700195312,209.57535190670174,205.78508879415304,206.23159701357275,13813700
2020-02-13,211.48040771484375,212.66114433026516,207.55123516722094,207.88859930018288,15396600
2020-02-14,212.51231384277344,213.2564740857115,210.99422815837812,212.33372265165818,10741700
2020-02-18,216.10415649414062,216.28274770088908,211.73840693608895,211.8872480816929,15609200
2020-02-19,215.79653930664062,216.62007840377584,214.42727970658711,216.2926461020249,12135100
2020-02-20,212.9091796875,217.06655677332367,211.29186679941705,214.83407634546887,13109200
2020-02-21,208.54344177246094,212.57184160157027,207.2039625311857,211.8177495955409,14092300
2020-02-24,199.15711975097656,202.0642984010924,196.62697198266386,200.22871228132,23080100
2020-02-25,195.2378692626953,201.91546237883097,194.42424686454467,200.67519541090203,21433500
2020-02-26,195.66452026367188,199.6433065171503,193.96784347416536,195.65460357799446,16524500
2020-02-27,188.2725372314453,194.3548116584717,188.02448382270822,190.32642672297806,21682600
2020-02-28,190.97134399414062,191.23924589297678,180.40427569756577,181.27741333010493,32568900
2020-03-02,194.9104766845703,195.03946932031346,187.37957775427904,192.51923784953004,24949000
2020-03-03,184.44259643554688,195.7042275193345,182.53754802737797,194.692165348127,27984100
2020-03-04,190.26687622070312,190.33633844052602,184.93869398490696,187.69704660686287,23062500
2020-03-05,183.72821044921875,187.5184740800542,182.45817811448364,185.32567512431237,19333400
2020-03-06,179.67994689941406,182.34900375294296,174.8875536690963,176.94144297065125,24559600
2020-03-09,168.18020629882812,173.63738113448332,163.90376807728393,168.27943371546766,29949000
2020-03-10,176.80255126953125,176.90176354973235,168.18021229917125,173.309955010909,24517800
2020-03-11,168.91444396972656,174.51052791093812,166.35453113683502,172.6550782358711,20373900
2020-03-12,153.2672576904297,165.30281520624732,153.13826505938434,158.2977734814563,43266300
2020-03-13,168.95411682128906,169.46014026563884,156.37285666627957,162.25667556735854,35028600
2020-03-16,144.8731231689453,157.89097777264303,141.98579268312238,151.1340046050276,39120400
2020-03-17,148.25656127929688,152.7413712017619,138.9099105437907,149.56629056018528,34255600
2020-03-18,145.81570434570312,147.02619090123744,136.03247851442796,138.6618382645267,37553100
2020-03-19,151.93768310546875,158.68472390390542,143.67254147340694,145.47836246781847,39862300
2020-03-20,148.56414794921875,158.02987479986012,146.8476225464844,154.8051803858326,32568400
2020-03-23,146.9468536376953,151.1240647968421,141.14239749154174,148.4947045726751,29830800
2020-03-24,159.7265625,160.05399484868934,151.3820565118102,154.001500161345,30440400
2020-03-25,154.99368286132812,161.7208894129763,151.8682011441611,157.68257306101083,35184300
2020-03-26,162.0681610107422,162.72302560102386,155.7973791164667,157.01779756928065,26556800
2020-03-27,155.56918334960938,158.84349167154605,153.54507401130994,156.96820833607012,24879900
2020-03-30,164.65786743164062,165.45164145311486,156.82930161406097,157.9405761601368,22515200
2020-03-31,165.50123596191406,169.59906794500858,162.9214744764971,164.19150670747757,23676300
2020-04-01,158.35728454589844,162.87184396981343,156.80941873029622,160.36154496434824,19507600
2020-04-02,156.95826721191406,160.0936657297294,154.70593816665038,157.86118519507858,20886300
2020-04-03,152.97947692871094,156.68044434817855,149.65557064068878,155.92635236524197,25983300
2020-04-06,164.26097106933594,164.90590387910632,157.27577856792746,158.90300833132738,28453600
2020-04-07,167.5154266357422,172.03991830310687,164.71737697093712,170.45237046123444,31411900
2020-04-08,172.92298889160156,173.63738391089035,166.4339184630365,169.91658282708556,21664200
2020-04-09,173.82591247558594,175.70119567614313,170.23410389271467,174.53037569157397,23534300
2020-04-13,173.4290313720703,173.63740291716212,168.1306136823647,172.3177568381941,19355400
2020-04-14,176.78268432617188,179.81885533138671,175.24475031360217,177.5863748699079,21011800
2020-04-15,175.592041015625,176.80254281201508,171.47436065477507,173.82590202875645,17423000
2020-04-16,174.87767028808594,176.66365803391773,171.16678547952324,176.5644306047126,23593200
2020-04-17,177.84437561035156,178.87627111884785,175.28446264083883,177.8046785869603,20974800
2020-04-20,176.85215759277344,179.09455487937518,175.39360238892877,176.02861848761108,16110700
2020-04-21,169.4700927734375,174.01443306233168,167.02924055696525,173.88544044431308,24850500
2020-04-22,180.8607177734375,183.34125210228098,176.7529535304719,177.06053736485168,33242000
2020-04-23,183.6885223388672,185.59357077642403,181.72392836327927,182.64669495302132,21426600
2020-04-24,188.59005737304688,188.9274063834041,179.42199771642456,181.80330444127193,28792000
2020-04-27,186.04005432128906,192.24138946533202,185.95075872880966,191.15988024980575,29197800
2020-04-28,181.4857940673828,187.7268109792905,181.1385132497502,187.19102229434844,21731000
2020-04-29,192.67796325683594,195.37678548595312,188.52058581051287,189.4433372001853,45954500
2020-04-30,203.11605834960938,208.0572779754261,200.00050816482027,205.30884198802337,46230100
2020-05-01,200.69503784179688,205.66602224827483,197.5001090179998,200.03025658392295,30415600
2020-05-04,203.6617431640625,204.30669104079635,197.21235523658538,198.6411451382997,19250700
2020-05-05,205.45767211914062,208.74189662802328,204.89210311454076,205.40805841242485,21071200
2020-05-06,206.84677124023438,209.95240466559474,205.05086703936345,206.49949042283785,21857000
2020-05-07,209.6150360107422,209.95240013521098,207.41232064616085,209.51582373646835,15152000
2020-05-08,210.69656372070312,211.54986802110636,209.20824332278897,210.58741961925696,12506000
2020-05-11,211.52011108398438,213.32594730041535,208.73199298585013,209.24794835339893,12911900
2020-05-12,208.46408081054688,213.60373992712047,208.36485339579585,211.6292294374064,14704600
2020-05-13,203.5030059814453,209.13877170097768,200.53628200459266,207.79927734708642,20684600
2020-05-14,205.19970703125,205.31876782706613,199.12736420496205,200.98279892633244,17178900
2020-05-15,209.23800659179688,209.69441636456455,202.53063303740763,203.6716877492825,19383200
2020-05-18,211.53001403808594,212.96872069085757,209.2975334989645,210.4981034438379,20151900
2020-05-19,215.19129943847656,218.77319129030954,211.17283116193593,211.60940758664356,31843200
2020-05-20,228.17938232421875,229.53871022771793,221.4521747518963,221.759758571814,50162900
2020-05-21,229.5883331298828,235.35309244741924,229.3998100998118,232.89240664960255,47782600
2020-05-22,233.0808868408203,234.15247928323507,226.95893110200655,229.70735171322343,33925600
2020-05-26,230.39199829101562,239.02425371037313,229.8661262864556,237.90306262101706,33178300
2020-05-27,227.35580444335938,228.76474581923705,219.40817963084555,227.28635737002952,34697600
2020-05-28,223.70448303222656,229.82643907583383,222.25584452684524,222.55351163233212,29377200
2020-05-29,223.3373565673828,225.71867830178658,221.14457298017828,223.44650066945937,23241500
2020-06-01,230.1042938232422,230.6301658982346,221.75977257292092,222.84128192413317,18223800
2020-06-02,230.90797424316406,231.18579286888968,224.79593419724122,229.14183506248852,20919000
2020-06-03,228.367919921875,230.8385224653334,226.75060666749712,230.3027337028907,15380300
2020-06-04,224.5280303955078,229.82646303355912,222.8611186549825,227.77257341757675,17041500
2020-06-05,228.97314453125,229.54863025570177,223.55565142863753,224.94475960006616,16750400
2020-06-08,229.59823608398438,229.74707721776002,225.63931324920404,227.24669454212363,15466500
2020-06-09,236.8116455078125,237.9030866501457,228.61596567349713,229.71732350258614,27462900
2020-06-10,234.88673400878906,239.3318620782933,233.44802723887338,239.0838086648603,20720700
2020-06-11,222.68251037597656,231.07664482467789,221.8093726271132,228.14961747773572,26708200
2020-06-12,226.80018615722656,229.8562058573406,222.7519528586331,228.10990023443085,22091400
2020-06-15,230.68963623046875,231.94975160089953,223.04959539190656,223.33733064217432,15340300
2020-06-16,233.8151092529297,236.60324195361252,231.18574948855698,235.29351284382756,15236700
2020-06-17,233.69607543945312,235.7400330981517,229.925660611379,233.17020342590362,19578100
2020-06-18,234.10287475585938,234.30131444409122,230.3423768049626,233.16027488177477,15782500
2020-06-19,236.93069458007812,238.95481893657268,233.71593199267232,235.93848091433975,30081300
2020-06-22,237.35736083984375,238.8258328662226,235.0653496315149,236.70249616889853,18917800
2020-06-23,240.3538360595703,243.28086325076663,237.99236276675106,239.40130430970032,24017900
2020-06-24,232.19784545898438,241.3262081229041,230.86826764529962,239.32193228613724,20834900
2020-06-25,233.8448944091797,235.45229073930926,230.92779913741757,232.79315041364956,18704300
2020-06-26,214.3975067138672,231.27505382872505,213.72279362389085,230.82856075711075,76343900
2020-06-29,218.9220428466797,219.03118696560267,205.49739191905772,208.11683563322833,58514300
2020-06-30,225.3019561767578,225.7286007703649,216.76891290483175,218.8724009551295,33927100
2020-07-01,235.7003631591797,237.1390699699134,225.78814302678114,226.72082631014734,43399700
2020-07-02,231.60250854492188,238.13127618375734,230.7988179101983,237.1390625329917,30633600
2020-07-06,238.40907287597656,238.52813365832904,230.46144771442292,231.93983622855757,26206200
2020-07-07,238.9845733642578,245.72169718938696,236.96046423896934,237.5458666417758,27887800
2020-07-08,241.6833953857422,245.0668474636678,234.74781673128183,236.25598567293406,29791300
2020-07-09,242.59622192382812,244.61041429342896,237.3771839087014,243.0923287171284,22174900
2020-07-10,243.16177368164062,243.57850154164623,237.4565459635066,241.7925141844959,22982700
2020-07-13,237.13905334472656,248.2022290661148,236.563567632783,245.08667892902588,24674900
2020-07-14,237.8633575439453,238.45869174856148,230.22331599791937,234.9164819970531,23378100
2020-07-15,238.40907287597656,242.9137309146926,236.19644087738766,239.6691883357908,19133600
2020-07-16,239.0540313720703,239.87757053195742,234.48985759074168,236.1468525967872,18880700
2020-07-17,240.1454620361328,242.25888189855516,236.00793304376865,239.12348321533193,18152400
2020-07-20,243.50906372070312,244.13416314331633,233.80521577145498,238.19079813555464,20872200
2020-07-21,239.8676300048828,244.9874556480956,238.21063516352848,244.30282586394793,19364200
2020-07-22,238.00228881835938,240.01648136267946,236.26591489118834,238.3892515451012,15427900
2020-07-23,230.7888946533203,240.5324245536432,229.94550701818997,237.76415520841277,21771800
2020-07-24,228.9136199951172,231.6719727567298,225.13327323566094,228.39766465309515,18325800
2020-07-27,231.68186950683594,233.12057616100276,229.03266108130668,229.65776047765974,13163100
2020-07-28,228.32818603515625,233.1305113076569,228.04045075621468,232.8030790068061,14170100
2020-07-29,231.47349548339844,231.88030667788055,228.5167033044342,229.3402423786379,13588300
2020-07-30,232.67410278320312,233.06106550419435,227.21692766462053,228.42742953848625,20615300
2020-07-31,251.69485473632812,253.85788853763043,247.06121844021092,253.82812333696856,53005100
2020-08-03,249.99815368652344,253.4113558672022,248.38084061958932,250.68276837586004,23124900
2020-08-04,247.88473510742188,250.83161082477696,245.50341329118677,249.60126046272325,17183500
2020-08-05,247.18028259277344,250.30576496444755,245.84080312489613,248.24195856403506,13050100
2020-08-06,263.21441650390625,264.52414569277806,246.73374838380215,247.10086256251122,45241600
2020-08-07,266.34979248046875,276.71843559418903,261.378793191007,262.02372590545957,72766400
2020-08-10,260.9521484375,271.7275724279563,257.6679242008539,265.95291291636204,30248800
2020-08-11,254.13568115234375,263.84946103998055,253.1434675252499,258.16406605594824,28238300
2020-08-12,257.8664245605469,261.84518077653547,256.10025516377686,256.9535746633376,21415700
2020-08-13,259.2654113769531,263.09537176343133,257.5489011631833,259.51346478633786,17374000
2020-08-14,259.20587158203125,260.60489639382604,256.66580718443333,260.2675474028903,14792700
2020-08-17,259.12652587890625,262.04363649322056,257.3802201288519,260.4560885640764,13351100
2020-08-18,260.29736328125,263.08548162210195,257.24135811660176,258.918201852127,18690400
2020-08-19,260.54534912109375,265.82393240661906,259.3150140244503,259.3547110443287,23291500
2020-08-20,266.9154357910156,267.5306034832386,259.42420366420544,259.46390069336985,20299700
2020-08-21,264.93096923828125,268.3838532680804,264.34556683414814,266.59788085818127,15538600
2020-08-24,269.27685546875,275.091212458287,266.6772304785265,268.9593398589579,23685600
2020-08-25,278.6334228515625,280.8857367616059,268.15564994253316,270.28890306860325,42127200
2020-08-26,301.54364013671875,302.29773216562353,281.78866364018035,281.78866364018035,69015200
2020-08-27,290.9368896484375,298.8845307287282,289.7462211483339,297.82285484879753,30301300
2020-08-28,291.3735046386719,294.91571512927794,288.7143789538311,292.70306748109226,17157400
2020-08-31,290.91705322265625,294.5683921740452,289.279876482208,291.66121345742096,17345100
2020-09-01,293.13958740234375,299.1424675498005,290.43083338283753,292.4152605760405,17295900
2020-09-02,300.1446228027344,301.2360638507357,290.76819189575707,296.5528143101857,24341400
2020-09-03,288.853271484375,295.28282769504375,281.42159994386697,293.685347759817,32294100
2020-09-04,280.5285949707031,286.74976407245856,269.02884162990455,285.0133900685596,30333700
2020-09-08,269.0486145019531,277.1252165925941,267.3221727130348,269.1676752763678,24864000
2020-09-09,271.5887145996094,276.3116611433854,269.23717315355583,273.6227404185277,22918800
2020-09-10,266.0025634765625,276.9863762490286,264.9508193916789,273.3648023507062,24814700
2020-09-11,264.5340270996094,269.27683670551767,260.5949685674231,267.95717579175357,18913900
2020-09-14,264.0776062011719,274.48594598213697,263.63112831234895,268.8402489749456,24093800
2020-09-15,270.2988586425781,272.38248310509124,267.2031265875012,268.5624847371786,18478500
2020-09-16,261.4681091308594,270.3186675006481,259.7515990335024,265.20877366986406,29183400
2020-09-17,252.83587646484375,259.4638560363653,248.24192265848913,256.2689270376447,31281400
2020-09-18,250.56369018554688,257.1817679827154,248.10300478523664,256.3879789632896,28130800
2020-09-21,246.2178192138672,248.00380687005463,242.229131111691,245.61256826204752,24709400
2020-09-22,252.76638793945312,253.33195689898918,246.28723502604032,251.3375980837583,30293100
2020-09-23,247.08103942871094,255.9811816546573,246.21780328574286,253.2724427163258,19641300
2020-09-24,247.58705139160156,250.2759568331123,243.70749269177463,244.58064547986274,20006800
2020-09-25,252.83587646484375,253.7586278443611,244.68979615867002,247.45806543720002,18351300
2020-09-28,254.82032775878906,257.5786806125648,252.83590037391562,257.3802257620939,18826300
2020-09-29,259.7515869140625,261.27957393938357,254.89964824755418,255.80256618794593,20200200
2020-09-30,259.8606872558594,264.0081320621479,258.0747152213663,259.94008128580816,20142500
2020-10-01,264.5539245605469,266.2406695606963,262.7381566639674,263.28389232751096,20009800
2020-10-02,257.916015625,263.0854402034157,257.16192357012176,259.1761160451637,16367600
2020-10-05,262.5893249511719,262.80761315583914,258.80899353212766,260.1584197827861,12822300
2020-10-06,256.6459655761719,263.6212257600727,256.22922255371117,259.741667068891,18696900
2020-10-07,256.1101989746094,258.15415680274714,252.83590583088255,257.19170828911257,23133400
2020-10-08,261.7062683105469,262.5595574704887,257.1321478779716,257.7274820927912,16312800
2020-10-09,262.39093017578125,262.6885821795816,260.1286841070195,262.46036212336156,14107800
2020-10-12,273.6029052734375,277.99840433575406,265.7842571156628,268.09613180330746,31019300
2020-10-13,273.9898376464844,276.92678099112914,271.26125064873577,275.41859716229544,18063300
2020-10-14,269.7034912109375,276.57952376322527,269.385975611536,275.45831762030724,15577800
2020-10-15,264.6431884765625,266.94513108589155,261.616949384437,265.5163412097531,15416100
2020-10-16,263.8593444824219,269.25698866587527,263.2342450954479,265.2980662549797,16622700
2020-10-19,259.3646545410156,266.4589764240774,257.8565006211909,263.462501957598,13587000
2020-10-20,265.4766845703125,267.60003633807696,260.83313190654906,261.011723098242,18763200
2020-10-21,276.5597229003906,280.8460628763154,274.2180829295083,277.3832469106849,28998600
2020-10-22,275.9544677734375,280.2507700259032,272.89846291862375,277.6908417382077,16720000
2020-10-23,282.5724792480469,283.0189571362799,274.66453677474624,276.6291000428749,17535200
2020-10-26,274.9523010253906,283.00910103507454,272.1245164393334,280.9552115795528,21322900
2020-10-27,281.0841979980469,282.29469979597246,274.15853619942936,276.5894716208232,16287200
2020-10-28,265.5858154296875,276.61922530983355,265.17900423878854,276.61922530983355,23121800
2020-10-29,278.64337158203125,281.39182302397495,271.6482768194587,274.39669798144206,32368100
2020-10-30,261.061279296875,274.54548740029236,257.08252375458625,272.3626055895967,47247800
2020-11-02,259.324951171875,268.3640334830486,255.33626310518545,262.5397440643903,27165700
2020-11-03,263.2342834472656,267.9472985392612,258.84871583422796,261.1109618671874,17961900
2020-11-04,285.1423645019531,286.69021537855144,276.4505632103181,278.81203654973183,35364400
2020-11-05,292.3855285644531,295.0645176913189,286.7001633898219,289.6271756640322,23823600
2020-11-06,291.1254577636719,292.30619462052846,285.81710782166357,291.66126169971534,13891000
2020-11-09,276.599365234375,290.3018321753482,276.3612436678267,287.61294188655734,25117700
2020-11-10,270.3087463378906,271.8665289718165,261.94439287795456,270.9735427793602,29067700
2020-11-11,274.3272399902344,276.23227323546826,270.3583854027134,271.34066722353845,14957000
2020-11-12,272.9381103515625,277.57176129856583,272.2931775519897,275.021765017838,12899500
2020-11-13,274.7935791015625,275.5972697257865,270.97355054002895,275.55757270188633,10391200
2020-11-16,276.78790283203125,277.23441107281263,272.491631182549,272.9083439459854,12970400
2020-11-17,272.8587646484375,275.5178900694576,271.1620877175575,275.5178900694576,15040300
2020-11-18,269.8523254394531,275.23013630396935,269.7233328307537,272.3824579271771,12152900
2020-11-19,270.8147888183594,271.34066082761194,267.09398773026356,268.9097253380734,12963700
2020-11-20,267.6000671386719,270.87436048307615,267.31231666563036,270.4377839998274,18114700
2020-11-23,266.3398742675781,268.84027177686704,262.4702475031481,268.7807413866415,20990800
2020-11-24,274.7637939453125,275.6567800984791,265.7842430074771,266.3994105734373,16930400
2020-11-25,273.44415283203125,277.99840979634354,270.5270423142432,275.97431577662064,12467000
2020-11-27,275.6468811035156,276.95661043346155,272.6801718782236,275.23016831305193,7808400
2020-11-30,274.81341552734375,275.5377423917736,268.89983065871155,273.880732275048,16693300
2020-12-01,284.31878662109375,287.0473739409889,276.7878892517777,276.98634407793395,20738900
2020-12-02,285.2812805175781,289.50812069353924,278.6433682468617,283.1380952289201,17361600
2020-12-03,279.6553955078125,284.4180084423758,278.88147014894713,284.0211290778213,12921700
2020-12-04,277.52215576171875,281.2528583037155,277.12524609814045,278.1174596971742,10880300
2020-12-07,283.3563537597656,286.2436990426754,276.0338426409965,277.01612444035254,13007700
2020-12-08,281.19329833984375,284.1997040175637,279.3576973186722,283.7829913065665,10747700
2020-12-09,275.75604248046875,285.3904289470905,269.6340706803854,281.45133938041425,25189700
2020-12-10,274.9621887207031,276.55966813414915,269.743136240434,273.3945047797599,20065100
2020-12-11,271.4200134277344,274.3272222377273,268.1457207169015,272.3923936395362,14391400
2020-12-14,272.0550537109375,275.06145975530757,269.4455270568558,271.24143127887464,16376900
2020-12-15,273.4044494628906,273.93032146756855,265.38737677799685,272.69005444899267,23979500
2020-12-16,273.5235290527344,275.69644892052736,270.3881305277646,272.62061106750957,15885000
2020-12-17,272.34283447265625,278.2564198025171,271.4795830956817,274.9126643899615,16377800
2020-12-18,274.247802734375,275.8353503752591,269.02878036440524,273.6227033905307,26693200
2020-12-21,270.66595458984375,272.53132099000726,265.7048866234326,270.85447759496384,16553700
2020-12-22,265.0103454589844,269.38601137682167,262.569508309428,269.38601137682167,17312900
2020-12-23,266.0223693847656,270.05078439204584,264.157033282619,264.8118978814393,14329000
2020-12-24,265.31787109375,268.29451145070294,264.1272331189397,266.78635790396265,6702000
2020-12-28,274.8431701660156,275.1408221372453,263.59147145418575,266.6474760519845,23299700
2020-12-29,274.6248779296875,278.3258455440908,274.1287711316152,274.7935675642127,16383000
2020-12-30,269.7531433105469,275.9147821269852,269.5943854793394,275.7858197765918,11803800
2020-12-31,271.0330810546875,274.9324733857731,267.70915931059875,269.88210960073656,12900400
2021-01-04,266.8459167480469,272.85872848796714,263.13504773019605,272.6404402939786,15106100
2021-01-05,268.8600769042969,270.27893485555023,266.1215581217762,266.2009521537064,9871600
2021-01-06,261.259765625,265.6651965162372,257.9854727939254,259.9599682063647,24354100
2021-01-07,266.6474914550781,269.4951398375126,262.71833380809295,263.82960827148605,15789800
2021-01-08,265.486572265625,266.8558317342461,261.1307404858795,266.2208005627308,18528300
2021-01-11,254.8401336669922,261.4185145836699,253.90745047422294,258.45180565260176,30412300
2021-01-12,249.13490295410156,257.69771095255174,248.3510608913129,254.63177463889247,26383500
2021-01-13,249.68063354492188,251.97264457383557,247.25962990122798,249.59133795314094,19528900
2021-01-14,243.7273406982422,253.04422551375964,242.7053619324702,251.42691255007225,29739400
2021-01-15,249.40281677246094,251.88335082886272,245.2355225857016,245.96975097681036,24942900
2021-01-19,259.0669860839844,260.15842713817875,250.75223098015417,254.8996767061357,28028500
2021-01-20,265.39727783203125,268.21516053791925,261.54748460794593,266.83596923879514,25199900
2021-01-21,270.74530029296875,271.46962706852975,265.4071866724179,267.16342399454226,20838700
2021-01-22,272.36260986328125,276.3016987289684,269.88207607581967,269.89200790055463,21954000
2021-01-25,275.8453369140625,277.9190598870613,269.3959479461869,275.9743295382134,19087000
2021-01-26,279.85382080078125,283.16784071758497,275.6468450213006,275.9742924509034,19373600
2021-01-27,270.02099609375,281.2429283426131,266.03227844946406,280.3300786005515,35346200
2021-01-28,262.9366455078125,284.55699174324013,262.63899349280683,275.02180179641493,37758800
2021-01-29,256.31854248046875,264.4844718354171,252.86565830915723,263.23427292927573,30389500
2021-02-01,259.9698791503906,262.11306402911066,252.92515696458904,257.49924684689097,22914300
2021-02-02,265.0003662109375,266.7566034715487,261.220035227519,261.94436197771006,17320800
2021-02-03,264.57373046875,267.1038931262707,261.78561288501646,263.55175174887563,14223400
2021-02-04,264.4150390625,266.07204938900765,261.94443645371734,264.93100960438716,16060000
2021-02-05,266.01251220703125,267.07418818582795,263.60144006375174,264.72261616514083,12454400
2021-02-08,264.50433349609375,267.7587934506513,262.9366490626016,266.65745070027987,13755200
2021-02-09,267.35198974609375,271.2613140904737,263.6807869967148,264.36541686230146,14613400
2021-02-10,269.7531433105469,271.6681085520547,265.63546236597006,270.32864423366914,14687200
2021-02-11,268.2846374511719,271.44977083147216,266.39940747425163,269.7729577824533,12828600
2021-02-12,268.393798828125,269.06849685928296,266.2506136586012,268.41363220082087,9097600
2021-02-16,271.8367614746094,274.4462880900078,267.9472708355453,268.6914310362883,15417200
2021-02-17,271.43988037109375,271.83675975298524,267.48092753784414,269.1280057386519,12763200
2021-02-18,267.29241943359375,269.8324836675024,263.9585662016173,267.4710106031762,15249100
2021-02-19,259.5233459472656,268.16551656468806,258.12432135786315,267.7587054191213,25622600
2021-02-22,258.30291748046875,261.02160295925455,255.5247318962554,255.9414748738633,17434900
2021-02-23,263.7898864746094,265.3774342503566,252.97477970473903,257.47942267295707,21924600
2021-02-24,262.2519836425781,264.3058731357695,256.37809587571655,260.2873897430093,15736100
2021-02-25,252.70687866210938,264.861494995442,252.06193075227245,260.2576094580705,19053100
2021-02-26,255.61402893066406,263.48227446931116,254.47298949778803,254.47298949778803,26619500
2021-03-01,262.8473205566406,264.5737626108393,255.89189320962132,258.7891703786948,22157300
2021-03-02,256.9833068847656,264.63326480051563,256.6360260897413,263.7105134754157,15191700
2021-03-03,253.42127990722656,258.95781848728717,253.1136961127763,258.26328713334885,15513500
2021-03-04,255.6339569091797,264.4150240918917,251.52617758116583,254.47305353562282,31626500
2021-03-05,262.2221984863281,263.3831016749771,253.61970873593322,258.64032206827693,26820100
2021-03-08,253.3220672607422,263.5120906541324,253.06409715938335,263.48232545551326,18391800
2021-03-09,263.67083740234375,266.43912187751977,257.78701790933485,259.14634572246285,22039700
2021-03-10,262.83740234375,266.8757193587203,260.82320974954456,266.548302161812,14210300
2021-03-11,271.7475280761719,275.7362167642202,265.73471470047434,266.0224349090408,21834000
2021-03-12,266.31011962890625,267.63968219657,261.9642192904478,267.04437827071723,20600200
2021-03-15,271.61846923828125,273.8112527855251,266.4093479104238,266.98481846727327,16844800
2021-03-16,277.1054382324219,279.9431851324288,272.6603099988258,273.93034231128775,22437700
2021-03-17,281.7986145019531,284.0013300636442,273.26557087198046,273.5632228614151,21315000
2021-03-18,276.4505615234375,282.9694124523862,276.11321251700224,277.69082858237186,18728300
2021-03-19,287.8511047363281,290.52016203735093,279.01050723081204,279.03034060421714,38930500
2021-03-22,291.25439453125,297.37633561067435,284.51725557218174,288.18845807864415,28273100
2021-03-23,288.3670959472656,295.6797066666779,287.55347337985114,290.86746377399635,23000900
2021-03-24,279.94317626953125,289.44856979905677,278.9707959829789,288.73417475341705,18675000
2021-03-25,276.5696105957031,285.81704866241506,275.5873288162411,278.79218966149506,24505600
2021-03-26,280.8163146972656,282.2848018961399,275.6071926939098,276.1330647516216,17629200
2021-03-29,288.5555725097656,290.89718212081135,282.4832299943889,283.5448755560306,21718800
2021-03-30,285.7574768066406,290.19267218910846,284.4676114191469,287.5732141173374,17474500
2021-03-31,292.2366638183594,294.19132577755687,286.36274611540455,287.7320056973746,19498200
2021-04-01,296.33453369140625,300.0454030697104,294.29057598549946,296.0765484516456,17616000
2021-04-05,306.5047302246094,308.3502331272152,298.33880077200007,298.54718744548785,28237000
2021-04-06,303.8753662109375,308.9257301235245,302.8732207214209,306.4352641390623,17335200
2021-04-07,310.65216064453125,311.8031320847076,303.12126285402763,303.9547186665781,22855200
2021-04-08,310.5827331542969,313.42048018860385,307.63585714326587,312.39850125036537,20894100
2021-04-09,310.02703857421875,312.28928426591995,307.9136188596121,308.9752946294777,15988600
2021-04-12,309.1142272949219,309.7194630445456,305.53232052434765,308.6280220501896,10881900
2021-04-13,307.3481140136719,311.9817348642091,306.91153757945125,309.7790193206261,14036900
2021-04-14,300.4621276855469,305.63155202989105,299.5989067038952,304.9072252057683,17421400
2021-04-15,305.4232177734375,307.72516074452744,301.7321817266754,303.95473064775086,14558300
2021-04-16,303.7959289550781,306.5443797906979,302.2381464580605,305.7704544545926,13059200
2021-04-19,299.8866271972656,305.3041352263425,298.2197156252216,302.635078233983,14553500
2021-04-20,300.29345703125,302.72439260123326,294.89581231843675,299.6385923844795,16796400
2021-04-21,299.1226501464844,299.6286887973505,295.074431779428,299.5989235990618,14863500
2021-04-22,294.2112121582031,300.5614044233748,293.73496893428785,298.9837579042729,16375400
2021-04-23,298.7852783203125,300.23390165965907,294.8362573958426,296.433736995222,17536800
2021-04-26,300.6804504394531,303.4189396821475,299.2119632513711,300.97810243975925,16172600
2021-04-27,301.20623779296875,302.9624446608415,298.7653709570021,301.9107008489018,15309300
2021-04-28,304.7088317871094,308.49909536915743,302.9922911939932,304.9667867574344,33907200
2021-04-29,326.9443664550781,329.22644599603484,319.10585351013765,327.5496023156073,56526800
2021-04-30,322.548828125,327.2519418261899,321.9733574810361,323.60060254321024,26332400
2021-05-03,320.0682678222656,325.99178455965375,319.33403940642825,323.6303414935902,18719500
2021-05-04,315.8811340332031,319.681329401256,310.68194401650095,317.52821238291256,24032600
2021-05-05,312.567138671875,318.56011770266906,312.04126663923637,315.712469321402,15577600
2021-05-06,317.5281982421875,317.746486454234,310.8307561707074,312.0710232209815,19012200
2021-05-07,316.59552001953125,320.4254804771027,316.2681028362469,319.86984325216355,15916700
2021-05-10,303.5876770019531,312.1306238316204,302.45653866327103,311.90243402221074,24239200
2021-05-11,304.1431884765625,304.45077222453534,297.35645209298286,298.4081959305581,18920100
2021-05-12,300.1942443847656,302.58548304780106,295.86820716463995,298.78531788021286,24645500
2021-05-13,302.88311767578125,306.4550622284353,300.41248534825166,303.6967097732454,18079200
2021-05-14,313.47998046875,314.38289851654434,306.67337913920693,307.1298192160858,19245700
2021-05-17,313.00372314453125,313.2220113682099,309.1539291705394,311.10859135712974,15401300
2021-05-18,307.5465087890625,314.0355939964766,307.3976828099841,313.1326760167942,14522400
2021-05-19,311.1482238769531,312.20989957564876,301.2062556340909,301.82142315148013,19106200
2021-05-20,316.1291809082031,316.76421218745367,310.7216346081384,311.1383473901833,17320200
2021-05-21,313.7677307128906,317.4389030180048,313.3509876603318,316.8039020331024,13600900
2021-05-24,322.1023254394531,323.4120547384483,315.5537092244351,315.73230041612777,16445400
2021-05-25,325.2377014160156,326.6168625616901,322.27096218906894,324.53320796495933,16437000
2021-05-26,325.108642578125,327.26172867485263,323.2829735764936,325.7932722387305,9686900
2021-05-27,330.1590881347656,331.18106697098676,324.215738131107,325.44607335297707,20477700
2021-05-28,326.1703796386719,330.27812809646827,325.77346998443005,328.42269355471336,12037400
2021-06-01,326.5672912597656,328.839469050858,324.0966889019142,327.57933830612393,11765900
2021-06-02,326.587158203125,329.28598088412383,324.5729654497298,327.8075920479753,11654300
2021-06-03,323.5013427734375,324.83090541378255,320.9612782844265,323.2433575381614,12610800
2021-06-04,327.77777099609375,329.8713271716394,322.6480133267942,323.36240833474403,13289400
2021-06-07,333.9591979980469,335.06057070056113,326.36877097243007,326.91450655149737,20136700
2021-06-08,331.0818176269531,335.66583948741965,329.6530276600603,334.07832199527667,14580500
2021-06-09,327.67852783203125,334.17751453094957,327.4304744423022,333.12577058089494,13727900
2021-06-10,329.871337890625,331.33982497689396,325.9917789291626,328.2143580705369,13240200
2021-06-11,328.68072509765625,330.23847761827665,326.3688501836827,329.9904241893929,13587900
2021-06-14,334.14776611328125,334.1973949616918,327.24196787486557,329.3156906835293,12250800
2021-06-15,334.1279602050781,337.2732909264785,332.42135144658135,334.3660818011608,15795200
2021-06-16,328.5020446777344,334.92166747666334,326.16043526357373,334.07831019373776,17232200
2021-06-17,333.8897705078125,335.34832554624546,327.57927697909867,327.9166259313954,17794100
2021-06-18,327.0931091308594,333.53256511705314,326.43824458108406,331.9251840766744,23039500
2021-06-21,329.70263671875,330.3277360767431,325.09875148397424,328.51196839114846,11337500
2021-06-22,336.3902282714844,337.2733130481438,330.0103010916536,330.09959669604154,15345300
2021-06-23,337.93798828125,340.7459694093703,335.56661379024627,336.7076532455804,14817800
2021-06-24,340.5078430175781,342.2144515558053,339.12868191166035,339.1882123029975,12329100
2021-06-25,338.71197509765625,341.44056268544,337.035131575858,339.92247698416224,14594400
2021-06-28,352.8708801269531,355.351414273791,339.1088512451318,339.79348109205574,29156100
2021-06-29,349.1501159667969,353.9623284984824,346.33220223052217,353.4959868181793,21417300
2021-06-30,345.0025939941406,350.17204882576885,344.466820433669,349.4278886007124,15107500
2021-07-01,351.6306457519531,351.90846439103524,343.8020647221668,344.119580389678,17137000
2021-07-02,351.9382019042969,353.66464400562825,349.87438050780213,352.3350813174818,11521300
2021-07-06,350.03314208984375,355.9963560178773,346.4611667728856,353.72417820404075,13488500
2021-07-07,347.7609558105469,353.71423776723833,347.2747808070036,352.49383434528966,14218900
2021-07-08,342.9586486816406,345.61777404774114,339.89271207759845,343.0380427319482,14406500
2021-07-09,347.6915283203125,347.97924848366796,342.58160368473915,342.63123253632193,13018700
2021-07-12,350.41015625,351.43213503991996,346.91757530230257,348.4951912820845,10018600
2021-07-13,349.3484802246094,355.6986411619793,346.0840890261971,348.7630778385036,11456000
2021-07-14,344.9232177734375,352.4342819743491,344.03023159160176,351.79925073751554,13894200
2021-07-15,341.7779235839844,346.5108023254573,337.57094717374997,346.5108023254573,14781600
2021-07-16,338.5036315917969,343.2960104688672,337.4915845124047,342.2244329895084,11026100
2021-07-19,334.32635498046875,337.1442377209551,331.93511678295374,334.94152251311635,14372300
2021-07-20,338.9996643066406,340.775734930449,331.8954120913598,336.1619179823469,11024300
2021-07-21,343.53411865234375,343.82183878893244,338.59288412390543,338.84093751886803,9279700
2021-07-22,348.45550537109375,348.8027861958201,342.5220569930656,343.9806122329509,12385400
2021-07-23,366.91070556640625,372.4075475574417,354.4088071301203,358.09984323454836,33694300
2021-07-26,369.5598449707031,371.52443867186565,365.35286926957764,366.70226514354084,14925200
2021-07-27,364.94610595703125,370.24452329824976,361.71147971727765,369.01418804237403,15705400
2021-07-28,370.37353515625,374.6102768280347,364.07297199585037,371.64356750310543,29676900
2021-07-29,355.5299987792969,362.67391881987123,353.9622842712004,358.1891240675114,33413200
2021-07-30,353.5257263183594,357.92125598632435,350.1919028478955,351.24364693893176,15976200
2021-08-02,349.2096252441406,356.6015991711631,348.0090248606978,355.3117334679123,13180400
2021-08-03,348.5050964355469,351.01539564143263,344.9926820804049,349.98351529526695,12406100
2021-08-04,356.1253356933594,357.67318656110393,348.7730289315938,349.6759469844377,14180600
2021-08-05,360.1437683105469,361.06651968292107,354.121024546421,356.8397103759352,10247200
2021-08-06,360.6795654296875,362.3067799430136,358.58597904613214,358.58597904613214,8925000
2021-08-09,358.79437255859375,362.9319169074044,357.94108333229246,360.92765618426364,7798900
2021-08-10,358.318115234375,361.2649909446652,356.2443923686089,359.01264661164123,7469900
2021-08-11,357.1572265625,359.53853333042804,355.0239732137303,359.2805783648751,8400300
2021-08-12,359.8262634277344,360.1735442509098,354.3293914916329,355.65898438949955,7170700
2021-08-13,360.3521423339844,361.8206294212598,358.6653973147733,360.143785948073,7195700
2021-08-16,363.7058410644531,364.09281893078384,354.59732682572513,359.69728935252357,11222100
2021-08-17,355.65899658203125,361.83056672447157,352.30530958489106,360.1537232259015,12328700
2021-08-18,352.6823425292969,357.05797793706466,352.384660276008,353.4761013114874,10042400
2021-08-19,352.3548583984375,354.7857936207644,348.2669435637918,348.6142243498319,12004500
2021-08-20,356.57177734375,357.18694489775766,350.5589656746457,351.83892962795636,8697700
2021-08-23,360.52081298828125,362.8425891488838,356.3039052424102,356.64125422848525,10942000
2021-08-24,362.6639709472656,365.094875886955,359.02253403016067,360.8283698916123,9235100
2021-08-25,365.5216369628906,367.97237585036623,362.5548972675981,362.75335212907527,9684500
2021-08-26,361.54278564453125,366.56338388860024,361.2947322519193,365.5116399263221,7888700
2021-08-27,369.72857666015625,370.8299192755366,361.2451317980848,362.2572090986586,11219100
2021-08-30,377.696044921875,378.5195689135399,367.63498415552175,369.65910844389265,13547300
2021-08-31,376.4259948730469,379.77968163648467,375.85049403674094,376.99156388391305,12345400
2021-09-01,379.0752258300781,381.3374718182199,375.86046318376043,376.63438864602057,11567200
2021-09-02,372.35791015625,378.77753321392925,371.14740838049124,378.5294798195521,14832900
2021-09-03,373.330322265625,374.22330850570114,370.2048250054217,371.8320699459693,7509600
2021-09-07,379.2041931152344,379.97811852578053,370.2445053593143,372.95325943620423,10793800
2021-09-08,374.6300964355469,377.90438920545546,371.8717438371521,377.1999260274363,11067200
2021-09-09,375.0567626953125,376.87250036613216,373.6379044316709,374.69958031283954,9098900
2021-09-10,375.74139404296875,380.8016897745919,375.3147494355466,378.39058756343474,11549600
2021-09-13,373.5782775878906,378.77746612355196,371.43509300648554,378.7080039182405,13026300
2021-09-14,373.5982666015625,375.64222463834346,372.1893096608873,374.4614877759359,8711600
2021-09-15,371.008544921875,374.62018689725124,364.80720954935725,374.06454967027025,17940300
2021-09-16,370.1551818847656,370.6512886562061,366.83126046012364,369.88729512897135,11934200
2021-09-17,361.880126953125,368.51803802109464,358.7744936986694,368.51803802109464,26299000
2021-09-20,352.93035888671875,358.2188435908357,347.07627493272804,356.5023033115867,19822800
2021-09-21,354.696533203125,357.2365976294864,352.4243555514342,355.70858018739267,11751900
2021-09-22,340.5376281738281,347.1160093217714,338.0372607512432,344.52634630694666,43692900
2021-09-23,343.2662048339844,346.94733905140663,340.32926108840206,342.6708706244858,21806300
2021-09-24,350.21173095703125,351.5909225024472,339.70419175115126,340.56741280535164,18801900
2021-09-27,350.8268737792969,352.38465640920737,344.3774853349106,347.0862393823371,15205800
2021-09-28,337.9975280761719,346.87785115390363,336.2810180731356,345.2605382784772,21710300
2021-09-29,336.96563720703125,342.5419029260096,336.24134067745075,340.4780817360786,14452200
2021-09-30,336.7474365234375,340.1308587382135,335.5170708926495,337.799180667847,16547100
2021-10-01,340.3392028808594,342.3335316631441,336.0032342139593,338.95007959136314,14905300
2021-10-04,323.68988037109375,333.32426674467087,320.1873672849246,332.9174555014666,42885000
2021-10-05,330.367431640625,332.57014704290987,323.6203912754051,326.02153122963404,35377900
2021-10-06,331.0421447753906,331.7763731159524,323.26316386368603,327.1724876898397,26443000
2021-10-07,326.6565856933594,336.201676355274,326.4184641021134,334.3760068358188,28307500
2021-10-08,327.4801025390625,330.80402431715976,326.1505398838151,328.928756267281,15946100
2021-10-11,322.91595458984375,327.8869245412267,322.7770301401252,325.07897314720964,14708200
2021-10-12,321.2489929199219,321.8542589738375,314.89883180646416,320.51476453054045,31658700
2021-10-13,322.01300048828125,324.4538373921097,320.1476341318763,324.4240721962077,14761500
2021-10-14,325.971923828125,327.9464191482135,324.5530656863524,325.8032341975856,14302200
2021-10-15,322.2312927246094,326.5077308425533,319.9988121641068,326.1207530110209,21596400
2021-10-18,332.7289123535156,333.2746480135661,324.94996119096635,326.38868305478695,21585000
2021-10-19,337.3426818847656,339.7934506132104,334.65379158917005,337.00533290465023,18786300
2021-10-20,338.1265869140625,341.3016828983417,336.80695600282183,340.77581084319115,13639500
2021-10-21,339.218017578125,339.6446621931022,335.1697688091569,337.63046963499943,16354400
2021-10-22,322.08245849609375,327.06339039987455,318.60971071997267,323.80893083802226,35224500
2021-10-25,326.13067626953125,326.99389721879066,317.2305194575883,317.80598999710963,38409000
2021-10-26,313.35101318359375,327.638884727191,307.18937444715965,325.70408613688915,65654000
2021-10-27,309.7889404296875,316.7642010297312,309.63018261546694,311.74360248983976,29971800
2021-10-28,314.45233154296875,322.98534384775115,305.7109023111952,310.5529092792764,50806800
2021-10-29,321.050537109375,323.46160870461625,317.1114482093507,317.6968505547002,37059400
2021-11-01,327.41064453125,330.8536268282647,323.46162362425594,323.50132064541936,31518900
2021-11-02,325.52545166015625,332.18322727188917,321.27877830987967,328.79977498067046,28353000
2021-11-03,329.037841796875,329.56371374990124,320.6834209371034,324.939995125202,20786500
2021-11-04,333.2349548339844,334.64388123663895,330.0598590951158,331.40928538211995,22495300
2021-11-05,338.4738464355469,344.0897793143083,336.99545779027494,337.6602239773612,26872800
2021-11-08,335.9833679199219,342.10533921947234,335.70554932019894,341.7382250284052,18342500
2021-11-09,332.7586669921875,338.6524181419945,331.8656808167528,337.3526207608711,17556700
2021-11-10,325.08892822265625,330.59570243398394,322.9755080862131,329.901140695636,21872600
2021-11-11,325.1880798339844,329.8713292985275,324.4538514499528,327.2519011057933,12376600
2021-11-12,338.2357177734375,339.19813592267263,327.2122086341378,327.60908802886553,25414300
2021-11-15,344.8537902832031,350.89636806742686,340.5277530964521,341.6588609660316,25076600
2021-11-16,340.28961181640625,343.95088289662846,338.2158887576288,341.15283291532756,18181100
2021-11-17,338.1166076660156,344.59576107300916,337.4518415302655,341.55958996835096,13602800
2021-11-18,336.0528259277344,339.79346029139595,332.68920729614837,337.07480472247227,17487200
2021-11-19,342.6113586425781,349.35842957953895,337.2534110290804,339.53552057480016,26488500
2021-11-22,338.354736328125,351.07489042308794,337.8586295766536,346.33211109021926,27116800
2021-11-23,334.62408447265625,338.7417654457569,330.90328294034356,336.29099629194184,17225000
2021-11-24,338.4044189453125,339.11881405607335,330.21865551282673,333.38381979578475,13566200
2021-11-26,330.5262145996094,335.1201687600475,329.315712704807,333.18533998164787,14750700
2021-11-29,335.3979797363281,338.01743831325274,332.6991573903865,334.26687191807986,16650900
2021-11-30,321.9336853027344,333.19531813680663,320.9117062864948,332.39162737063583,25390000
2021-12-01,308.1815490722656,327.9265935829965,307.87396527980366,327.7182372061574,30329600
2021-12-02,307.97320556640625,312.1504165030923,304.80804163947613,308.975320750198,24396200
2021-12-03,304.4508056640625,311.30700500958125,297.167961754166,311.2871716391293,27471000
2021-12-06,315.39495849609375,317.60760590944744,303.954735944998,305.73080691553787,21758300
2021-12-07,320.29644775390625,323.9974151280257,318.5005436838794,319.0661126641519,18794000
2021-12-08,327.9861145019531,330.15906463751605,320.5544445697957,322.46940948818246,19937700
2021-12-09,327.251953125,333.512819595826,325.44611679510473,326.97413448039777,16879200
2021-12-10,327.18243408203125,332.4213206705392,323.8287472745476,329.97055187122083,14528000
2021-12-13,331.8855285644531,338.43414460124114,327.0236878165198,328.37311410359496,22948700
2021-12-14,331.141357421875,333.08611788089667,325.09878022695415,325.4956596112595,20461000
2021-12-15,338.9996643066406,339.4461422087471,321.4573370872067,329.9010532887596,24681300
2021-12-16,332.2923889160156,341.77795023184626,331.14141729744705,336.34063809580334,22635000
2021-12-17,331.1910400390625,334.4851667155621,328.1747017247153,330.20872782447896,40012600
2021-12-20,322.91595458984375,327.3312873022695,320.0186773181742,327.21222650534423,17901800
2021-12-21,331.5977783203125,333.38375058647256,321.2291346796741,323.8684263387449,16116800
2021-12-22,327.87701416015625,331.90539917403015,325.7040638349438,331.2009056779404,16764600
2021-12-23,332.6297302246094,334.0486189099643,325.80329473129615,327.52976725894047,13987700
2021-12-27,343.4845275878906,345.16137114468296,335.3781587056069,336.2116145707647,17795000
2021-12-28,343.524169921875,349.963626048627,342.51212302101527,343.93098110318874,16637600
2021-12-29,340.2697448730469,346.9671868790593,338.97987926535325,344.20883419741097,10747000
2021-12-30,341.6786804199219,344.52635905092467,340.54757259642133,341.3214980377505,10593300
2021-12-31,333.7310485839844,340.7658393357724,333.6516545396448,340.34909630287945,12870500
2022-01-03,335.9040222167969,338.4242231212458,334.564527714693,335.6658703471166,14537900
2022-01-04,333.9096984863281,340.41861838888224,329.2859786889718,337.3030828996532,15998000
2022-01-05,321.6459045410156,333.1456568355286,321.318457087581,330.4269709092636,20564500
2022-01-06,329.871337890625,336.529113208816,320.2071867379019,320.3064141577774,27962800
2022-01-07,329.2065734863281,334.37599809420357,326.31922814812157,330.1491582803403,14722000
2022-01-10,325.5155334472656,325.78342022706335,312.9739386071096,322.77701413394965,24942400
2022-01-11,331.7664794921875,332.0244647355846,322.7472608791002,324.235581381853,16226800
2022-01-12,330.66510009765625,333.75086972930177,327.46023940386385,332.57013317263903,14104900
2022-01-13,323.93792724609375,333.0166761967169,323.22353219830933,332.37174337245716,14797100
2022-01-14,329.31573486328125,330.1392892257927,318.7089675405318,319.2844684675813,16868500
2022-01-18,315.6727600097656,321.6855721790978,315.1667516493473,320.7727525971954,22645600
2022-01-19,317.1015319824219,324.55306560102997,316.84354676400187,317.0916001571118,20814700
2022-01-20,314.09515380859375,325.2674893105411,313.519683208936,321.3779984398948,16925000
2022-01-21,300.80938720703125,315.83148420546536,300.68039460419897,312.3587368736268,28710700
2022-01-24,306.3063049316406,307.1199274914886,286.7597118004124,295.520946079868,38878100
2022-01-25,297.81292724609375,303.8456033215666,295.2629308448496,297.614502679901,25108500
2022-01-26,292.33587646484375,305.1155915443927,288.5853105419286,304.61948478062106,28348800
2022-01-27,292.3458251953125,299.3607522279332,291.96877918824987,295.4315949100361,21629900
2022-01-28,299.36077880859375,299.54930182886426,290.74837139396675,293.3182011734946,21871600
2022-01-31,310.8208923339844,311.346764415902,296.98943008887505,298.33882626890477,21579500
2022-02-01,316.51617431640625,317.17103900031117,309.6897391289893,312.11074301010717,18023800
2022-02-02,320.4849853515625,325.4460532362616,314.4027112801285,325.2674620596017,58458300
2022-02-03,235.90870666503906,246.06897966279848,233.91436272380943,242.74505795410397,188119900
2022-02-04,235.24392700195312,240.72095050433083,228.3182800713967,233.14043894132064,89342200
2022-02-07,223.15875244140625,236.44449122728196,222.26575116531183,235.849157043219,88613800
2022-02-08,218.46559143066406,224.01207717049772,214.46697168286357,219.13038789094924,94729700
2022-02-09,230.19357299804688,231.55290089035407,220.47980776459082,222.45430329166842,86563300
2022-02-10,226.29417419433594,233.1702075147075,224.93483120002207,226.49261389613994,49310400
2022-02-11,217.8405303955078,228.62588894167223,217.06660488683985,226.68115848296108,46156900
2022-02-14,216.0049285888672,219.27923696521253,213.10766627924662,217.6023933189641,38184000
2022-02-15,219.2792510986328,219.42807711352177,213.3854986693314,218.75337899271693,42685500
2022-02-16,214.85394287109375,215.76679277675476,210.70649697006257,210.7561106818888,45817500
2022-02-17,206.09271240234375,215.80647777484828,205.54699184434253,212.35357836964496,38747500
2022-02-18,204.55474853515625,209.10900508345037,203.58236835806525,207.759594053588,37128400
2022-02-22,200.50653076171875,205.86447827017005,198.50225500397403,200.76450085331822,39852400
2022-02-23,196.90480041503906,205.3286999507496,196.50792100175778,202.57034715050102,44481400
2022-02-24,205.9835662841797,206.72772654511968,188.73888765920373,189.5723435178615,49957200
2022-02-25,208.8411102294922,209.67458114367503,201.59794806228433,203.34425365392673,37627600
2022-02-28,209.38685607910156,211.49034428010935,205.21956156352897,206.06293412526344,34239800
2022-03-01,201.90557861328125,210.1012586232327,200.64546292921548,208.23589195453502,27094900
2022-03-02,206.48956298828125,207.52145842115084,200.4469860879729,203.18549004210848,29452100
2022-03-03,201.3896026611328,207.45202857519675,199.85166849923849,207.39249817950693,27263500
2022-03-04,198.5022735595703,204.28688133945332,197.2421579013162,200.7942848206602,32130900
2022-03-07,186.0102996826172,199.3258054429597,185.8217766611403,199.22657801903105,38560600
2022-03-08,188.80831909179688,195.16841189497072,184.66087351517342,186.38733062782254,37508100
2022-03-09,196.95437622070312,197.54971036602572,192.41003665533762,194.2158724601669,31894700
2022-03-10,193.69003295898438,194.7516936899463,189.5822690603511,193.32290361390366,24853000
2022-03-11,186.14918518066406,192.05285278974358,185.2165020189651,191.14001813828725,34694500
2022-03-14,185.1768341064453,190.79275173053884,184.3731434907347,185.57371350137103,31010500
2022-03-15,190.53477478027344,190.7828281781689,184.46243244458515,189.3143563018215,31721700
2022-03-16,202.0444793701172,202.14369165553742,193.00541201145757,193.18400320920165,40640300
2022-03-17,206.2216796875,206.42011938787329,199.5440861170762,200.12948853216994,29499700
2022-03-18,214.8043212890625,215.1119050734654,204.3959954860092,205.090541957238,52128000
2022-03-21,209.84327697753906,213.0382062435741,206.01333156086238,212.8298347088417,30142300
2022-03-22,214.9630584716797,217.75119125075489,208.54343562422935,209.7241721651945,31998800
2022-03-23,211.79791259765625,215.11190224536244,210.5080319452024,211.66891999041766,23717300
2022-03-24,217.8603515625,218.95177745927012,213.1175565355208,213.325928057074,31502300
2022-03-25,220.09283447265625,223.74417336052977,217.18564066662418,218.79302190096215,40039000
2022-03-28,221.8490447998047,222.29553791114895,217.830576517749,220.4004213594452,26224100
2022-03-29,228.0701904296875,229.0921690998033,223.53576757259168,224.30970801343267,31417900
2022-03-30,226.0758514404297,229.3501438698953,224.9447286589835,227.12759532528608,25588000
2022-03-31,220.62863159179688,226.71090621508176,220.5294041691088,226.6712091900149,24192300
2022-04-01,223.09925842285156,225.51033046743126,220.96598986548707,222.80159128229144,19544800
2022-04-04,232.06886291503906,232.52528788104456,224.1013880730897,224.22044887292608,28054800
2022-04-05,230.03480529785156,235.01572198026443,229.2211979906724,232.2573692886443,29727200
2022-04-06,221.56130981445312,227.20700787328028,219.68602663220452,225.14320167620593,28995100
2022-04-07,221.21401977539062,223.76401600245768,216.85820266353352,222.18638486720067,21037200
2022-04-08,220.59889221191406,223.37709383257123,218.31679748280348,220.64850592906487,18375700
2022-04-11,214.7745361328125,218.89221601096958,213.54418596956737,216.7192660715172,20516600
2022-04-12,212.47262573242188,220.30119065314656,211.4704954183544,218.5251349202986,20128800
2022-04-13,213.3159942626953,214.92337535155505,209.6844890752935,210.17067915993815,19231800
2022-04-14,208.54344177246094,213.3160017822713,208.36485059628197,213.21677436885344,18379500
2022-04-18,209.12887573242188,211.71855397049873,206.6781068000665,208.36486698096425,16580800
2022-04-19,215.617919921875,216.7291942314038,207.37262790461878,208.88079671039137,20089900
2022-04-20,198.85946655273438,212.49248814621333,197.37114601309614,211.94676758701675,43036500
2022-04-21,186.60562133789062,201.38959810560033,184.13500399279943,200.03027030150272,49954100
2022-04-22,182.6764373779297,191.21939665285564,181.84298162915087,188.88768875332022,36426800
2022-04-25,185.53402709960938,185.72253496662242,180.24552677813085,181.307187460691,29281100
2022-04-26,179.5410614013672,185.73248018162553,178.10235460110894,185.17684294621372,31747400
2022-04-27,173.58778381347656,179.7990512660107,167.68411532557215,173.0718284502036,71062900
2022-04-28,204.1280975341797,206.90629861285063,191.39799536375196,201.3399797700055,100890600
2022-04-29,198.90904235839844,210.82552109106607,198.34347339392878,202.86797968975637,49193400
2022-05-02,209.486083984375,210.2302442617145,199.4250376403443,199.60362883971555,49915300
2022-05-03,210.37905883789062,213.2267071664261,206.4697346374748,208.8113594552885,41556300
2022-05-04,221.6704559326172,222.55352547851587,205.34854436270368,209.00980002605064,41375900
2022-05-05,206.65826416015625,218.45568421552025,204.55477600232203,217.03682591961714,41129200
2022-05-06,202.18338012695312,207.74969932081515,199.454792583687,205.7255749921496,34747200
2022-05-09,194.6822509765625,200.99273052738982,194.05715151927018,198.2839763057758,36303200
2022-05-10,196.11102294921875,201.37969017738874,192.67797217965332,197.95654095400684,34452500
2022-05-11,187.27041625976562,199.107518248461,186.80407461686013,194.80131449139864,31153400
2022-05-12,189.75091552734375,196.50788705194628,183.341209644372,185.60345521719108,38262200
2022-05-13,197.0734405517578,198.333555936121,189.790597094371,191.0804776725401,24549800
2022-05-16,198.48240661621094,203.7709070471389,194.4044080173516,195.5156975710409,27112600
2022-05-17,201.04232788085938,203.8602261947691,196.8155031199633,200.54622104854852,24872700
2022-05-18,190.74314880371094,199.43493452984333,190.1378978992899,198.44272092521723,23960000
2022-05-19,189.80055236816406,193.76940717562402,188.12372392959506,189.7112567685913,24446900
2022-05-20,192.0330047607422,196.36898829099752,186.4071557210518,193.451878017089,31465600
2022-05-23,194.7020721435547,195.45616417554956,189.75093592706153,193.67017665237506,25059200
2022-05-24,179.86849975585938,182.24980659881354,174.738756702844,179.14418798829092,50406300
2022-05-25,182.39862060546875,184.00600172835072,177.92374289893897,178.99532022087533,28030200
2022-05-26,190.1378936767578,191.32854694787179,180.84084211269274,181.4560248290842,23056500
2022-05-27,193.6106414794922,193.80908116828513,188.32214126028134,189.86999202883518,22562700
2022-05-31,192.13223266601562,196.06140501525076,190.51491972252046,193.3724996128733,26131100
2022-06-01,187.17117309570312,197.97637860549406,183.5595161934951,194.97988929114155,36623500
2022-06-02,197.31163024902344,199.37543670053057,186.2682861810007,186.98268130421397,31951600
2022-06-03,189.2945098876953,195.07911700749378,188.30229628512222,194.45401759307975,19465000
2022-06-06,192.7374725341797,195.38668076457046,186.93301749839526,192.47950247435816,30574200
2022-06-07,194.1265869140625,194.99973973643614,189.99898979915574,190.43555107036437,18828700
2022-06-08,195.10888671875,200.45691755476113,192.8962545730106,193.15422466525632,22267200
2022-06-09,182.56729125976562,197.89698741635377,182.24977565995093,192.7672452341674,23501600
2022-06-10,174.20297241210938,181.67434061220698,173.65725183083143,181.61479507062933,27450800
2022-06-13,162.98097229003906,171.236195281082,162.75276744071215,169.26168510827847,31749300
2022-06-14,162.4551544189453,165.4516442084213,160.10361265639898,164.73724909119548,27244300
2022-06-15,168.03138732910156,170.81950525732464,162.70318974465354,165.8981189021135,30008300
2022-06-16,159.6173858642578,163.7946114907579,158.36720226576904,162.44520048319256,26944100
2022-06-17,162.4650421142578,164.6082117437861,158.65493081070196,160.42106960965214,31374200
2022-06-21,155.8271484375,166.45374758302697,154.75555593593816,164.63799488371197,50724900
2022-06-22,154.63650512695312,159.53802789484112,154.22969389233737,157.14680447815155,47267800
2022-06-23,157.51390075683594,158.50611430491048,153.04893979050044,155.05321539680466,40499200
2022-06-24,168.8350830078125,168.92437860519823,160.04406921900008,160.4707138331624,68736000
2022-06-27,168.1702880859375,170.41268536583237,166.70180106089464,169.9860407861088,29174600
2022-06-28,159.42889404296875,169.96621409614545,159.35944695501826,168.57710579735652,27744500
2022-06-29,162.6635284423828,165.03491875533774,159.07171942727453,162.2964141909988,28595200
2022-06-30,159.9944610595703,163.94346739412538,157.25595666485037,160.88744734437603,35250600
2022-07-01,158.78396606445312,159.3693685465401,153.79313208602133,159.06178470476493,31423900
2022-07-05,166.8804168701172,166.93994726695396,155.7973921729659,156.9086666205292,28618600
2022-07-06,168.4481201171875,170.2539411358276,164.17168159339727,166.89033737772058,23085900
2022-07-07,170.84925842285156,171.3751304080076,166.4735929101582,168.13058776866583,24083400
2022-07-08,169.54946899414062,171.05762280254982,166.84071489855444,168.65646764813104,19249200
2022-07-11,161.6117706298828,166.18587634519014,160.64932213963525,165.76914841229626,21885600
2022-07-12,161.9987335205078,164.61817705836836,160.83784531918116,163.51681925608725,16639700
2022-07-13,162.21697998046875,163.69536830941655,158.36718700688155,158.9129074242677,16555100
2022-07-14,156.81936645507812,161.3240096508679,156.05535772465447,159.96468182944713,23765200
2022-07-15,163.41758728027344,163.6954058947358,158.57559489965857,159.2899748082911,23342800
2022-07-18,165.92787170410156,170.35315090475228,164.35025575538538,165.45161342788072,23574300
2022-07-19,174.41128540039062,175.1157636372119,168.190102602461,169.043406806228,25933700
2022-07-20,181.66436767578125,182.17040625480746,175.32412396073522,176.10798111100158,24784300
2022-07-21,181.7437744140625,182.4184875761292,177.47725264504635,179.22355837746912,27195800
2022-07-22,167.95201110839844,174.23272541696684,167.09870675194256,171.72242605878435,42583900
2022-07-25,165.3523712158203,169.24186140011855,163.5267020370526,167.68407896151234,26166300
2022-07-26,157.91079711914062,164.70746671110234,156.720143761273,164.6479363142058,28468400
2022-07-27,168.25958251953125,169.53953138988183,160.75845019660002,161.32400407048306,43846600
2022-07-28,159.46859741210938,160.2524396243278,153.64430746036663,159.80594645838158,73214300
2022-07-29,157.86117553710938,158.89307092618188,153.9617685690305,156.46215085405942,42065400
2022-08-01,158.6847381591797,163.9037921865568,154.0213365507477,156.02561256985382,40596700
2022-08-02,158.9427032470703,160.97674420933518,156.77966966857088,157.0773367845084,27374500
2022-08-03,167.4856719970703,168.2199004297414,160.31197133907014,161.42324581445072,31721900
2022-08-04,169.24188232421875,170.80956650112654,165.50123278418064,166.98955319565712,23938200
2022-08-05,165.80882263183594,170.27378402922727,164.50902518076973,165.68976183936536,25832700
2022-08-08,168.9243927001953,176.12785914996925,165.82869061268593,166.69191173939979,27299100
2022-08-09,167.21774291992188,168.20995643758116,165.30277809802828,167.63447078054156,18655100
2022-08-10,176.9513702392578,179.07470674304471,172.59555312980802,174.6196773573301,30262100
2022-08-11,176.1079864501953,181.67430500840524,174.9966969915663,178.31070171750684,24079100
2022-08-12,179.0945281982422,180.0470597743485,177.51691244216764,179.40211194615884,21274000
2022-08-15,179.4815216064453,180.02724212693158,176.81246453895838,177.56655658180426,15878700
2022-08-16,178.07257080078125,179.58073966791372,175.66148395043294,178.0428056048491,21156700
2022-08-17,173.4885711669922,176.75294757211662,172.8138579795018,175.38368782395926,20118100
2022-08-18,173.300048828125,174.39147481635746,170.52184743447762,172.9825331762889,18844500
2022-08-19,166.65220642089844,170.9782584134384,165.74928839232285,168.87475524203418,26240800
2022-08-22,161.7804412841797,164.20144505183907,160.99658400957932,164.20144505183907,19499700
2022-08-23,159.8555450439453,163.76486932772292,159.44873380548583,161.21487292760173,18111800
2022-08-24,161.98880004882812,164.1716822581917,158.52598399302542,159.34952316474363,20891500
2022-08-25,167.46580505371094,167.56503246665474,162.74287391315033,163.89383014741966,15550500
2022-08-26,160.5203094482422,169.589140833169,160.41116535041576,167.16813731045715,24023600
2022-08-29,157.9306182861328,161.7804114453021,157.77186049524462,159.40902182632365,20052700
2022-08-30,155.936279296875,160.4012401042354,154.69601240594153,159.10144282493343,19567900
2022-08-31,161.66134643554688,166.53311859967866,160.87750439263087,165.76912506695646,40953000
2022-09-01,164.07244873046875,166.05687601790066,159.10146382584418,162.30630965585266,30145700
2022-09-02,159.07171630859375,166.62244844215843,157.98027512320076,166.14619007943259,22634200
2022-09-06,157.3055419921875,160.43102400577848,156.46216949199575,158.85340797014467,19339800
2022-09-07,159.14111328125,159.70668221010988,155.58898734377883,156.53158708523634,16831200
2022-09-08,160.79812622070312,160.96680070817172,156.51177153802922,157.47421989709738,22530800
2022-09-09,167.83291625976562,168.21987893943492,161.75065748137297,161.97886235913248,22086800
2022-09-12,167.64442443847656,170.05549633320575,165.9774976389288,166.0866417456848,23220400
2022-09-13,151.93768310546875,160.3714992434936,151.48125815876136,160.2821885074128,44444100
2022-09-14,150.29058837890625,152.34446256485677,147.88943339273362,152.13610619670536,43064200
2022-09-15,148.3855438232422,152.99933091133602,147.54215622478398,148.63359721808547,34606300
2022-09-16,145.1509246826172,147.42310236449293,143.16649743066273,146.89723035392328,40122800
2022-09-19,146.8674774169922,147.42311467152805,143.97021520406963,144.1091245177036,22169500
2022-09-20,144.95249938964844,147.68108713223123,144.08927829406127,144.6449155574268,23217400
2022-09-21,141.01339721679688,148.43516612082303,140.89433642517437,145.25015368511407,38338600
2022-09-22,141.7079620361328,143.4542526254641,139.77313328922853,140.44784645009264,34418500
2022-09-23,139.31671142578125,141.509494943838,137.80854255554897,140.3188416841715,31710700
2022-09-26,135.30819702148438,141.1325025792301,135.12960579680842,139.02899893538438,30497000
2022-09-27,133.353515625,138.3344326531718,133.07569699936298,136.84611209869647,30826500
2022-09-28,140.5073699951172,140.92409789474942,133.22452572729918,133.57179140700362,32658500
2022-09-29,135.3478546142578,138.7511398392883,134.1472695516224,138.2748815722821,38985400
2022-09-30,134.62355041503906,139.8922179917955,134.4449592124269,134.99067978704159,33166400
2022-10-03,137.53073120117188,138.53286151227974,135.04028045219258,136.0721759608596,27723100
2022-10-04,139.18772888183594,141.28130027797047,138.25504563332407,139.3961004088353,34670700
2022-10-05,137.89784240722656,139.11827604059891,133.73054829955544,137.1636140300522,27979300
2022-10-06,137.98715209960938,140.3486101635324,135.5363833056393,136.64765768866192,36231100
2022-10-07,132.41090393066406,137.21321419500794,131.4087736296269,135.695128574833,33214800
2022-10-10,132.74826049804688,135.05020348397787,130.84321206485183,132.51013890638444,24024000
2022-10-11,127.53912353515625,131.6270536717178,126.00119706886443,130.59514309744893,38481400
2022-10-12,126.50723266601562,128.6603343385144,125.2669656790939,127.32085507662566,34605200
2022-10-13,129.27548217773438,130.11886965603964,121.57591134910837,122.56812478712605,34325700
2022-10-14,125.77299499511719,130.76382050048636,125.53485828651976,129.9799784371502,23559400
2022-10-17,132.99630737304688,133.74046759034007,129.1663621824455,129.2854381123977,29612200
2022-10-18,131.76596069335938,136.76671025641883,130.37685265808165,136.02255010394123,25445000
2022-10-19,132.19264221191406,135.93329253022526,131.1905117100772,131.85529314871923,30691000
2022-10-20,130.505859375,135.70506431958893,130.28757116213697,131.89495242051143,26356300
2022-10-21,128.9976806640625,129.106824762259,124.46327252621275,125.32649348650858,46348600
2022-10-24,128.70994567871094,132.44066325636285,123.60004427257866,126.25917694643074,63563400
2022-10-25,136.4392852783203,137.27275620010687,129.57316905393745,129.86091947335717,38433200
2022-10-26,128.80918884277344,134.49456906227655,127.52922470090857,130.65469177666142,82791500
2022-10-27,97.17739868164062,101.70189010182288,95.62954037737664,97.21708813251803,232316600
2022-10-28,98.42758178710938,100.06473566950352,96.75074602404112,98.8046277834116,95928300
2022-10-31,92.43461608886719,98.54664749730443,91.87897136447218,97.45521412829655,121361400
2022-11-01,94.45872497558594,96.73089486642364,92.82157870798524,93.5955040497576,110189600
2022-11-02,89.83502197265625,94.45873350080176,89.77549157791279,93.47644413758876,71821100
2022-11-03,88.21772003173828,89.75564666078411,87.7216132023707,89.37860819566096,60664000
2022-11-04,90.08307647705078,90.67840314172008,87.40409513105502,89.64650005696497,55638100
2022-11-07,95.96690368652344,96.12565393122965,92.37508761392576,94.04200681828185,81987300
2022-11-08,95.71885681152344,97.03850284878779,94.05193749339736,95.17313624874802,52088300
2022-11-09,100.67992401123047,104.0832172597688,99.95560468906787,100.92797743293154,107677300
2022-11-10,110.99893188476562,111.87207707822908,103.7954594362292,106.285917551093,80671000
2022-11-11,112.13997650146484,114.00534289363566,107.9627582000439,108.37949366062841,59961700
2022-11-14,113.33065032958984,115.36468387805913,109.93728128327324,110.12579673918653,53395000
2022-11-15,116.16836547851562,117.8154360525285,113.5191570888149,115.16622766282778,50670500
2022-11-16,112.34835052490234,115.17615780277245,111.78278906932832,113.60845848030793,33287800
2022-11-17,110.58219909667969,111.45535188108411,108.94505276589892,109.55030364781972,35093800
2022-11-18,111.17753601074219,113.42985753376976,109.75867027139351,112.91390979672886,33357700
2022-11-21,109.00458526611328,111.49504348891325,108.33980397966518,110.65165588402866,24351100
2022-11-22,110.5722885131836,110.75088726803217,107.47657928580465,109.00458917284487,29029000
2022-11-23,111.36604309082031,111.79269520616867,109.86780612970331,110.8500953924864,21343100
2022-11-25,110.54252624511719,111.85224795871838,110.15555595769946,110.43338213815132,12007600
2022-11-28,107.93299102783203,111.16760938845886,107.53610408548704,109.91741816956821,23309400
2022-11-29,108.6076889038086,110.07616821598536,107.69485429974674,108.68706780068048,23899200
2022-11-30,117.180419921875,117.23995788306726,108.5283164674862,108.65730907507884,43348600
2022-12-01,119.50221252441406,120.25628943600728,117.4780958022648,118.27186216762439,36551400
2022-12-02,122.52845764160156,123.07417815982849,116.69424428941612,116.91253249670689,39950500
2022-12-05,121.47671508789062,123.69927150066809,120.40512255012695,120.80200951633452,35474900
2022-12-06,113.2314224243164,119.61135638173694,112.8543763993124,118.97634026277038,43689200
2022-12-07,113.04290008544922,114.97771365164438,112.00107273750456,112.87422558377872,29461100
2022-12-08,114.4320068359375,116.42635090508423,113.6977632539732,115.48375092633268,30619400
2022-12-09,114.99756622314453,116.62479604138488,112.98337367800491,114.40223953329871,26033400
2022-12-12,113.81682586669922,114.81896376384701,112.25905075290997,114.28316748923302,24747100
2022-12-13,119.21446228027344,122.33993654844322,117.71621766581951,121.17904091513068,44701100
2022-12-14,120.64325714111328,123.17340504101887,118.46039008353992,118.46039008353992,36922000
2022-12-15,115.24562072753906,117.70630642075625,113.122284052751,117.40864685802285,34531000
2022-12-16,118.50007629394531,122.34986252333044,117.8948253630125,119.29385024041143,67064000
2022-12-19,113.58861541748047,116.8827642422822,113.43978186458503,115.9203158462125,29769900
2022-12-20,116.17828369140625,116.41642039944615,111.58433757114356,112.37811145796563,28742500
2022-12-21,118.82749938964844,119.40297750767131,114.71973581106239,115.79132071461487,20392800
2022-12-22,116.20805358886719,117.69637391242856,113.48938301410328,116.2874249195991,23618100
2022-12-23,117.12090301513672,117.25981232393049,114.6403688295484,115.12655141032663,17796600
2022-12-27,115.96993255615234,117.67654130229182,115.14640095236707,117.01175995140878,21392300
2022-12-28,114.7197494506836,117.23004887272762,114.61060533929127,115.34484134957533,19612500
2022-12-29,119.3236083984375,120.08760953159305,114.86856393098249,115.49366333718959,22366200
2022-12-30,119.40298461914062,119.48236352635037,116.823230694738,117.23996617259452,19583800
2023-01-03,123.76873016357422,125.38604327854202,121.32788546177093,121.86368174801889,35528500
2023-01-04,126.37825012207031,128.0451692882345,124.87008119697514,126.38816680776964,32397100
2023-01-05,125.95161437988281,127.51931390341454,123.57029989363045,125.14791610415372,25447100
2023-01-06,129.0076141357422,129.3151979236821,125.05860074966127,127.96578684693003,27584500
2023-01-09,128.4618682861328,131.91476662993804,128.27334532041223,130.1387113307319,26649100
2023-01-10,131.95448303222656,132.40097609349974,126.15995207065836,126.27901284967068,28684400
2023-01-11,131.8552703857422,132.80780214441828,129.32512256861318,129.94030532233305,25423000
2023-01-12,135.6455535888672,136.60798703423046,130.73408322737612,132.40101026363502,30757700
2023-01-13,135.91339111328125,136.32020225231057,133.79005498319407,133.919047573612,22423800
2023-01-17,134.3060302734375,135.68520653868867,133.20467259831045,135.11963753309317,21147600
2023-01-18,131.98426818847656,136.18132782317699,131.76597996728842,134.75253769902895,20215500
2023-01-19,135.08987426757812,136.37975496300405,131.11110322074273,131.45838403334974,28625200
2023-01-20,138.28480529785156,138.85037431994746,133.56187398797255,134.831906191301,28688600
2023-01-23,142.1544647216797,142.64063975769045,137.58035884055695,138.20544319256794,27470100
2023-01-24,142.0254669189453,143.87098498713812,140.25932776271534,140.5867600970698,21970200
2023-01-25,140.39820861816406,142.05520332710776,139.2174721444914,140.12039005259123,26622000
2023-01-26,146.1530303955078,146.36138672192314,142.1841769707281,143.27560257855794,25482100
2023-01-27,150.55850219726562,151.99720893784095,146.24236683556117,147.08575448002523,35771900
2023-01-30,145.91493225097656,149.9433171179442,145.80578814738973,148.24664030943237,28040100
2023-01-31,147.81007385253906,148.71299193940402,146.3713670374125,146.7980116547346,29842100
2023-02-01,151.927734375,152.38415927092325,145.91492266683247,146.87737102434204,55661000
2023-02-02,187.30015563964844,195.6248266993024,178.757196388301,181.95212522311238,150475700
2023-02-03,185.0775909423828,195.23786307187538,181.4659342518953,182.0414199235635,76809700
2023-02-06,184.61126708984375,189.215137765212,184.075478386839,185.0776087109676,42483800
2023-02-07,190.1279754638672,192.2711605893038,182.9641916734573,184.13501165753016,47080700
2023-02-08,182.00172424316406,189.34411359851615,181.49570078296176,188.5205745350657,36139100
2023-02-09,176.53463745117188,185.1966577219229,175.88970468339843,184.6807175636952,37118800
2023-02-10,172.79397583007812,177.4970732939062,172.00021713810386,174.9768576529371,33433600
2023-02-13,178.0328826904297,179.59066534207818,174.45100605417406,176.83231268780145,31463200
2023-02-14,178.08250427246094,180.096696800279,174.51054416410403,175.78057644351702,24034600
2023-02-15,175.78057861328125,176.80255748917412,173.96482576796248,175.04633504206592,25308900
2023-02-16,171.09730529785156,174.48075710359464,170.4523574127226,171.40488907292328,25827500
2023-02-17,171.5338897705078,171.8315417346345,168.37864269096454,168.89459799541382,24171300
2023-02-21,170.74009704589844,176.78267349101887,170.5416573783694,172.95272886180098,34592600
2023-02-22,169.78758239746094,171.41481205762443,168.36872424999137,169.73798383060884,22433200
2023-02-23,170.70042419433594,172.33758574816875,168.06114747660433,170.66074231120285,20017800
2023-02-24,169.06329345703125,169.39072579815928,166.35455426767354,167.3269194643697,19791300
2023-02-27,168.21987915039062,171.7720054876957,167.74362088404132,170.54167037129523,19277000
2023-02-28,173.5778350830078,176.16751296792663,170.53173231868809,170.56149751299935,46051100
2023-03-01,172.06967163085938,176.4651855200996,171.7025574629913,173.23055966490836,30998400
2023-03-02,173.17103576660156,173.64729404817407,170.09516759732804,171.0377826149936,17352000
2023-03-03,183.80755615234375,185.16688384157925,175.6714082467401,177.52684270021945,45877700
2023-03-06,183.4602813720703,188.18322761199428,183.20231129660337,186.53614946714723,33209400
2023-03-07,183.07333374023438,188.87778960526148,182.57722691894926,187.52837844576686,36701500
2023-03-08,183.5297393798828,183.81747464438317,179.92799939127048,181.44608489358308,19432400
2023-03-09,180.27529907226562,187.45891615214956,178.89612271521787,184.89901827847535,26582800
2023-03-10,178.11227416992188,183.3313278726715,177.40781092790243,179.60059470599492,25665000
2023-03-13,179.49143981933594,182.3490199218457,173.4587942651152,176.57434446133212,24728000
2023-03-14,192.50930786132812,192.80697500171783,185.10738693821187,186.119449159545,41642600
2023-03-15,196.2102508544922,196.24001605303158,189.35405084464165,191.4476222684607,42123600
2023-03-16,203.33432006835938,204.15785915002033,194.56315572437018,196.71625735908384,50447100
2023-03-17,194.0869140625,200.32793130379721,193.90830773144071,198.99836863693588,50141100
2023-03-20,196.26979064941406,197.807724920832,192.1322613145537,196.93457201525698,25186300
2023-03-21,200.58592224121094,201.9650986580919,196.4086959647701,201.61781781226705,31827000
2023-03-22,198.2541961669922,205.75532852932008,198.1152868691705,200.92325316226015,28477800
2023-03-23,202.68936157226562,206.26133603446536,200.57594208713283,201.26057178738574,27389700
2023-03-24,204.40589904785156,205.96368152042962,201.96506229995975,203.58236002056196,27716400
2023-03-27,201.2606201171875,204.25710968337523,199.79214810341801,203.21528228672267,18527200
2023-03-28,199.11741638183594,199.46469719503838,196.3590638071846,198.5915443892571,19127300
2023-03-29,203.75106811523438,204.1181823011788,200.962935191242,201.9749972989551,18851100
2023-03-30,206.2216796875,206.4697330979613,201.24077810622202,201.7964153232587,22608300
2023-03-31,210.28976440429688,210.51796930568898,205.1600216261787,205.62636325509658,25440300
2023-04-03,211.41098022460938,211.82770816161158,206.57888921274505,207.21390537484075,17924600
2023-04-04,213.04812622070312,214.55629527926422,210.8850924885587,211.72848018695962,21026400
2023-04-05,209.8333282470703,213.51444737094567,208.30532596205177,212.48253674679614,19396600
2023-04-06,214.41734313964844,215.25079884501878,207.02534046184934,207.62067461710043,26104400
2023-04-10,213.07786560058594,213.98078358899562,209.0197157053964,213.0381837191073,16106100
2023-04-11,212.1848907470703,214.33799250651626,211.74831432764745,213.80218866814147,16710100
2023-04-12,212.33370971679688,215.15159269813535,210.92476822612764,213.16716550452043,18972200
2023-04-13,218.63427734375,219.42803612820578,214.0105582384014,214.05024012163284,23310400
2023-04-14,219.765380859375,220.38054840499984,215.85605711722883,216.18348939989343,21591200
2023-04-17,217.15589904785156,219.25938732513404,215.43937352233297,218.07865055591148,15481900
2023-04-18,216.19345092773438,218.7235989895089,214.52653911384724,218.1977269191769,12281000
2023-04-19,214.02049255371094,215.63780573322012,211.2720563592022,211.80786023682174,15898100
2023-04-20,211.41098022460938,215.06231937166476,211.11331308675648,211.81777633502944,16475400
2023-04-21,211.2323455810547,211.74830087486373,207.94812109811113,208.57322048984176,17717200
2023-04-24,211.13314819335938,212.25435452781917,209.06935700458934,212.01621778758587,15750900
2023-04-25,205.93392944335938,209.61503330899023,205.51720156083385,209.17847205585224,19198200
2023-04-26,207.76953125,212.44286418050763,207.25359105527792,210.84539960612796,41992700
2023-04-27,236.70248413085938,239.8081176766573,234.9264283723866,238.02213009217323,71196500
2023-04-28,238.4487762451172,238.55790520519412,233.91435289009024,237.1489637299281,39554000
2023-05-01,241.28651428222656,242.10013676312872,234.61885231326877,236.76202234544346,29143900
2023-05-02,237.377197265625,243.01296348744427,237.1291438550172,241.2865062992217,24350100
2023-05-03,235.1844024658203,239.86765214917628,230.93772921497737,237.60540621704422,34463900
2023-05-04,231.7017059326172,236.34525794910945,231.11628844816386,234.22192161729876,17889400
2023-05-05,230.96749877929688,232.85269871171457,228.06031996962398,230.4317100547082,27000500
2023-05-08,231.45367431640625,233.7853672287388,228.47703347004094,229.618073071823,16400500
2023-05-09,231.55288696289062,234.043352831237,229.2807244414687,229.6577704607354,16865600
2023-05-10,231.26516723632812,234.9065896390676,228.92354233696676,234.3311038856675,19119000
2023-05-11,233.95404052734375,236.35521078761784,230.49122471674158,231.23538492451843,20449000
2023-05-12,231.9894561767578,235.11493805740562,229.64783150762847,234.89664985723425,16161400
2023-05-15,237.00015258789062,238.38924563922228,233.4976396213384,235.07525568820336,20653200
2023-05-16,236.96044921875,237.77405646362476,233.68614144893996,233.95402820885016,18163800
2023-05-17,240.60189819335938,241.94137756334118,236.2857626745779,236.5933464897594,21193100
2023-05-18,244.9279327392578,245.16605431320838,239.31200014059405,239.42114424198073,22943300
2023-05-19,243.7273406982422,246.7535951143533,241.51470867661695,245.54309334790887,21733600
2023-05-22,246.386474609375,251.59559571740687,243.21137915535476,243.49912956161424,27738500
2023-05-23,244.81881713867188,249.65089307900408,244.72950639806524,244.8882642258329,17748100
2023-05-24,247.26956176757812,247.64659264626343,243.04272207618027,243.37015438607577,17724300
2023-05-25,250.72247314453125,253.62965191246678,247.2298768085311,251.4269363674874,22371400
2023-05-26,259.9996643066406,260.2675510820646,250.7423094564224,250.9605825230714,25727200
2023-05-30,260.47589111328125,266.55816503984386,259.255487821885,263.1846450145921,23816500
2023-05-31,262.6588134765625,262.93663210305795,256.43764444041886,257.97556357281155,25473700
2023-06-01,270.4873046875,271.86649597151376,263.8196591105298,263.82956065505147,25609500
2023-06-02,270.4873046875,273.2059902375829,269.0089162785536,270.53693352991894,19416900
2023-06-05,269.27685546875,273.42430092681104,267.46108767771483,268.1953160303984,20742900
2023-06-06,269.00897216796875,274.41654891819206,267.59011385118043,268.0366221259544,19419000
2023-06-07,261.5474853515625,272.1145530986745,260.75369638147964,269.55465558504585,26163600
2023-06-08,262.5198974609375,265.56600090360325,256.8642973226566,258.59073953708463,20899400
2023-06-09,262.88702392578125,265.86366493518454,259.6623294989277,260.43625495017426,16949800
2023-06-12,268.93951416015625,269.6340758695962,263.2640505240302,265.0897503979936,15442500
2023-06-13,269.2074279785156,273.57316219648015,266.9947805297934,272.73970632322903,16164000
2023-06-14,271.22161865234375,272.8488333609741,266.23078499484023,269.77299514100963,19175100
2023-06-15,279.6355895996094,281.7787749466959,269.3066710434547,270.179793713784,25973500
2023-06-16,278.81201171875,285.60868069386356,277.948790762136,282.53281258688276,43127700
2023-06-20,282.1160888671875,282.5824304857627,274.0692508402336,276.55971674793904,20701600
2023-06-21,279.447021484375,281.78863078326714,276.19253217277145,281.3222892323925,20556200
2023-06-22,282.6618347167969,283.0388807556065,275.6270434409826,276.90697727173125,17563100
2023-06-23,286.4818115234375,287.4144946253104,276.77796481412315,279.31802892306763,51092000
2023-06-26,276.3017272949219,287.5335927129634,275.4385062924321,286.45208350341085,24232700
2023-06-27,284.81488037109375,287.09698964762225,278.46471986414537,279.8141460043459,26108300
2023-06-28,283.06866455078125,287.29547446574816,281.84823075760875,282.60232288476834,16722100
2023-06-29,279.337890625,284.33865559418587,278.50443484346164,282.2847661968472,15395700
2023-06-30,284.7454833984375,286.7993426355483,282.20541888378625,282.542767890268,19694900
2023-07-03,283.79290771484375,287.1465943473465,282.6320348220263,284.46763593933775,8629300
2023-07-05,292.07794189453125,295.7987432678793,284.1303004714729,285.41026462229314,33865500
2023-07-06,289.71649169921875,295.7987670105128,289.0417935965531,293.5861496620706,47600500
2023-07-07,288.267822265625,293.89368682314864,286.4123876380687,289.90496868523604,25586000
2023-07-10,291.80999755859375,295.80861676818955,284.81487418799236,293.24868897130455,37058300
2023-07-11,295.9674377441406,297.8427059212955,289.6271775662314,291.61160499769574,27585900
2023-07-12,306.9313659667969,307.04052521355806,297.7633215569858,299.4004680187438,36677100
2023-07-13,310.9696044921875,313.7775550834661,307.873903537296,311.1779608272418,30281000
2023-07-14,306.46502685546875,312.4282406131699,304.9667745464392,309.36230405201036,23054100
2023-07-17,308.201416015625,309.2829253198248,302.3374293890318,305.14541112925815,25323100
2023-07-18,309.6202392578125,311.75352270448207,305.2247403126379,308.45936631199953,20731900
2023-07-19,313.5494689941406,316.19866268368173,308.10219505234863,310.5926611922204,21763700
2023-07-20,300.1644592285156,313.0831001900084,299.86680724874,311.05897588766237,23836900
2023-07-21,291.9687805175781,303.081554551309,288.9326093562947,302.19850020228625,42139300
2023-07-24,289.3393859863281,295.2033718464492,286.0551614764398,293.4769299160423,24915700
2023-07-25,292.1771240234375,295.97728858041813,289.58743092349596,292.89151898756404,19585600
2023-07-26,296.2452087402344,299.42027395208453,289.6271309972358,298.8448034126717,47256900
2023-07-27,309.28289794921875,322.81670621390026,307.4274633309865,322.58848618129997,64229200
2023-07-28,322.9456481933594,323.6600430964914,311.8030801253295,314.4126063726026,39220300
2023-07-31,316.11920166015625,323.1242259827866,315.1170564163969,321.169564334237,25799600
2023-08-01,320.1972351074219,321.6161235359721,312.2099279207589,315.0675078686695,22817900
2023-08-02,311.8626403808594,315.9108886463333,308.2311351321081,315.5239108250941,20461100
2023-08-03,310.7513732910156,313.48989245918426,307.5167473332486,307.5167473332486,15180200
2023-08-04,308.3105773925781,315.93077142766623,307.7847053368224,312.5076220119246,17612800
2023-08-07,314.09515380859375,314.60119246481474,308.04264442618995,310.79109564375017,16236500
2023-08-08,310.2056884765625,315.41481011229837,307.6953588862012,311.95196390121913,15183500
2023-08-09,302.83349609375,311.1879477003987,300.4918865961825,310.4437875207549,19955800
2023-08-10,303.359375,309.90799078632176,301.5039404211993,305.54225702209254,14358900
2023-08-11,299.2913513183594,302.34735615356055,298.021288729232,300.21410278081095,14046300
2023-08-14,303.805908203125,303.8257415758813,295.9277291848271,298.63648342400137,15641900
2023-08-15,299.5989074707031,304.8377940471984,297.6938440429067,303.75628486098515,11623600
2023-08-16,291.9985046386719,298.735612161679,291.9885728145888,297.86248976095845,18547700
2023-08-17,282.8702087402344,293.7448627460336,282.7313145635703,290.7682215551062,23950100
2023-08-18,281.04449462890625,283.46549817008304,272.2435650787886,276.857352138506,35347900
2023-08-21,287.6427307128906,288.23806495812437,279.65542295254005,281.2429708465109,20181500
2023-08-22,285.360595703125,290.6193149024441,284.51720821041675,290.272034137217,12980200
2023-08-23,291.9489440917969,295.08434296040133,285.4301232140553,286.25364724690445,18287000
2023-08-24,284.5173034667969,297.1283322231521,284.4081744845914,296.17581546587223,18360900
2023-08-25,283.2769470214844,286.14445849769015,273.8806842050553,283.9020463553259,23701400
2023-08-28,287.99993896484375,289.180675611169,283.57464435762574,285.7575264634264,14239300
2023-08-29,295.6697082519531,296.8206796120224,285.93609567718016,286.3329750441115,20844500
2023-08-30,292.8022155761719,295.9673791248622,291.14520567590415,294.8561048281346,17717000
2023-08-31,293.5860900878906,298.7555143501628,293.3578700641985,293.49676421952233,17229900
2023-09-01,294.0722351074219,299.3904848088491,292.17710373308387,297.03894371355636,12842300
2023-09-05,297.81292724609375,299.0432927883047,293.20907155898277,294.70729361157686,14956000
2023-09-06,296.8405456542969,300.93836224382807,293.3578663505046,299.36074630859395,15418100
2023-09-07,296.3444519042969,304.6591765120229,289.9446620146728,295.67965546312854,33748700
2023-09-08,295.5705261230469,302.8732037411154,294.4691532729565,296.89015689806655,17548000
2023-09-11,305.16522216796875,306.6337092437882,298.93412177158643,299.063114388511,19489300
2023-09-12,299.3111267089844,306.2566211780148,297.8922686774997,303.94474677654966,13480400
2023-09-13,302.6846923828125,304.78818046723666,298.97382303689284,300.00570342701496,13210900
2023-09-14,309.2928466796875,310.4338863451406,302.65493479949475,304.3516116982113,19343100
2023-09-15,297.9716491699219,309.5706280070703,296.4237984522829,309.18365018768327,28131100
2023-09-18,300.1942443847656,301.23608694316124,295.48122928524634,295.86820716463995,14234200
2023-09-19,302.6946716308594,303.78611286828567,297.4756173464149,300.1248415190787,15924400
2023-09-20,297.336669921875,305.66132647870694,297.09851806182877,302.67475378193933,19379500
2023-09-21,293.4273681640625,297.9220950102227,290.98650066246944,293.397602964285,21319600
2023-09-22,296.7512512207031,303.00221551221176,295.947560570074,296.9695394393899,25369600
2023-09-25,298.48760986328125,298.6067009327977,291.41315219064484,293.3380490350795,18987000
2023-09-26,296.6321716308594,297.9617342313641,293.7051596565991,295.34230605304384,19417200
2023-09-27,295.4216613769531,298.95393929645525,284.55694085285074,298.11058197811235,36429800
2023-09-28,301.5932312011719,303.9447725402208,294.38978120306416,296.61232993196177,22167100
2023-09-29,297.8724365234375,308.22124738927045,297.0290489070334,304.98662136210095,25373700
2023-10-02,304.43096923828125,304.7881515825602,299.2813784819107,300.3827209900587,16265600
2023-10-03,298.59674072265625,304.3813322519074,297.30687525176296,301.89089689380233,17362300
2023-10-04,303.20062255859375,304.51035179503504,296.1757635012426,296.4039835330329,16880500
2023-10-05,302.4168395996094,303.82576617835457,297.1680203445175,302.2580817648284,19130000
2023-10-06,312.9739685058594,313.8471214300376,298.5670360967991,299.0929081606846,21803900
2023-10-09,315.8811340332031,317.8357962026818,309.3920783387563,310.0667763769625,22503700
2023-10-10,319.333984375,322.1320336698553,315.68264601743215,316.63516248463407,19038000
2023-10-11,325.2674865722656,326.2795335962298,320.4354109332088,320.4949413299151,22036300
2023-10-12,321.63592529296875,327.96625213981815,320.1773702662497,325.446021422368,20530500
2023-10-13,312.2397155761719,322.5190344437851,309.93777264367094,321.0108805983314,21341000
2023-10-16,318.6493835449219,319.3141799633307,313.0632162730603,316.15894806212225,16536100
2023-10-17,321.47723388671875,321.87411330466125,314.8293900863371,315.7025429737858,16387800
2023-10-18,314.5019226074219,323.4020791485381,313.1028979019005,318.88751971635827,16851000
2023-10-19,310.3743591308594,319.3836763111059,309.3226150513973,317.3893171227114,18709200
2023-10-20,306.2467346191406,312.8449492839968,304.08371614626304,311.6940081053693,22312300
2023-10-23,311.5650329589844,314.8889246228949,304.8675904983353,307.090139491986,17796800
2023-10-24,310.1163330078125,315.87118976703397,308.21129994817363,314.31340722600686,19525500
2023-10-25,297.1977233886719,308.4593532359643,296.5130936168484,307.58620046726446,42192500
2023-10-26,286.1047668457031,292.7029805200805,277.22444396879075,292.7029805200805,66684100
2023-10-27,294.4195556640625,296.9794534570117,290.6888227974808,292.18707503953055,29596300
2023-10-30,300.30340576171875,306.9909164922188,296.7214985151733,296.7611955420491,28435100
2023-10-31,298.9242248535156,301.31546361894567,294.548558592787,300.94834937710914,19434200
2023-11-01,309.4217834472656,310.3048377093164,299.49964853011716,299.49964853011716,20434600
2023-11-02,308.4494323730469,316.3375424870294,305.92920138835984,314.82935845841877,21631800
2023-11-03,312.150390625,313.0929753347785,308.5982491394363,310.11633466819546,16764300
2023-11-06,313.341064453125,315.85136382365476,312.00160022439076,313.5196859262533,12887700
2023-11-07,316.3376159667969,318.50063481768234,312.6664127369756,314.59130996169756,14055600
2023-11-08,317.2900390625,318.8279579106293,312.4281988574953,315.6628246309264,13609700
2023-11-09,318.0540771484375,321.6558175852299,316.3177032404489,316.9329011458724,16103100
2023-11-10,326.2100524902344,326.53749993312164,316.9725463498959,317.44881977593377,19096200
2023-11-13,326.6268310546875,329.74236633406514,323.16401492354265,323.66012177465035,16908900
2023-11-14,333.6913146972656,335.4673853136922,330.73450761136604,331.9351077297074,17179400
2023-11-15,330.119384765625,335.7650826812692,327.45032770758064,335.29874106904697,14531200
2023-11-16,331.587890625,331.9748382128518,323.83870424203946,326.80541344208376,18932600
2023-11-17,332.4312744140625,332.88768422104437,326.78557624437,327.6884943120668,14494400
2023-11-20,337.3228759765625,339.20807585654825,331.58788228778786,332.28244395513093,16960500
2023-11-21,334.35614013671875,337.25338680796017,333.2845325230063,335.69560423392653,12027900
2023-11-22,338.8310241699219,340.2499126792458,335.9436788615161,336.5687782957013,10702700
2023-11-24,335.596435546875,339.1981456805994,334.1477818085071,337.4816354360319,5467500
2023-11-27,332.09393310546875,337.25342610918796,331.59782626203656,333.56238998285437,15684500
2023-11-28,336.3504943847656,336.7374722413347,330.80402373364524,330.80402373364524,12637200
2023-11-29,329.6134033203125,337.2534306439208,328.2044465428384,337.04507424526616,16024500
2023-11-30,324.60272216796875,330.90328553474234,319.8897068567543,329.30583593205915,23146400
2023-12-01,322.29083251953125,324.31492648520225,318.2624476796763,322.9456971366447,15276400
2023-12-04,317.5281982421875,318.3616540663768,311.2177340247724,314.81947438356156,19037100
2023-12-05,315.81170654296875,319.3737500866392,312.9342928735929,316.4963364172633,16952100
2023-12-06,314.97821044921875,319.74082348141286,314.5713992512257,319.42330787127855,11294300
2023-12-07,324.04705810546875,325.684204601207,315.2957262890319,315.2957262890319,15905100
2023-12-08,330.1590881347656,330.57583118602076,320.48500516162073,320.5743007554703,14087400
2023-12-11,322.7472229003906,327.3213431195111,317.5083365583756,326.83513788878696,25802500
2023-12-12,331.6176452636719,331.86569867463805,322.0328578303436,322.07255485448627,18485500
2023-12-13,332.13360595703125,335.73534655135336,330.0499814002796,331.32991527829347,16353300
2023-12-14,330.5758361816406,332.0939218599385,326.08110954354635,331.2505341986713,19607300
2023-12-15,332.31219482421875,336.02306402754414,328.64099236363404,329.40498594080213,31776900
2023-12-18,341.9366455078125,344.8537559101192,334.39581610239355,334.85225615932194,18993900
2023-12-19,347.6319580078125,350.8467508068738,342.4327681993937,342.8891779975481,17729400
2023-12-20,346.5603332519531,352.19609871652887,345.08194481295914,345.9352338964191,16369900
2023-12-21,351.3329162597656,353.6348591200321,346.49090896056947,350.2315736784916,15289600
2023-12-22,350.6383972167969,354.4187288106996,348.4852802675343,352.8113172583685,11772800
2023-12-26,352.0671081542969,354.2003914352068,350.69787893895216,352.22586595026877,9898600
2023-12-27,355.04376220703125,356.20466538676425,352.5433949552393,353.2974869448079,13207900
2023-12-28,355.5299987792969,359.08211028758853,355.0239601332717,356.8992584473952,11798800
2023-12-29,351.20391845703125,357.19689709783825,349.0805970920824,356.19475166917226,14987100
2024-01-02,343.5936584472656,350.41016108257946,337.3625582064885,348.58449167928967,19042200
2024-01-03,341.7878112792969,345.24072541994775,340.5078472895794,342.29384989196654,15451100
2024-01-04,344.4171447753906,345.4391234677094,340.72610934954895,341.81755025395563,12099900
2024-01-05,349.2096252441406,350.7475443733981,343.5639268458326,344.2882234705981,13920700
2024-01-08,355.8672790527344,356.184794623425,349.3087324129408,351.93812227528014,13890200
2024-01-09,354.64691162109375,357.8319391849978,352.5930221333329,353.62493279017207,13463900
2024-01-10,367.58538818359375,370.0361570840026,356.28406029694395,357.3655998102049,22117200
2024-01-11,366.7916564941406,369.8774266062331,360.10411548022216,369.232493748975,17205400
2024-01-12,371.5740966796875,374.124093141166,366.6626570609986,367.277824706656,19310000
2024-01-16,364.59881591796875,372.68535103334375,364.37062615979,370.74062077604117,15306900
2024-01-17,365.5017395019531,365.670429146602,355.8177245328264,363.44784996748376,12724800
2024-01-18,373.2012939453125,373.9156889250279,368.0616349334474,368.59740845826764,16354300
2024-01-19,380.4643249511719,381.3672126996037,375.02698340921194,376.0489622272857,21670800
2024-01-22,378.8073425292969,387.3106211461021,378.19217488438653,384.92931433872445,17680500
2024-01-23,382.20074462890625,385.35597705383367,379.10501232600126,381.6252437031258,15506100
2024-01-24,387.65789794921875,393.0654443520471,384.7903858717887,386.96333625933397,15698500
2024-01-25,390.1185302734375,392.41054123350926,382.65709501138133,387.1319879715003,15091100
2024-01-26,391.0710754394531,393.7004353737154,388.5409126393493,391.27943181312344,13163700
2024-01-29,397.89752197265625,399.7926537489581,390.03920652616733,391.91447464954996,18742400
2024-01-30,396.94500732421875,403.19594147380514,396.45883230457235,400.4475204468842,18614700
2024-01-31,387.1022033691406,394.9009872257024,384.0858657420948,385.9710654040157,20180800
2024-02-01,391.7060852050781,397.38154822868097,389.98954477012256,390.87262941167637,29727100
2024-02-02,471.29156494140625,482.1761501937465,449.48272769119956,456.021412191709,84707600
2024-02-05,455.8328857421875,468.2256247901911,455.6443627225016,466.22136407769085,40832400
2024-02-06,451.17938232421875,463.4828252605775,449.4727736721461,460.3871235847148,21655200
2024-02-07,465.9335632324219,467.84852814106995,452.62797572422755,454.4338116753669,23066000
2024-02-08,466.3403625488281,466.925764902263,461.4090600570604,464.67345107328936,18815100
2024-02-09,464.46514892578125,469.9024910003543,463.8301478919399,469.26748996651287,18413100
2024-02-12,465.24896240234375,475.41915205194476,462.947019526659,464.5444992074422,19382000
2024-02-13,456.537353515625,464.2468731870275,451.54651991731083,453.3126590561984,20916600
2024-02-14,469.5948791503906,470.4184031638811,462.4608605223656,464.28653002066994,16858400
2024-02-15,480.2611083984375,484.8153648171296,468.543069161247,471.5792401070417,24212300
2024-02-16,469.63458251953125,475.23065188428683,465.556568581848,474.3872642070569,23324600
2024-02-20,468.0767517089844,472.4722505574725,462.9271608576115,466.062559372818,18015500
2024-02-21,464.8784484863281,465.84191805812145,458.68047616341727,463.3587521836112,12921800
2024-02-22,482.8565673828125,486.69056087896115,472.85436813311964,477.00621413077533,21625800
2024-02-23,480.77069091796875,491.0311185651113,479.10201079171736,484.7636105726592,18374300
2024-02-26,478.49615478515625,482.8665512765611,477.3638468302636,480.21451660164433,12101400
2024-02-27,483.7704162597656,483.9889360930162,476.68845187614863,476.74804543866367,10809600
2024-02-28,480.76080322265625,487.7434649649456,479.4993657776015,481.73421522969807,12715500
2024-02-29,486.8296813964844,488.389116970363,479.36029842457447,485.1510587006431,17732000
2024-03-01,498.9176940917969,500.8545756713837,488.5380785343457,488.7963071827619,16273600
2024-03-04,494.8353576660156,501.023417843007,493.0772871660998,499.61296631053943,12324100
2024-03-05,486.9190368652344,492.24293001218,484.60473958064495,491.6668488599236,15325300
2024-03-06,492.7494812011719,499.58315827930903,490.9616139639747,494.2791198094029,11757900
2024-03-07,508.7411193847656,516.3495133273082,498.0039120353607,499.8911121312514,18586400
2024-03-08,502.5431213378906,520.0444695551262,495.9875573729022,510.7276263527499,18597100
2024-03-11,480.3337097167969,493.97126872640746,472.79482114316187,493.6633585577727,20428300
2024-03-12,496.3849182128906,498.92767795025486,481.4660667509396,489.93862852466117,15448200
2024-03-13,492.2330322265625,497.6066070345607,487.72359432803495,492.05425155124124,12090700
2024-03-14,488.5181579589844,497.9740726695781,484.872887560761,496.891416024587,12620000
2024-03-15,480.84027099609375,488.5182008794358,478.05910688483056,485.71721266457956,29153600
2024-03-18,493.6335144042969,494.0705540169501,483.5319824334074,488.5976468076453,11755300
2024-03-19,492.89849853515625,493.28588697301825,478.039241983051,484.88286188860536,10903100
2024-03-20,502.11602783203125,504.77800486477514,491.8357446734777,496.136574918537,11711100
2024-03-21,504.3409729003906,511.5719209963109,502.6027566454652,511.24418672335725,9712500
2024-03-22,506.148681640625,506.5360700886192,500.9439753750218,503.5860676514322,8120600
2024-03-25,499.63287353515625,503.80460470631,496.8715940455522,502.3842409725829,8380600
2024-03-26,492.5509033203125,506.5658780636044,491.87545911237584,501.72867541124447,11205400
2024-03-27,490.5345153808594,496.5239406969625,484.78352491807254,495.93788686349995,9989700
2024-03-28,482.310302734375,489.57110826984064,481.88320544172586,489.5214267607809,15212800
2024-04-01,488.0414123535156,494.08045824129323,478.53584639701245,483.9193631882776,9247000
2024-04-02,494.02093505859375,494.1798613298688,481.38658445705084,481.8335664895174,11081000
2024-04-03,503.32781982421875,503.8244530380208,495.3916307675297,495.5704114495978,12099200
2024-04-04,507.4796142578125,526.4311212868225,507.1418770525445,512.9425484119156,26476300
2024-04-05,523.7891235351562,527.1264840478417,510.94613579364227,513.3796505682054,19263300
2024-04-08,515.7535400390625,527.9111101756489,515.3959787113195,525.716030393533,13260600
2024-04-09,513.4193725585938,522.3289421324931,503.32775304353936,518.7134382659121,10863800
2024-04-10,516.3297119140625,519.0413099030587,502.3941546225541,505.8606751200009,11418500
2024-04-11,519.6372680664062,520.3325667313413,513.8067986443587,517.6010838952341,10369500
2024-04-12,508.4530944824219,516.6872819178756,505.90039240697365,514.2637093320776,11984500
2024-04-15,496.8616638183594,515.0384571853876,493.93151580388917,513.2405867962719,13512900
2024-04-16,496.3948059082031,501.37104976093684,493.76262580382166,494.7558921640913,9847900
2024-04-17,490.84246826171875,499.77192346212956,483.85980671013607,499.71232990333476,12193700
2024-04-18,498.42108154296875,508.76101901000555,495.67968681337135,496.45443341487936,14808700
2024-04-19,477.8306579589844,499.41431669209027,472.52661920207805,499.41431669209027,25215400
2024-04-22,478.4862365722656,488.69701401127566,470.2123104372898,486.4224254546389,17271100
2024-04-23,492.75946044921875,495.4015526749956,485.6774662629057,487.94211241184524,15079200
2024-04-24,490.17694091796875,506.56583559911667,481.31699178938914,504.63889646618475,37772700
2024-04-25,438.40789794921875,442.7683213792549,411.70889412672494,418.5624257469969,82890700
2024-04-26,440.3050537109375,443.4338366860677,429.05132886461274,438.48735929530994,32691400
2024-04-29,429.7068786621094,436.7988148712777,425.6742197513567,436.60014947867506,21502600
2024-04-30,427.2734375,436.65978716345234,426.826455477513,428.1474865043682,18429500
2024-05-01,436.2326354980469,446.9301028028631,424.23396143290347,425.7139488551081,20344900
2024-05-02,438.70587158203125,440.9705176340693,429.3691740100177,435.88499880227045,15221300
2024-05-03,448.9167175292969,451.11185831252936,440.86134078784477,442.92732176443593,16489100
2024-05-06,462.54425048828125,463.02102923203086,450.2873477934908,452.51225464015755,15094600
2024-05-07,465.0870361328125,468.3548909827228,458.2037074526032,463.1501848954651,13406800
2024-05-08,469.417724609375,472.377639194553,459.8823607432109,460.378993962156,11683900
2024-05-09,472.21868896484375,472.87421806387255,464.481135815607,466.83517215291295,9437700
2024-05-10,472.99346923828125,474.2847034264408,466.437904971436,473.87746056720033,10750000
2024-05-13,464.8586120605469,470.1626509363038,459.73335385977305,469.5666850409423,14668800
2024-05-14,468.6727600097656,469.3581162552764,456.9819950045203,460.2498499695703,10478600
2024-05-15,478.2974548339844,479.25098197914036,468.0270850959641,471.78163043660237,13100500
2024-05-16,470.0434265136719,474.47338576625015,469.5666477728062,471.8014969689751,16608200
2024-05-17,468.7323303222656,469.6163216180006,465.2658404350713,467.65958568158874,10807300
2024-05-20,465.6830139160156,470.01367116907085,463.89514652631107,466.78555537893186,11745100
2024-05-21,461.5013427734375,467.53047671083374,459.1572184570371,463.97456625143184,11742200
2024-05-22,464.63018798828125,470.5301932433233,462.51452555786585,464.71957833310466,10078600
2024-05-23,462.6436462402344,471.16585905076363,458.43220618871834,469.6958441033179,11747900
2024-05-24,474.9998474121094,476.61887645447604,463.16009887613995,464.4712177669983,12024300
2024-05-28,476.68841552734375,477.6220580395815,471.6426053305284,473.37087913585106,10175800
2024-05-29,471.165771484375,476.6188238980227,470.5102424233148,471.46376955148327,9226200
2024-05-30,463.9050598144531,468.5535696018269,461.5808200768087,468.4939760428169,10719600
2024-05-31,463.6865234375,465.9611118987805,451.3998233629331,462.66346029491183,16919800
2024-06-03,474.2747497558594,476.370557560807,465.08703582474993,467.68938886665507,11279400
2024-06-04,473.7781066894531,475.6653370045295,470.04344582485936,473.78804905282203,7088700
2024-06-05,491.72650146484375,493.30579153156003,480.6515862684817,481.18795865539454,15690500
2024-06-06,490.43524169921875,499.4342331212912,487.5845718978277,489.6604950970564,10667300
2024-06-07,489.6405944824219,495.5505416682554,486.8694030600324,492.57074247783544,9380700
2024-06-10,499.2156677246094,499.27526127994463,490.0875476500694,490.53449931508374,11220900
2024-06-11,504.0528564453125,504.18198591577544,494.91479425221536,496.7920821312561,9673700
2024-06-12,505.4136962890625,510.5488971678868,501.0731267567173,510.5290124391708,11983200
2024-06-13,500.70556640625,505.930126725215,497.9839960314029,502.30471065857984,9954600
2024-06-14,501.2624206542969,504.2352263741651,497.872015470044,499.76108944033547,10243300
2024-06-17,503.7181701660156,507.81448578396373,493.15921302560884,498.78668605391897,11266600
2024-06-18,496.6191711425781,503.0917646222148,492.1748612572284,501.66003859591564,13060400
2024-06-20,498.8165283203125,500.7752071040244,493.9148400723255,499.1147919555252,11801200
2024-06-21,491.936279296875,500.5564623228992,489.56003146184884,500.5564623228992,22359200
2024-06-24,496.0425720214844,504.88146192373665,491.44912982983715,496.33091377345426,13525300
2024-06-25,507.6653137207031,507.7746669273976,492.6520954596526,494.1931746405667,12063200
2024-06-26,510.17083740234375,510.856874053988,501.77934388389946,503.7380225205022,8882300
2024-06-27,516.5738525390625,519.8747782877508,510.9464098062174,511.294373925033,10121200
2024-06-28,501.322021484375,518.8805251412638,500.94420066099576,514.1777300033583,15855100
2024-07-01,501.7793884277344,503.6684622749848,490.3355617817053,502.0478560452752,10328200
2024-07-02,506.5716857910156,507.5659383637164,496.57945957224564,497.88192801510917,7739500
2024-07-03,507.0290222167969,508.3414428657344,503.1116647399918,503.45965920114367,6005600
2024-07-05,536.8069458007812,537.7614502342552,508.65968477780285,508.65968477780285,21354100
2024-07-08,526.2777709960938,539.6902282867122,523.6231336593002,539.2328502639116,14917500
2024-07-09,526.9539184570312,534.3909090570122,525.1543235402414,530.6823659932838,8753200
2024-07-10,531.616943359375,535.7828643236683,525.3233071938398,527.739333812602,10983300
2024-07-11,509.7532958984375,532.3824937070442,505.44816535369097,527.8387522591509,16458300
2024-07-12,496.0027770996094,505.16978705228513,491.3894609308073,494.89917130590845,19750500
2024-07-15,493.3083801269531,503.76790669294775,490.5344068407608,495.764185294849,12539200
2024-07-16,486.9749755859375,501.05359564218975,482.9979652991605,498.61766470466665,14075800
2024-07-17,459.3347473144531,476.41602998115064,456.4812472174527,476.41602998115064,28076600
2024-07-18,473.1150817871094,476.4855821522594,461.87008787870946,472.2699610515285,19267200
2024-07-19,474.0496520996094,483.91261978583464,472.97584242128886,473.32383686041453,15149400
2024-07-22,484.5987548828125,489.231976057795,481.1188704689238,483.78346039514867,12023100
2024-07-23,485.8812561035156,492.3737237074945,484.91682996591794,487.0246404087884,9455500
2024-07-24,458.618896484375,473.56251219425883,457.9328597471359,469.59545393801864,17649700
2024-07-25,450.8040771484375,460.88578278239254,440.10590941212183,460.5974713733936,18240500
2024-07-26,463.0234375,467.0700224305545,456.7795325266989,461.5320586336811,14222400
2024-07-29,463.0333251953125,471.23590835425637,462.34728854009927,467.1793714880281,11339600
2024-07-30,460.52783203125,470.01300966806275,454.0751428177802,464.3159317450937,11390400
2024-07-31,472.1009216308594,473.7613367281888,464.06737443417023,468.3128218694942,24285800
2024-08-01,494.8792419433594,524.1400864636705,489.2716734818862,518.0055653777843,43083100
2024-08-02,485.33447265625,498.2696781877349,473.4133634987111,486.18951531730556,24044700
2024-08-05,472.99578857421875,480.7012460328518,448.2090488117456,448.7559059334732,21396200
2024-08-06,491.250244140625,499.6715645445627,475.8989821739981,476.24697663872547,20955000
2024-08-07,486.1099548339844,507.2179163887547,484.06176673048657,500.2382746300819,20105300
2024-08-08,506.700927734375,507.02901772261134,491.87661869501426,494.6406395475425,16156800
2024-08-09,514.794189453125,515.3609207187151,502.7935532579475,504.7919803564355,13696600
2024-08-12,512.984619140625,515.0427292166193,506.1739830538234,513.8893622667638,9767400
2024-08-13,525.502197265625,528.4452065274616,515.1719598564413,517.0212549519154,13743800
2024-08-14,523.7324829101562,530.9308616621455,520.1233412991648,525.0249990881922,11444200
2024-08-15,534.2417602539062,536.667738996692,523.6728503857054,528.7335620768248,13482100
2024-08-16,524.388671875,530.5927981833395,521.6445250806896,528.842964640351,14776700
2024-08-19,526.238037109375,528.6043024311272,519.7554908387405,523.8418543972291,9879700
2024-08-20,523.70263671875,528.0376240435813,522.8575463080886,525.3133210272216,7944400
2024-08-21,532.0841674804688,536.2998492635563,523.9014884202904,524.1202555369616,13423300
2024-08-22,528.8726806640625,541.1019732510056,525.5519115759549,533.9135476981955,15708300
2024-08-23,524.96533203125,536.7671046219766,522.0422271868836,533.834047542885,11323900
2024-08-26,518.1249389648438,524.9654020892407,511.99041707220374,524.5676767533054,9584000
2024-08-27,516.116455078125,520.9982688988101,512.3482599012927,515.9971496313474,6282700
2024-08-28,513.8098754882812,518.0951016645886,509.5047448414531,514.6947141610383,9106100
2024-08-29,515.2415161132812,524.169945083232,512.7161365376401,516.0667627034325,8317400
2024-08-30,518.3137817382812,520.5309454515676,512.2389133705824,518.3535299929398,9157500
2024-09-03,508.8186950683594,522.4697631708141,505.69672749483755,516.6534100228187,12459100
2024-09-04,509.7929992675781,513.6209076689888,501.1728473864135,503.1613523166981,8335200
2024-09-05,513.8892822265625,518.6318856057995,508.21210950371375,508.77884065529906,8640900
2024-09-06,497.394775390625,521.5650858634302,495.3863959079225,518.8805915008639,14744500
2024-09-09,501.8887634277344,508.39115339074016,499.19431711601146,503.2508845942156,11047800
2024-09-10,501.8887634277344,511.22477928436297,497.15611148388973,505.23938973469745,9899000
2024-09-11,508.88824462890625,510.17083885199577,492.7515459442201,504.0959706304443,10782500
2024-09-12,522.5791015625,523.6827679826088,512.2587555239991,514.07825463183,11970500
2024-09-13,521.6048583984375,524.5478683032711,514.1380107433177,517.3494883022121,10321400
2024-09-16,530.7207641601562,531.5367754435251,514.91696903701,522.0226572862116,9527600
2024-09-17,533.7462158203125,539.4984461028365,528.0238099822781,535.02004153394,11690800
2024-09-18,535.3684692382812,541.5884764077421,531.3379167409221,534.4926873694405,10323500
2024-09-19,556.4168701171875,559.3726487545077,543.8972849270339,547.360565064833,15647000
2024-09-20,558.6560668945312,561.790974396656,553.630313904446,557.3125698177632,22066800
2024-09-23,561.701416015625,571.2254976602934,559.7110138514457,566.7670162500528,12830700
2024-09-24,560.6266479492188,565.0254197663409,551.5304953936857,563.9605473092387,12993000
2024-09-25,565.582763671875,574.1116448246654,561.0147636623793,561.343197050028,16543400
2024-09-26,565.114990234375,574.6291098304922,559.6512854533856,572.967080344701,14400800
2024-09-27,564.6372680664062,568.1006091166316,561.8009692958777,567.3641092966835,9398400
2024-09-30,569.6929321289062,571.9221729211617,562.0895809864053,564.975688534177,12792300
2024-10-01,573.7034912109375,580.2419690688359,567.3640657014531,575.206254439428,15259300
2024-10-02,570.0611572265625,573.2358512630743,566.6078384594379,572.1013073959746,6524700
2024-10-03,579.9733276367188,580.5604622327534,566.0006662054095,567.4138954120452,11581000
2024-10-04,593.0801391601562,593.9857454241755,578.6397616460487,580.9287120013399,14169500
2024-10-07,581.9736938476562,600.0564797527886,581.2371940539072,595.3491375246505,12014200
2024-10-08,590.0447998046875,590.7115675395601,583.1579643993507,586.8601441089934,7857400
2024-10-09,587.67626953125,591.5376550413775,578.8189545663957,591.1395502650149,9529700
2024-10-10,581.0283203125,587.3975714014435,579.7246092000134,584.7503629965945,7740400
2024-10-11,587.118896484375,588.3728595792917,579.9136502956993,582.0234717517561,8587100
2024-10-14,587.5866088867188,597.2201481215791,587.1288552616571,591.3683608695632,8252000
2024-10-15,583.4564819335938,587.7756200523332,577.3558952346164,587.3277674752023,9564200
2024-10-16,574.0220336914062,579.2866865055009,571.2753296162662,578.6099570311397,11268400
2024-10-17,574.161376953125,582.1627721197076,572.4396984468079,580.5306884411078,8701200
2024-10-18,573.7034912109375,581.1674987096003,572.4893751474343,578.3112766994918,7694300
2024-10-21,572.3997802734375,574.4698153606886,566.37882637357,573.2656610260642,8171900
2024-10-22,579.2169799804688,580.7297050326658,569.3744268963089,571.5339961936412,8544500
2024-10-23,560.9849243164062,582.1926578504655,559.8006325485245,577.1867670377931,14248400
2024-10-24,565.0553588867188,566.15005589508,558.8253897398115,564.4084538185217,7184700
2024-10-25,570.4990234375,578.5004183141831,568.9763366172681,571.1757528879629,11337900
2024-10-28,575.3854370117188,580.948637846338,571.3648464645419,579.2070359341649,10925100
2024-10-29,590.4329223632812,590.8210046180449,572.6387223000493,577.3659274017436,13019100
2024-10-30,588.9599609375,598.3148749725009,586.5515914382872,598.0958991586175,26864900
2024-10-31,564.8561401367188,587.0690313685568,560.3080647643856,582.1925226935432,26838400
2024-11-01,564.4382934570312,570.9170630749317,559.8603921723633,564.886146151507,15303200
2024-11-04,557.9893188476562,565.9608889972419,555.2127297782872,561.392889439504,12064600
2024-11-05,569.6829223632812,570.7278713037589,563.950554670974,564.5775361837109,9775400
2024-11-06,569.3048095703125,570.2502628176765,552.5058091849941,560.0494509609904,18305400
2024-11-07,588.8604736328125,591.9455725919563,572.4496180315167,574.1215485070126,14653700
2024-11-08,586.51171875,590.2536230697959,581.7148431751318,588.7011121123804,9415700
2024-11-11,580.3713989257812,584.1830360838699,573.7433864354757,583.5460928122134,10209100
2024-11-12,582.0134887695312,596.78223842264,577.5947936518803,585.7156075410013,16287700
2024-11-13,577.216552734375,582.8295006873793,572.4097151236031,579.8140126435408,10757600
2024-11-14,574.3902587890625,577.9730193106801,570.2602105353902,574.2310533344881,11053700
2024-11-15,551.4209594726562,569.8222153223612,548.8533240134138,568.4786575942975,17712900
2024-11-18,551.739501953125,557.2131078822542,547.4501877365338,554.3667866349945,14327300
2024-11-19,558.3974609375,558.7357953255338,547.9577494586872,549.2117126735113,9522400
2024-11-20,562.8060913085938,563.6320644076252,551.5404086524625,560.2284939812367,9797300
2024-11-21,560.3878173828125,567.2646302971915,546.4151549825543,566.7869532039366,11154700
2024-11-22,556.456787109375,561.1242829453168,551.9286340129557,560.8455974662718,9164000
2024-11-25,562.3980102539062,569.8421548761189,553.7198868796414,559.402445590544,13599800
2024-11-26,570.78759765625,574.7286157457173,562.4876547795837,563.2838034841143,10356600
2024-11-27,566.4684448242188,572.2206752566353,561.3928830685265,572.131141178584,7200200
2024-11-29,571.5639038085938,575.6840509462676,564.179528644509,566.2694266604135,7130500
2024-12-02,589.9850463867188,591.6470151067747,572.8078668096863,574.7285975175146,12522400
2024-12-03,610.7052001953125,611.2525486705784,588.412670496105,592.144674748723,14907200
2024-12-04,610.83447265625,614.8152764849832,602.1960748947224,610.0184005822902,14697000
2024-12-05,606.0078735351562,616.9252625392952,604.1368903762177,614.1187878008875,8081200
2024-12-06,620.7765502929688,626.7676190380172,605.6096966963446,607.1721088209316,16935500
2024-12-09,610.6255493164062,623.3939965020669,603.2610368421125,620.9258564568023,11426000
2024-12-10,616.3479614257812,622.5878918502519,609.7995210855536,614.5963977457716,10938900
2024-12-11,629.6437377929688,635.3363188855899,618.5472835041938,620.3784192599069,10837200
2024-12-12,627.7628173828125,633.6046423977135,624.2000415346207,628.4694319605399,7474700
2024-12-13,617.3729858398438,628.051535081657,613.9296288656519,624.2100126233092,8453300
2024-12-16,621.7454223632812,628.6278428855253,616.1080674222911,627.4624746323816,10885600
2024-12-17,616.964599609375,629.842921517428,614.0761642573996,623.6676857660912,12897800
2024-12-18,594.8035278320312,624.8529462687603,593.9370093659079,618.5183765194273,17075500
2024-12-19,593.1900024414062,609.0762755305054,592.6222729689903,607.9507863504745,14958100
2024-12-20,582.9112548828125,600.699869104885,577.6822346553289,588.2199724400746,48989400
2024-12-23,597.4528198242188,598.6879155279142,583.9071932608068,587.2437814772281,10205800
2024-12-24,605.3213500976562,605.5603812991077,596.8852265249648,600.311421467438,4726100
2024-12-26,600.9388427734375,603.8770660163228,596.5464929509934,603.0603356402203,6081400
2024-12-27,597.4130859375,599.4449119716119,587.4430773536361,597.0146600682612,8084200
2024-12-30,588.8772583007812,594.5544919388965,583.239903719799,586.3972186440706,7025900
2024-12-31,583.170166015625,591.5963188432811,581.5167657457517,589.9031610994577,6019500
