Price,Close,High,Low,Open,Volume
Ticker,MSFT,MSFT,MSFT,MSFT,MSFT
Date,,,,,
2015-01-02,39.6817512512207,40.241844294654165,39.495055728243784,39.59688994416314,27913900
2015-01-05,39.316829681396484,39.65627801426781,39.248938072472164,39.35077224860855,39673900
2015-01-06,38.73976135253906,39.673248251799095,38.64641201516309,39.359257674738885,36447900
2015-01-07,39.23196029663086,39.427143792166376,38.603979178342634,39.01980390097273,29114100
2015-01-08,40.38609313964844,40.52187310853258,39.647789761168994,39.673247493694205,29645200
2015-01-09,40.04664993286133,40.58128508790158,39.800550913652756,40.40307444863832,23944200
2015-01-12,39.54597091674805,40.34368144092687,39.34230248645867,40.24184398853085,23651900
2015-01-13,39.342288970947266,40.657658191964224,39.08770190191982,39.85995117907819,35270600
2015-01-14,39.002838134765625,39.24045554269455,38.71430525440573,39.002838134765625,29719600
2015-01-15,38.59549331665039,39.35925767959362,38.536089781449235,39.223477708098144,32750800
2015-01-16,39.240455627441406,39.2743981967186,38.3324231077078,38.45123343055399,35695300
2015-01-20,39.36774444580078,39.5883889336032,38.671871653039375,39.291368005753796,36161900
2015-01-21,38.968894958496094,39.15559366934489,38.595500774049015,38.98586786286876,39081100
2015-01-22,39.9957389831543,40.004223817638675,39.104682448755106,39.359269567547614,35898000
2015-01-23,40.038169860839844,40.216380521296635,39.715691115310264,40.190922780445916,26211600
2015-01-26,39.893890380859375,39.99572778967614,39.24045147915981,39.88540554874962,42525500
2015-01-27,36.20237731933594,36.66063603866628,35.73563376620344,36.448479583856006,169164000
2015-01-28,34.95490264892578,36.31270614755077,34.92944490566601,36.27027549636744,84507100
2015-01-29,35.6507682800293,35.74411763558724,34.615447009819725,34.73425410334783,63585300
2015-01-30,34.284481048583984,35.28585967660725,34.242047171959896,35.260398703182744,78004900
2015-02-02,35.03126525878906,35.10764169560764,34.1402089874056,34.4457147346799,50352500
2015-02-03,35.302833557128906,35.58288163747965,34.836089993795,35.32829453359303,52082400
2015-02-04,35.50650405883789,35.82049470245216,35.099164058061135,35.59136534503075,41614800
2015-02-05,36.02415466308594,36.18539234957177,35.523465467183115,35.8289711782085,36548200
2015-02-06,35.99021530151367,36.31269396940989,35.76957404700579,36.2193446257623,34616600
2015-02-09,35.94778823852539,36.27026693848277,35.8204930777592,35.845954052262684,31381100
2015-02-10,36.15146255493164,36.29573064333667,35.79504122578558,36.27027290189794,29670700
2015-02-11,35.964759826660156,36.19388916530627,35.820491767253216,36.19388916530627,38262500
2015-02-12,36.56727981567383,36.56727981567383,36.07507537903712,36.202370522925925,33268800
2015-02-13,37.229217529296875,37.229217529296875,36.618209079300314,36.81339264889306,40264900
2015-02-17,37.246307373046875,37.605265157337435,36.91298523869162,37.57962624711345,33695700
2015-02-18,37.20357894897461,37.34887374330704,37.08392633028281,37.28904743396114,27111700
2015-02-19,37.17792510986328,37.20356401492274,36.79332523253123,36.90443258826894,27603400
2015-02-20,37.485599517822266,37.50269320545266,36.998440831362544,37.18646487472174,29721100
2015-02-23,37.73345947265625,37.767643593404486,37.30612699056631,37.34885958671769,32518800
2015-02-24,37.68218231201172,37.86166119064787,37.53688755767166,37.733463388888524,25271700
2015-02-25,37.596717834472656,37.68218303729052,37.4343293847148,37.5625304492301,29759800
2015-02-26,37.65654754638672,37.80183905642213,37.511252776062506,37.59672124692639,28957300
2015-02-27,37.47705841064453,37.776193112545286,37.31467323666745,37.716366824222774,33807700
2015-03-02,37.502708435058594,37.76765255020286,37.22066736505342,37.32322627219672,31924000
2015-03-03,36.98990249633789,37.459970884300546,36.827517309770705,37.22921092847027,31748600
2015-03-04,36.80188751220703,36.93008534587963,36.648047503568506,36.759151640693574,25748700
2015-03-05,36.84461212158203,36.955719494866244,36.59675846590514,36.810424735911724,23193500
2015-03-06,36.203609466552734,36.84460820849513,36.02413060127803,36.750594538030796,36248800
2015-03-09,36.62239074707031,36.86169914316372,36.058312026751786,36.058312026751786,32108000
2015-03-10,35.92157745361328,36.5027500527161,35.92157745361328,36.195070057862964,39159700
2015-03-11,35.87882995605469,36.2121487253911,35.75917739888651,36.16087092105483,32215300
2015-03-12,35.05836486816406,35.59680482591244,34.92161857448228,35.32331223854888,59992500
2015-03-13,35.36603927612305,35.44295925797711,34.70794682254682,34.784866804400885,58007700
2015-03-16,35.51988220214844,35.588253713782876,35.28057376070648,35.44296221387934,35273500
2015-03-17,35.6395378112793,35.75064519492034,35.169472625505605,35.357496743641775,31673400
2015-03-18,36.323265075683594,36.605306110621484,35.323308519715006,35.408773721660054,44194800
2015-03-19,36.14378356933594,36.40018241683043,36.0839572802635,36.11814140238472,33879100
2015-03-20,36.64803695678711,36.73350215463985,36.31471812075779,36.374544411312364,71904500
2015-03-23,36.63092803955078,36.86168789018406,36.562553301457825,36.64802172407402,26246100
2015-03-24,36.66514205932617,36.895898817402255,36.536940962360056,36.562579877637546,25513300
2015-03-25,35.43442153930664,36.690780537568116,35.417327842562145,36.68223205905122,43469900
2015-03-26,35.22074890136719,35.56261625434301,34.972895233474155,35.229297378350374,37495600
2015-03-27,35.015625,35.40877010525566,34.89597242538203,35.14382278982434,34401400
2015-03-30,35.007083892822266,35.50279124662001,34.96435128721976,35.12673649262481,35049700
2015-03-31,34.75068283081055,35.06690800488625,34.64812393170546,34.85324172991563,34887200
2015-04-01,34.801971435546875,34.83615556911427,34.451558799238796,34.69940925397671,36865300
2015-04-02,34.43444061279297,34.81904036943329,34.28914592237907,34.750665630347456,37487500
2015-04-06,35.51133346557617,35.70790604298308,34.340443217418255,34.477189499974735,39223700
2015-04-07,35.494239807128906,35.819013451123595,35.306215706111814,35.562614578617705,28809400
2015-04-08,35.400230407714844,35.6309903989644,35.075459984731566,35.4344177975938,24753400
2015-04-09,35.45151901245117,35.571171642119104,35.25494636938391,35.25494636938391,25723900
2015-04-10,35.65662384033203,35.85319639356819,35.391676524080786,35.57970386208413,28022000
2015-04-13,35.6908073425293,35.94720943910069,35.374582219789495,35.38313069516219,30276700
2015-04-14,35.596805572509766,35.92157598913514,35.374590802935685,35.725003391612766,24244400
2015-04-15,36.11814498901367,36.28907865774692,35.62244093600467,35.69081244732484,27343600
2015-04-16,36.03268814086914,36.18652815237613,35.74210181472144,35.85320921420743,22509700
2015-04-17,35.5711669921875,35.67372917017258,35.17802175744568,35.613899602870006,42387600
2015-04-20,36.67369842529297,36.89591003258492,35.62246019561155,35.665192820826505,46057700
2015-04-21,36.442928314208984,36.87880944827984,36.348914608417644,36.750608347602665,26013800
2015-04-22,36.74205017089844,36.86170275051056,36.36599548035945,36.468554368557236,25064300
2015-04-23,37.04118347167969,37.27194342687697,36.57966356128511,36.65658354635087,46309500
2015-04-24,40.912818908691406,41.143578885299455,39.01546453483982,39.0240097516229,130933700
2015-04-27,41.0495719909668,41.13504047438221,40.35729520689297,40.36584042508987,59248200
2015-04-28,42.01533508300781,42.058067684828686,40.76752485222254,40.835896363078234,60730800
2015-04-29,41.92987060546875,42.143536878561726,41.451256980036604,41.639284343650765,47804600
2015-04-30,41.57090377807617,42.340103558132014,41.536716396676326,41.62218485017594,64725500
2015-05-01,41.58800506591797,41.776032437677124,41.36579356680248,41.519633550916566,38937300
2015-05-04,41.22904968261719,41.76748639815064,41.177768598156845,41.34015380851454,34039500
2015-05-05,40.68205642700195,41.160670044601325,40.43420603208964,40.870083787538945,50369200
2015-05-06,39.55390167236328,40.827354166664044,39.33169017028553,40.656420486448745,52433000
2015-05-07,39.91285705566406,40.246175891564114,39.45133716274631,39.54535083652085,32971700
2015-05-08,40.81026077270508,41.00683336529706,40.613688180113094,40.63932709123284,35364900
2015-05-11,40.48548126220703,40.9470011575018,40.48548126220703,40.63932122730529,24609400
2015-05-12,40.4683837890625,40.750424785484356,39.67354513042203,40.04105131711764,29928300
2015-05-13,40.70769500732422,41.297412685712956,40.65641393343849,41.186305322438,34184600
2015-05-14,41.6392822265625,41.7247474273389,41.0495612562247,41.0495612562247,32980900
2015-05-15,41.280330657958984,41.80167697875867,41.066664346830535,41.76748958650872,28642700
2015-05-18,41.032474517822266,41.211956686331185,40.69061039649222,41.00683560530198,24136500
2015-05-19,40.92924880981445,41.127098917592086,40.585159668432425,40.91204402459763,28574800
2015-05-20,40.92924880981445,41.230324347415795,40.662579561169515,40.765804990993225,25047900
2015-05-21,40.79161071777344,40.94645050396768,40.4389208228815,40.67118050217287,22410700
2015-05-22,40.344295501708984,40.73139164806481,40.27547636721563,40.688381329744935,25720600
2015-05-26,40.0776252746582,40.32708970873735,39.73353617375753,40.284079391493975,29581900
2015-05-27,40.95505142211914,41.09268641254738,40.103432662828965,40.27547722123352,27335600
2015-05-28,40.817440032958984,41.30776517496539,40.76582565115029,40.860450377060104,19283700
2015-05-29,40.30988693237305,40.92064199947518,40.07762726992357,40.80021179260738,36519600
2015-06-01,40.62816619873047,41.09268551179741,40.103431783763405,40.481930460252144,28837300
2015-06-02,40.36149215698242,40.73138675677248,40.10342699657638,40.37009618849934,21498300
2015-06-03,40.30128479003906,41.06688294949677,40.275479253493216,40.74859935187113,28002200
2015-06-04,39.8797721862793,40.56794705476815,39.742137212581525,40.249666793368924,27745500
2015-06-05,39.69052505493164,40.0174093660379,39.4324598752064,39.83676406837791,25438100
2015-06-08,39.33782958984375,39.93998377748681,39.28621524868246,39.828154345708846,22121600
2015-06-09,39.269004821777344,39.518465876983264,39.1055610859978,39.363626170179266,24406100
2015-06-10,40.094825744628906,40.28407505791337,39.30342221028375,39.389446116993284,28417400
2015-06-11,39.9485969543457,40.36150196765553,39.68193097908078,40.137846316000044,27347800
2015-06-12,39.54429626464844,39.974406066851785,39.48408115485816,39.75935116575011,23931000
2015-06-15,39.12278747558594,39.26902651567872,38.72708724247413,39.09698193735437,33254500
2015-06-16,39.423858642578125,39.77654848290235,38.9679401064443,39.010950422293256,27070300
2015-06-17,39.54429626464844,39.63031691249816,39.01956178092397,39.337842115740784,28704100
2015-06-18,40.189456939697266,40.25827279478404,39.71633357951363,39.759347180604536,32658300
2015-06-19,39.65612030029297,40.284083465160045,39.561498905379864,40.24967389529499,63837000
2015-06-22,39.76793670654297,40.18944559532339,39.70772161978521,39.853960602965564,20318100
2015-06-23,39.492679595947266,39.810959912138365,39.24321513771337,39.681928947914656,25896500
2015-06-24,39.260414123535156,39.78514849904532,39.18299424384551,39.286219656272806,34890900
2015-06-25,39.269004821777344,39.62169453583632,39.13997063894882,39.59588573038526,20616000
2015-06-26,38.93353271484375,39.810956989351595,38.735682625711135,39.2690210727402,49835300
2015-06-29,38.16794204711914,38.907731414857835,38.159341295123774,38.74429087512752,34081700
2015-06-30,37.97869110107422,38.46901593888303,37.79804251755765,38.46041190651341,35945400
2015-07-01,38.236759185791016,38.907729376505884,37.93568037808981,38.24535993733579,28343900
2015-07-02,38.193729400634766,38.49480477342331,37.901254775007835,38.2625452223541,21752000
2015-07-06,38.185142517089844,38.2625624022077,37.80664712400082,37.81524787502417,23034000
2015-07-07,38.10771179199219,38.27115554823557,37.26469732799681,38.142121349251425,36435800
2015-07-08,38.056114196777344,38.623858966443485,37.87546559801486,38.228155480966905,39785900
2015-07-09,38.29697036743164,38.89912463966496,38.279765584627626,38.494820447462615,32424700
2015-07-10,38.37440490722656,38.8303203405107,38.33999532847507,38.71849085030737,25465800
2015-07-13,39.17438888549805,39.243204725196144,38.66685935200389,38.692664881706136,28178300
2015-07-14,39.243221282958984,39.53569610840053,38.976555279585426,39.096985510977056,22880300
2015-07-15,39.36362838745117,39.47545780010331,39.079757763304386,39.29481255914846,26629600
2015-07-16,40.137840270996094,40.163645804979815,39.544290019032516,39.578696303851856,26271700
2015-07-17,40.10343933105469,40.24107434436828,39.79375973072972,40.043224217822335,29467100
2015-07-20,40.36149215698242,40.54214072259555,39.94858724403745,40.129235809650574,30631900
2015-07-21,40.671173095703125,40.7141866918508,39.98299821653694,40.24106338603968,42781900
2015-07-22,39.17438888549805,40.37009322335472,38.88191418345944,39.088364984030044,59152400
2015-07-23,39.664730072021484,39.76795551507367,38.79590635535571,38.94214540770084,33934000
2015-07-24,39.518470764160156,39.84535499466884,39.398040595413796,39.49266523699336,32333200
2015-07-27,39.01095962524414,39.578704460224756,38.924938973253376,39.51848934753572,39701400
2015-07-28,39.002349853515625,39.260415031289014,38.52922981401828,39.2088039646204,34328900
2015-07-29,39.81955337524414,40.24105900722138,38.93352523834618,39.05395870038741,40945900
2015-07-30,40.32709503173828,40.77440960936199,39.50988577033876,39.79375652679619,39777900
2015-07-31,40.172245025634766,40.74859042541809,40.00020049623738,40.67977458254501,31201500
2015-08-03,40.266883850097656,40.43032440572503,39.95720424450675,40.41311961858358,24125900
2015-08-04,40.894840240478516,41.04107599618549,40.15505086543132,40.21526597442564,33403900
2015-08-05,40.92924880981445,41.64322934818789,40.8948392393808,41.27333466971924,26959700
2015-08-06,40.10343933105469,41.09269324526194,39.853978125439625,41.04107888471526,27368000
2015-08-07,40.2066764831543,40.24108278258924,39.7937680751525,39.90559757238125,19163000
2015-08-10,40.71418380737305,40.85181877345526,40.29267487791578,40.38729953237413,23079900
2015-08-11,39.922794342041016,40.37870971237002,39.48408375871203,40.27548427184748,29237400
2015-08-12,40.2066764831543,40.34431152532881,39.32064782276999,39.73355294929354,30181400
2015-08-13,40.19805908203125,40.516339395959974,39.991608228149914,40.48193310796452,22627200
2015-08-14,40.43032455444336,40.51634520898942,40.01741950596253,40.02602025882609,21473400
2015-08-17,40.70559310913086,40.81742258116338,40.060428379022305,40.26688253650715,21099700
2015-08-18,40.930721282958984,41.06926389130088,40.43716303429622,40.55838740370584,23574100
2015-08-19,40.35922622680664,40.76619651955149,40.09079852048959,40.50642627977302,31485500
2015-08-20,39.5366325378418,40.23800631703529,39.5366325378418,39.89164816118553,36238200
2015-08-21,37.293983459472656,39.38078390255507,37.293983459472656,39.22492301443131,70053100
2015-08-24,36.09039306640625,36.964942878154154,34.39324486941762,35.025345882486334,88753700
2015-08-25,35.04265594482422,37.44117756776801,34.973382988163884,36.861028116645045,70616600
2015-08-26,36.982261657714844,37.09482858864151,35.55354125505545,36.3761363491091,63408000
2015-08-27,38.01266860961914,38.05596255866367,37.17275212506554,37.43251912244933,50943200
2015-08-28,38.03864669799805,38.229144049450795,37.57106409158682,37.57972486380746,28246700
2015-08-31,37.683624267578125,38.038639893431274,37.319947871053614,37.71826074403116,34441700
2015-09-01,36.21160125732422,36.87833845837556,36.07305867678859,36.51466212002225,49688900
2015-09-02,37.54507827758789,37.56239651425197,36.263558492489196,36.67918626307937,37671500
2015-09-03,37.66630554199219,38.0819333447023,37.475808227081494,37.58837512253928,28285200
2015-09-04,36.895668029785156,37.268001948706,36.54065235164163,37.068847134441754,37138800
2015-09-08,38.00400161743164,38.09925027160923,37.40653729093045,37.49312517484678,32469800
2015-09-09,37.293983459472656,38.44562187692968,37.15544081482011,38.28110021551171,33469500
2015-09-10,37.484474182128906,37.91742028272236,37.016891600739996,37.3372707903065,31366600
2015-09-11,37.64899826049805,37.7442469456724,37.181415607705986,37.354594735012355,27132500
2015-09-14,37.268009185791016,37.6143641592463,37.11214829164508,37.60570668873478,23656000
2015-09-15,38.081939697265625,38.35036747640647,37.302638675855164,37.397884046082524,28882200
2015-09-16,38.3590087890625,38.42828172345119,37.96069932567349,38.07326619249745,23372200
2015-09-17,38.31572341918945,38.965142460192666,38.168523355391095,38.350359894124146,32768200
2015-09-18,37.64899826049805,38.09060520028514,37.51911639235611,37.66631650354039,63143700
2015-09-21,38.19450378417969,38.506225490915575,37.752896931931694,37.770215171541075,26177200
2015-09-22,38.01266860961914,38.142550456752744,37.50179208341385,37.56240427269951,28085900
2015-09-23,37.9866943359375,38.24646136572311,37.67497257894797,38.03864906314142,17145200
2015-09-24,38.02132034301758,38.21181765381867,37.46714995135922,37.62301078690264,27905600
2015-09-25,38.047306060791016,38.731361763130145,37.891445184229774,38.51488869047475,29384600
2015-09-28,37.484474182128906,38.17718728245511,37.41520122053798,37.952056763517824,27613800
2015-09-29,37.61436462402344,37.72693156076805,37.27666711690696,37.55375242034188,32763600
2015-09-30,38.32438278198242,38.35901925863032,37.80484884472886,37.995346163176066,34958900
2015-10-01,38.62746047973633,38.7486848871975,37.882792487483584,38.7486848871975,28657900
2015-10-02,39.45870590209961,39.45870590209961,38.02998250109713,38.33304674230918,41839000
2015-10-05,40.37654113769531,40.601671583430935,39.57126138818068,39.61455532353958,34369300
2015-10-06,40.48046112060547,40.85279503794273,40.02153930286653,40.11678797517838,27017200
2015-10-07,40.52375793457031,40.99999802666822,39.78775081979326,40.783524957249455,27711500
2015-10-08,41.08660125732422,41.147213470245894,40.264002692235614,40.315957433219,33772700
2015-10-09,40.79219055175781,41.16452453942051,40.62766888555686,41.086594093093034,28600600
2015-10-12,40.696937561035156,40.75754975698309,40.263991416768825,40.67961931889047,19769100
2015-10-13,40.60167694091797,40.809492482424204,40.31593428735236,40.31593428735236,19987800
2015-10-14,40.41983413696289,40.78350714929394,40.28994903077868,40.39385843697223,24697800
2015-10-15,40.705596923828125,40.72291516677831,40.289969002374995,40.705596923828125,27189400
2015-10-16,41.1385383605957,41.16451737359402,40.610346875341726,40.71425301798485,26450300
2015-10-19,41.2337760925293,41.45890986215079,40.71424221406037,41.06059703200104,29387600
2015-10-20,41.36366653442383,41.398303011608036,40.714247451243224,41.07792055232856,30802200
2015-10-21,40.870121002197266,41.55417677523871,40.79219055586194,41.49356126976253,25144300
2015-10-22,41.58879470825195,42.385417123436945,40.77485735855771,41.155848676966826,56637100
2015-10-23,45.77971649169922,46.818787719749885,45.24286429006765,45.28615823642052,135227100
2015-10-26,46.974639892578125,47.03525206689993,45.45932892830141,45.485304630691964,64633300
2015-10-27,46.48974609375,47.07855299149442,46.39450073647874,46.74951636866732,50999900
2015-10-28,46.74085998535156,46.74085998535156,45.77106165813949,46.35986861115453,47000800
2015-10-29,46.204010009765625,46.6109804156422,46.08278562583219,46.35987087571339,30202100
2015-10-30,45.58056640625,46.749522897274865,45.56324816529592,46.16937338622177,46619800
2015-11-02,46.10010528564453,46.20401143176868,45.56324970724997,45.7624045302866,30285000
2015-11-03,46.888065338134766,47.095877622536285,45.805700056119804,45.83167576589082,36596900
2015-11-04,47.104522705078125,47.52015043856159,46.81011931430455,46.91402542189652,37087800
2015-11-05,47.087215423583984,47.364300643696346,46.75817548603192,47.18246408733193,31468500
2015-11-06,47.554786682128906,47.60674139084378,46.723531161385814,46.8360980453768,32851200
2015-11-09,46.89671325683594,47.51149581907631,46.377179348514844,47.23441062755625,32513100
2015-11-10,46.33387756347656,46.87073295966877,46.126065341757275,46.81877825268109,55283700
2015-11-11,46.455116271972656,46.93135630515922,46.290594645571055,46.49841021987753,36516300
2015-11-12,46.169368743896484,46.740857425451054,46.05680184057193,46.307911354481945,35361100
2015-11-13,45.753746032714844,46.143398200818616,45.485318249550744,45.952900851275274,36848200
2015-11-16,46.559024810791016,46.662930951749296,45.76240225513309,45.96156037138507,32165200
2015-11-17,46.17545700073242,46.663622803855986,46.0708471925944,46.34980003020219,31551300
2015-11-18,46.94258499145508,47.055910643486655,46.18418202098699,46.20161699248268,29710000
2015-11-19,47.02104187011719,47.64868755805114,46.881565420063076,47.06463096263106,28149200
2015-11-20,47.23896789550781,47.33485856597413,46.43697924320855,47.291272804502285,37147600
2015-11-23,47.23896789550781,47.47433499791228,46.855408539023,47.291272804502285,28235900
2015-11-24,47.291263580322266,47.456890771761785,46.70720717468308,47.003591625033856,24600000
2015-11-25,46.803104400634766,47.27383861319427,46.803104400634766,47.15179714891155,21005100
2015-11-27,47.01232147216797,47.14308208622378,46.89028000591884,46.898995828344965,9009100
2015-11-30,47.37845230102539,47.91020732646295,47.073348593994496,47.54408287802588,56241400
2015-12-01,48.1368522644043,48.14556808685805,47.334860258055734,47.43075093194985,39952800
2015-12-02,48.12813186645508,48.781928271063116,47.99737458076176,48.22402253785847,47274900
2015-12-03,47.24768829345703,48.61630185725238,47.01232118482349,48.372218926245985,38627800
2015-12-04,48.73832702636719,49.01727980435405,47.16049767400824,47.177932638304846,43963700
2015-12-07,48.65117263793945,48.79064907597831,48.19787338296801,48.63373766751202,30709800
2015-12-08,48.633731842041016,48.90396553784546,47.93634973538091,48.354778999376975,32878000
2015-12-09,47.927635192871094,48.70347306890053,47.51792171099377,48.267608794692485,36373200
2015-12-10,48.1804313659668,48.52040492612779,47.953780108939405,48.2850378478517,31775800
2015-12-11,47.125640869140625,48.03223592340712,47.082051786646375,47.692262362384675,39549500
2015-12-14,48.06710433959961,48.128125062706246,46.79438164997546,47.36100645068567,46768900
2015-12-15,48.11940002441406,48.729610463974296,48.02350938493439,48.520394220984166,39843000
2015-12-16,48.93011474609375,49.034721220257275,47.7358444749891,48.415794870501635,37503300
2015-12-17,48.55529022216797,49.50547465710835,48.407094611018145,49.13063104261198,41280900
2015-12-18,47.18667221069336,48.8168038362619,47.09949735147152,48.61630664812295,84684200
2015-12-21,47.7968864440918,48.25018244390839,47.27384722638009,47.840472214222494,37246300
2015-12-22,48.25017166137695,48.36349729869662,47.509203758596854,47.936352191336915,28322200
2015-12-23,48.659889221191406,48.71219413329141,48.32863142865264,48.555282722372034,27279800
2015-12-24,48.52912902832031,48.781931117611705,48.3199160288507,48.694759588729475,9558500
2015-12-28,48.77321243286133,48.77321243286133,47.92763468572346,48.250173314117916,22458300
2015-12-29,49.2962532043457,49.55777112743623,48.86910803922002,49.069605224435456,27731400
2015-12-30,49.087039947509766,49.49675013897104,49.069604976007895,49.22651639414397,21704500
2015-12-31,48.36349868774414,48.98242514905479,48.31119377854504,48.85166786412773,27334100
2016-01-04,47.770713806152344,47.770713806152344,46.5415769427363,47.352284589391545,53778000
2016-01-05,47.98865509033203,48.285042924652224,47.54407500154197,47.88404859744857,34079700
2016-01-06,47.11692810058594,47.422035092446684,46.75951952326034,47.352295211319465,39518900
2016-01-07,45.478065490722656,46.628749948475544,45.39089398766214,45.94008376800652,56564900
2016-01-08,45.6175537109375,46.44569312036414,45.46064231590543,45.65242032342661,48754000
2016-01-11,45.591400146484375,46.070850159158944,44.859148069268194,45.774462334443335,36943800
2016-01-12,46.00981903076172,46.28877182328313,45.38217691027835,45.992384065556685,36095500
2016-01-13,45.016056060791016,47.134356433727504,44.719668258496775,46.898989356136774,66883600
2016-01-14,46.2974967956543,46.56773047689544,44.95503423431825,45.329877719955974,52381900
2016-01-15,44.44942855834961,45.303721914026134,43.882803819453514,44.72838135508563,71820700
2016-01-19,44.07460021972656,45.05093534291781,43.63873590977216,44.876588953859894,43564500
2016-01-20,44.275089263916016,44.78940918812706,42.801866038857504,43.56898801445944,63273000
2016-01-21,44.004859924316406,44.96376339251828,43.84794850816302,44.458159201494986,40191200
2016-01-22,45.58268737792969,45.617557318556756,44.68480469637575,44.81556531103698,37555800
2016-01-25,45.14680862426758,45.89649548053204,45.0247671965742,45.277565871633556,34707700
2016-01-26,45.478065490722656,45.713432539441676,44.93759485591214,45.14681111878894,28900800
2016-01-27,44.649940490722656,45.50423412990557,44.47559410355904,45.338603565678795,36775200
2016-01-28,45.3821907043457,45.512947995058205,44.67608936312803,45.207844324681766,62513800
2016-01-29,48.02352523803711,48.02352523803711,47.07334099965841,47.70970243264518,83611700
2016-02-01,47.692264556884766,48.02352231187884,47.50920237335393,47.840460128348006,44208500
2016-02-02,46.201622009277344,47.29999872972642,45.89651828842514,47.22154301216712,56313800
2016-02-03,45.4693717956543,46.54159776685899,44.68481458483071,46.419556273037834,57559800
2016-02-04,45.329891204833984,46.03599263035414,44.7807012072072,45.41706274238319,46987100
2016-02-05,43.72590255737305,45.32988317185386,43.202866774003816,45.277578263364774,62009000
2016-02-08,43.072105407714844,43.21158183585156,42.008595564809674,43.194146866661924,59290500
2016-02-09,42.958778381347656,43.795640248483444,42.42702347709249,42.73213043997312,46740500
2016-02-10,43.33363342285156,43.92640921232284,43.16800616490973,43.49054485685167,38237000
2016-02-11,43.31618881225586,43.68231651859082,42.28754889617344,42.43574447326009,48878600
2016-02-12,44.02228927612305,44.17920067224658,43.36849290073508,43.804357150993724,34243300
2016-02-16,44.85637664794922,44.85637664794922,44.01350954311108,44.68956024675922,37291200
2016-02-17,46.02409744262695,46.33139503912442,45.17245195059112,45.2075722500633,40789000
2016-02-18,45.82217025756836,46.48944268904618,45.74315124197906,45.945091331240334,27176000
2016-02-19,45.49730682373047,45.901180224119116,45.242689673776525,45.62900627350144,33559100
2016-02-22,46.22603225708008,46.5333264695351,45.90117454762109,45.90117454762109,25008300
2016-02-23,44.93539047241211,45.980194158108745,44.759792341816635,45.95385561075894,28895300
2016-02-24,45.093441009521484,45.2163587303832,44.07497558762292,44.505187610638934,33014500
2016-02-25,45.743141174316406,45.743141174316406,44.43494185324168,45.41828678139434,26939500
2016-02-26,45.04076385498047,46.25238769811877,44.86516566261512,46.18214708146985,35975900
2016-02-29,44.672000885009766,45.348051600587134,44.4788425807716,45.08465269507828,31654000
2016-03-01,46.164588928222656,46.173367330418905,44.7071263186386,44.751028377390384,33024500
2016-03-02,46.48943328857422,46.49821168886163,45.795822441904946,46.01531929090742,29289900
2016-03-03,45.962646484375,46.507001171884276,45.46219385337142,46.507001171884276,24427800
2016-03-04,45.68168640136719,46.050442875610024,45.400730682542346,46.0065441725292,33034200
2016-03-07,44.80370330810547,45.47975411904034,44.40861159262662,45.269038984019176,38407800
2016-03-08,45.348052978515625,45.769486551176605,44.426163479734896,44.60176163899105,33835100
2016-03-09,46.392860412597656,46.401638814072115,45.53243305006759,45.55877160374755,28251600
2016-03-10,45.69924545288086,46.48065373638951,44.917837169372206,46.47187533568711,38387800
2016-03-11,46.59478759765625,46.59478759765625,45.98897754227547,46.53332875215049,32275700
2016-03-14,46.68258285522461,47.05133926064057,46.20847226148371,46.27870950345225,24083600
2016-03-15,47.05134582519531,47.05134582519531,46.30505786022264,46.31383626072256,21104800
2016-03-16,47.71862030029297,47.938117179961765,46.884534836956824,46.92843354303927,31691700
2016-03-17,47.990814208984375,48.289330202387625,47.41134238052603,47.59571901929511,28223900
2016-03-18,46.96354675292969,48.262967682357534,46.928426453666646,48.219065633650686,67625500
2016-03-21,47.28840255737305,47.34986140828707,46.471873996079644,46.752829700045524,23925700
2016-03-22,47.472774505615234,47.630812492424575,46.937201700234226,47.06890113899396,23124100
2016-03-23,47.384979248046875,47.62203623894401,47.183042555635836,47.507896943492206,20129000
2016-03-24,47.595706939697266,47.701067863046056,47.17427329407278,47.2708524658474,19950000
2016-03-28,47.00743865966797,47.665929104043855,46.823062139064064,47.59568851566774,17025100
2016-03-29,48.03469467163086,48.16639413455256,46.92843191026313,47.11280847894834,23924300
2016-03-30,48.33320999145508,48.85122273741754,48.201513879316,48.22785243189253,23008300
2016-03-31,48.49124526977539,48.80732127988791,48.166390859051404,48.24540986157954,26360500
2016-04-01,48.789756774902344,48.82487707272618,47.91176942484219,48.333202950960356,24399200
2016-04-04,48.66685104370117,48.86878778193874,48.289316122439736,48.66685104370117,18928800
2016-04-05,47.90299987792969,48.55270876146306,47.81519911714372,48.45612959922677,19272300
2016-04-06,48.39467239379883,48.46491300482605,47.595703864275855,47.727403335323565,21188700
2016-04-07,47.81520080566406,48.2102958700117,47.613264072610086,48.17517556445709,19225100
2016-04-08,47.780086517333984,48.535156435565,47.692289091647304,47.99958343080778,22167200
2016-04-11,47.683509826660156,48.421019576568185,47.674728074696,47.84154786944452,21414200
2016-04-12,47.98201370239258,48.096149655194345,47.20060208750238,47.73617494801724,24944300
2016-04-13,48.59660720825195,48.675626217909944,48.192733758558454,48.3946704834052,20818000
2016-04-14,48.60538864135742,48.79854696353867,48.35077146198333,48.48247092697173,20877100
2016-04-15,48.86000442504883,49.09705809644609,48.38589038374145,48.552706798606,28793800
2016-04-18,49.5711784362793,49.685317760561,48.47369395080062,48.7195327530425,23786000
2016-04-19,49.50970458984375,49.843340710252434,48.88633439456488,49.72042302095866,29596800
2016-04-20,48.80732345581055,49.60629191732284,48.719526048756784,49.42191535295609,36195700
2016-04-21,48.97413635253906,49.36923135442571,48.65806035102975,48.991696502540265,38909100
2016-04-22,45.46219253540039,46.03288576086308,44.57542661735382,45.576331850344246,126834100
2016-04-25,45.75193405151367,45.76949420530154,45.33050040837549,45.46219653789918,33226900
2016-04-26,45.16366195678711,45.96263020302475,44.85636776564013,45.88361121826474,33532600
2016-04-27,44.72468566894531,45.21635991452502,44.38227105207562,45.19879976119109,43369300
2016-04-28,43.81156539916992,44.57541337383802,43.513049598261446,44.44371394578067,43134800
2016-04-29,43.78523635864258,44.11887255155062,43.32868244973067,43.32868244973067,48411700
2016-05-02,44.434940338134766,44.55785803130569,43.706209229684355,43.899367518527775,33114500
2016-05-03,43.706207275390625,44.259340219182775,43.548169291450016,44.1978813753454,26460200
2016-05-04,43.78523635864258,43.95205612972489,43.425261612092726,43.75889780500077,24257600
2016-05-05,43.846683502197266,44.16275945847975,43.662306977451045,43.78522466061519,25390700
2016-05-06,44.241783142089844,44.241783142089844,43.60085276239869,43.82912800546095,24787300
2016-05-09,43.96083068847656,44.417384557480126,43.89937183584688,44.329587153510936,17951600
2016-05-10,44.794921875,44.865159132168436,44.066190654995786,44.189111716239346,22891000
2016-05-11,44.821250915527344,45.46218124147809,44.77735222045648,44.89149150704533,24039100
2016-05-12,45.225135803222656,45.48853473933671,44.70712303105848,44.952961814814486,24102800
2016-05-13,44.84760284423828,45.567552322069254,44.81248254062299,45.163675529006404,22592300
2016-05-16,45.5060920715332,45.620228030902204,44.557863998503265,44.60176270204953,20032000
2016-05-17,44.657325744628906,45.7359635140259,44.52470850305732,45.72712371366072,27803500
2016-05-18,44.92257308959961,45.21433375892783,44.47166563788857,44.630809047588606,24907500
2016-05-19,44.48933792114258,44.75457574933447,44.04727374992878,44.62195852157951,23842400
2016-05-20,44.75457763671875,45.28505668815579,44.56007168660574,44.63080020318807,23905800
2016-05-23,44.232940673828125,44.807625455631424,44.18873493046219,44.7368935681003,26118700
2016-05-24,45.61219024658203,45.718284724083986,44.560078527371296,44.8253164074675,34757900
2016-05-25,46.08076477050781,46.40789466074382,45.7890041934139,45.90393844088759,24040200
2016-05-26,45.87742614746094,45.95699784532522,45.4088391337504,45.91279209599673,24335200
2016-05-27,46.25761032104492,46.25761032104492,45.771340242046136,45.903957514855016,17721400
2016-05-31,46.85880661010742,46.85880661010742,46.045410076517584,46.20455009043892,37653100
2016-06-01,46.7261962890625,46.81461117480692,46.363703689217964,46.363703689217964,25324800
2016-06-02,46.399051666259766,46.628926907447344,45.833210107462236,46.54051205595915,22840800
2016-06-03,45.789005279541016,46.346003677936544,45.621018744710355,46.310641109319064,23368300
2016-06-06,46.08961868286133,46.28412465535843,45.87742636333063,45.96584123508613,18243300
2016-06-07,46.06309127807617,46.62009315054824,46.06309127807617,46.18687209515628,20866800
2016-06-08,46.01004409790039,46.36369344468653,45.859740511687505,45.992361124658736,21149400
2016-06-09,45.63871383666992,45.97468362288059,45.52377955594426,45.97468362288059,20305700
2016-06-10,45.51493835449219,46.01889136930755,45.125922998066436,45.13476279978125,25833200
2016-06-13,44.3302001953125,44.842996318114416,43.3753432176806,43.835090419015366,83217800
2016-06-14,44.056129455566406,44.294841207972745,43.82625413243618,44.11801818732848,42577100
2016-06-15,43.93234634399414,44.31252188951834,43.93234634399414,44.01191804823601,33757600
2016-06-16,44.551239013671875,44.62197091960599,43.773204911811135,43.782048086394354,31188600
2016-06-17,44.321353912353516,44.586591735531094,44.04727291721694,44.568908764295,45710500
2016-06-20,44.268314361572266,44.940253919934094,44.23294841162004,44.77226734400233,35607900
2016-06-21,45.25852584838867,45.47071812148787,44.34787479101017,44.383240731973665,34097800
2016-06-22,45.081703186035156,45.49724119070854,45.04633724483859,45.16127486738653,28816800
2016-06-23,45.895111083984375,46.02773171032258,45.22317489648799,45.33810917511963,29028800
2016-06-24,44.056129455566406,45.03750936180059,43.78204837727512,44.0384464789654,133503000
2016-06-27,42.81834411621094,43.454917724261556,42.47353453607772,43.41070860050489,50216300
2016-06-28,43.7113151550293,43.73784130547376,43.03053575345703,43.25156789529155,38140700
2016-06-29,44.6838493347168,44.84299271364393,44.029592846607216,44.12684750847181,31304000
2016-06-30,45.24086380004883,45.355801474993505,44.648499192032624,44.84300858460311,28527800
2016-07-01,45.23200607299805,45.72711916121413,45.15243438690407,45.20548330186072,21400400
2016-07-05,45.24086380004883,45.33811849633407,44.86069156326255,44.94026328088836,24806400
2016-07-06,45.426513671875,45.567974067065116,44.551225157917386,44.89603466040068,28167500
2016-07-07,45.426513671875,45.62986277916818,45.152432680645845,45.461876241161136,19585200
2016-07-08,46.23992156982422,46.29297049593381,45.576825170526504,45.73596857617257,28391000
2016-07-11,46.496315002441406,46.708507312970575,46.390220533518004,46.416743307578265,22269200
2016-07-12,47.04447937011719,47.21246595325578,46.67314699773606,46.80576425672242,27317600
2016-07-13,47.309715270996094,47.61916227431492,47.01795461535091,47.353924394814946,25356800
2016-07-14,47.5130615234375,47.734093622616214,47.3716011148704,47.60147301403612,24545500
2016-07-15,47.477691650390625,47.74292947292606,47.044467287859966,47.6987237312838,32024400
2016-07-18,47.70756912231445,48.04353886900182,47.3450766020694,47.47769721522244,31433900
2016-07-19,46.93836975097656,47.65451486020725,46.796909363401795,47.48652833124357,53336500
2016-07-20,49.43162155151367,50.25386128060874,49.0956517958437,49.643813863695335,89893300
2016-07-21,49.3343620300293,49.71453749631274,49.29899608603036,49.49350540534246,32776700
2016-07-22,50.0151481628418,50.0681970861459,49.31668584974237,49.58192709358039,32157200
2016-07-25,50.15660095214844,50.16544412436118,49.741059547881754,49.92672906484725,25610600
2016-07-26,50.18313217163086,50.65172257001402,49.962100046650185,49.97094322035166,28079000
2016-07-27,49.67917251586914,50.218491367926134,49.6084439991815,50.05050818969614,32327500
2016-07-28,49.69686508178711,49.8383255151523,49.263643980154946,49.511198895373326,37550400
2016-07-29,50.11240005493164,50.18312857606289,49.555398195537826,49.74106435777499,30558700
2016-08-01,50.023990631103516,50.17429085265561,49.63497194438994,50.041670232606435,26003400
2016-08-02,50.023990631103516,50.306911472704776,49.7852755386245,50.26270235090007,35122000
2016-08-03,50.3687858581543,50.49256326953536,49.94440471655573,50.11238786447553,22075600
2016-08-04,50.740135192871094,50.8550728447536,50.10356157959278,50.218499231475285,26587700
2016-08-05,51.24409103393555,51.46512317611714,50.79318694786556,50.970013336147396,29335200
2016-08-08,51.332496643066406,51.35901941607931,51.08493839511111,51.332496643066406,19473500
2016-08-09,51.4562873840332,51.721525300782645,51.29714395944691,51.42976123148009,16920700
2016-08-10,51.297119140625,51.562356929045805,51.12029282411731,51.42089655037595,15756900
2016-08-11,51.5446891784668,51.67730979817358,51.30597408660406,51.30597408660406,18162300
2016-08-12,51.22639465332031,51.44742673766397,50.943473855174986,51.305966338591304,21655200
2016-08-15,51.38554382324219,51.72151357371309,51.24408340820428,51.28828915552569,19283900
2016-08-16,51.10085678100586,51.26099205320707,50.94961979820642,51.25209715750836,20523500
2016-08-17,51.2076301574707,51.314385904111425,50.914047612078726,51.18983696741325,18856400
2016-08-18,51.243194580078125,51.33216049813583,50.94961553474463,51.083059321277034,14214300
2016-08-19,51.2609977722168,51.35885860433586,50.88735102452956,51.091967585458775,17271000
2016-08-22,51.30546569824219,51.376638428072155,50.94071394212,51.243191256492246,15221900
2016-08-23,51.501190185546875,51.75918625502389,51.46560381864603,51.51008847412345,18732400
2016-08-24,51.55457305908203,51.63464069291869,51.34995652676679,51.421125871453285,18151500
2016-08-25,51.75029754638672,51.857056666852344,51.40333888913184,51.49230482285319,18552600
2016-08-26,51.625736236572266,52.22179597141845,51.323258921956864,51.84814592691587,20971200
2016-08-29,51.68801498413086,52.132834401872785,51.68801498413086,51.75918771994692,16417200
2016-08-30,51.501190185546875,51.76808114989774,51.25209240464643,51.581257814222404,16930200
2016-08-31,51.11865997314453,51.42113739165974,50.97631785817877,51.28769356783768,20860300
2016-09-01,51.23430633544922,51.438922882987455,50.71831412484593,50.71831412484593,26075400
2016-09-02,51.30546569824219,51.76807826102931,51.08305600807738,51.30546569824219,18900500
2016-09-06,51.25209045410156,51.42112059989355,50.89623358604174,51.403327417120295,16278400
2016-09-07,51.29658126831055,51.45671654939284,51.07417153277439,51.12755109103623,17493400
2016-09-08,51.09196472167969,51.41223528386193,50.86955498613126,51.26989318885907,20146100
2016-09-09,50.00660705566406,51.172035359943116,50.00660705566406,50.52259930134139,35113900
2016-09-12,50.7538948059082,50.896236883613966,49.47281610655631,49.819774708857686,29303000
2016-09-13,50.29129409790039,50.3980532267034,49.864267763799255,50.264606012551454,30130200
2016-09-14,50.05108642578125,50.38025528464105,49.84646987210541,50.16674044088614,24062500
2016-09-15,50.87843322753906,51.02077527594701,49.80197127434758,49.95321160973847,26847000
2016-09-16,50.93182373046875,51.26988744083792,50.48700430924195,51.26988744083792,44607000
2016-09-19,50.64714050292969,51.37664409564872,50.57596776524835,50.9496178506695,20937100
2016-09-20,50.54038619995117,51.02078861788945,50.48700664520113,51.02078861788945,17384000
2016-09-21,51.38554382324219,51.46561146381168,50.78059246457658,51.16313408762726,33707300
2016-09-22,51.43891906738281,51.5990543350914,51.269888904225056,51.52788159668627,19822200
2016-09-23,51.09196472167969,51.51899100668827,51.04748345331065,51.48340463451174,19955300
2016-09-26,50.620445251464844,50.83395664685363,50.558170811667914,50.78058049485765,21688700
2016-09-27,51.55457305908203,51.652433877516046,50.42473128992165,50.647141006834254,28065100
2016-09-28,51.625736236572266,51.65242770713123,51.30546573948507,51.492292458587634,20536400
2016-09-29,51.065269470214844,51.750288373073566,50.89623592295902,51.43002124955768,25463500
2016-09-30,51.243194580078125,51.394434943924836,51.01188998053364,51.2165065015122,29910800
2016-10-03,51.08305740356445,51.19871139584631,50.762790291688205,51.07416250894399,19189500
2016-10-04,50.92293167114258,51.24319882155097,50.682728763058996,50.94961975191752,20085900
2016-10-05,51.278778076171875,51.56346221061135,50.94071439388653,50.967405864660755,16726400
2016-10-06,51.36774444580078,51.47450014873877,50.95850802941702,51.36774444580078,16212600
2016-10-07,51.42112350463867,51.58125876494127,51.08305980025511,51.465604767233216,20089000
2016-10-10,51.63463592529297,51.94600814273923,51.48339556703147,51.51898193294037,18196500
2016-10-11,50.87843322753906,51.616834936825505,50.61154231098693,51.50118096196213,26497400
2016-10-12,50.807273864746094,50.94961594107083,50.17563111316148,50.807273864746094,22177500
2016-10-13,50.638240814208984,50.976304521445265,50.10445887116461,50.44252257840089,25313700
2016-10-14,51.08305740356445,51.36774493695886,50.81616644681626,50.81616644681626,27402500
2016-10-17,50.905147552490234,51.11865902412316,50.593771848612036,51.029696476560055,23830000
2016-10-18,51.29658126831055,51.554577376021264,51.07417153277439,51.18092725559484,19149500
2016-10-19,51.180931091308594,51.4567204057754,51.06528046362878,51.12755492274976,22878400
2016-10-20,50.93182373046875,51.17202662517556,50.40693667767301,51.15423344108215,49455600
2016-10-21,53.07587432861328,53.778690108352805,52.924637294182965,53.62744968021828,80032200
2016-10-24,54.267974853515625,54.267974853515625,53.3160614677453,53.32495636383614,54067000
2016-10-25,54.25907516479492,54.59713548563765,54.09004161067065,54.13452287460229,35137200
2016-10-26,53.938812255859375,54.44590620247633,53.79647015494415,54.09894754360193,29911600
2016-10-27,53.46730041503906,54.116739845656724,53.45840551862252,53.92101818745944,28479900
2016-10-28,53.262672424316406,53.840938984627904,53.00467975919064,53.387221309625936,33574700
2016-10-31,53.307159423828125,53.75197885851442,53.307159423828125,53.52067424570685,26434700
2016-11-01,53.200408935546875,53.396130592019276,52.71110818806917,53.3516493229219,24533000
2016-11-02,52.871238708496094,53.316058146801666,52.75558470429981,53.21819732738196,22147000
2016-11-03,52.675514221191406,53.05805918894404,52.586551695822195,52.96019837481624,21600400
2016-11-04,52.230690002441406,52.73778381654647,52.061659862307216,52.17731384961087,28697000
2016-11-07,53.751976013183594,53.84094193163327,53.1826077099168,53.1826077099168,31664800
2016-11-08,53.796470642089844,54.072256556152276,53.51178643768147,53.86763999634023,22935400
2016-11-09,53.52956008911133,53.903210115787665,52.66661283946572,53.378323135870176,49632500
2016-11-10,52.221805572509766,53.81426006263475,51.26989219432402,53.80536177291161,57822400
2016-11-11,52.506492614746094,52.5954551546004,51.60795535118213,51.80367701130564,38767800
2016-11-14,51.705810546875,52.55986644744556,50.95851375494013,52.506486893127715,41328400
2016-11-15,52.72684860229492,53.28215336779802,52.234242401682906,52.2432008037942,35904100
2016-11-16,53.42546463012695,53.43441961687915,52.67311932763914,52.789551238566794,27332500
2016-11-17,54.3121452331543,54.58979760416558,53.71206214898597,54.10614640948625,32132700
2016-11-18,54.05241012573242,54.75997358166356,54.007628363745646,54.43753942875168,27686300
2016-11-21,54.509178161621094,54.60770006118415,54.11509056336888,54.18674409637056,19652600
2016-11-22,54.74205780029297,54.86744809502582,54.46440883813574,54.61666750556012,23206700
2016-11-23,54.09719467163086,54.724146165371806,53.962845970612435,54.64353762808663,21848900
2016-11-25,54.2136344909668,54.2136344909668,53.85537693027704,54.00763562482846,8409600
2016-11-28,54.2852783203125,54.652494218743804,53.92701740722521,54.04345271647297,20732600
2016-11-29,54.71519088745117,55.001798259238704,54.20467129291529,54.32110660540066,22366700
2016-11-30,53.97179412841797,54.79579278493884,53.93597077375712,54.50918544787827,34655400
2016-12-01,53.02241516113281,53.87328229300458,52.78954453558674,53.83745551728528,34542100
2016-12-02,53.06718826293945,53.26423208061252,52.66414564343947,52.91492961592214,25515700
2016-12-05,53.93598175048828,54.267370910789,53.344853570419325,53.470243878823396,23552700
2016-12-06,53.69414520263672,54.150924578466736,53.559796518589025,54.12405620830879,19907000
2016-12-07,54.965972900390625,54.97493130284392,53.55980437861648,53.74788983058206,30809000
2016-12-08,54.64353561401367,55.154058609089,54.49127694732556,54.90327460420672,21220800
2016-12-09,55.50334930419922,55.52126268763691,54.751004282958675,54.79578603323865,27349400
2016-12-12,55.6824951171875,55.79893044055496,55.27945581187574,55.369019342693974,20198100
2016-12-13,56.407955169677734,56.80203937086093,55.74517703965924,55.97804420021552,35718900
2016-12-14,56.13926696777344,56.82891695266875,56.00491828133615,56.42587430998591,30352700
2016-12-15,56.049705505371094,56.56022506590576,55.79892150928748,56.15718240847598,27669900
2016-12-16,55.79893112182617,56.38110432914178,55.63771403108123,56.38110432914178,42453100
2016-12-19,56.98118209838867,57.11553080012778,55.90640273436405,56.03179645041428,34338200
2016-12-20,56.90952682495117,57.142394014761365,56.45274401358206,57.0438720979316,26028400
2016-12-21,56.90952682495117,57.052830499441086,56.53335254402196,56.8110049081214,17096300
2016-12-22,56.918487548828125,57.41109376601655,56.793097248085196,57.17822655272674,22176600
2016-12-23,56.640838623046875,56.90953261296448,56.24675091564689,56.82892407432626,12403800
2016-12-27,56.676658630371094,57.38422204805043,56.6139634836531,56.6139634836531,11763200
2016-12-28,56.41691970825195,56.784135581493494,56.27361603617303,56.784135581493494,14653300
2016-12-29,56.336326599121094,56.60502063073533,56.18406448400737,56.30049981713787,10250600
2016-12-30,55.655616760253906,56.416920302199124,55.55709484404448,56.39004851446896,25579900
2017-01-03,56.049705505371094,56.28257269820321,55.646662847941315,56.23779093996194,20694100
2017-01-04,55.79893112182617,56.20197384868853,55.63771403108123,55.96014821257112,21340000
2017-01-05,55.79893112182617,56.12136530331606,55.55710548570876,55.700409186745404,24876000
2017-01-06,56.282569885253906,56.56022223907965,55.56605153931695,55.7989187205106,19922900
2017-01-09,56.10344314575195,56.49753082448694,56.0138796278372,56.21092005057549,20382700
2017-01-10,56.08552932739258,56.48857198816686,55.781008585544136,56.18405124631842,18593000
2017-01-11,56.59605026245117,56.63187703686057,55.915358631818805,56.07657570003186,21517300
2017-01-12,56.076568603515625,56.7841319337272,55.48544056708504,56.47961122304304,20968200
2017-01-13,56.15718460083008,56.30944326812036,55.84370544764475,56.08553105154339,19422300
2017-01-17,56.00491714477539,56.15717921408959,55.55709275457791,56.13926582848622,20664000
2017-01-18,55.978057861328125,56.157188329810275,55.63771031287499,56.13031653872877,19670100
2017-01-19,55.79893112182617,56.407972705389355,55.70936758991442,55.74519436933102,18451700
2017-01-20,56.19300842285156,56.26465855174416,55.861615899757346,56.13030986220552,30213500
2017-01-23,56.390045166015625,56.53334883109381,56.04074269592684,56.157177991499395,23097600
2017-01-24,56.8916130065918,57.08865683875521,56.372135055116985,56.605005659788134,24672900
2017-01-25,57.034915924072266,57.411086780530525,56.82891710982669,57.27674151035073,23672700
2017-01-26,57.563358306884766,57.805187363861,56.91849334925738,57.42901642329751,43554600
2017-01-27,58.91580581665039,59.03224459094554,58.11867854102679,58.56650316028775,44818000
2017-01-30,58.3336181640625,58.92474979673504,58.03805918098596,58.83518626146156,31651400
2017-01-31,57.90369415283203,58.35151853632917,57.55439168036489,58.091779573909896,25270500
2017-02-01,56.945350646972656,57.87682619120503,56.846828735248025,57.64395559683248,39671500
2017-02-02,56.57814025878906,56.79309750147131,56.20196935488195,56.64979381189297,45827000
2017-02-03,57.034915924072266,57.05282931008871,56.488569608772295,56.87369886655329,30301800
2017-02-06,56.99909591674805,57.008054319133976,56.55127146307576,56.87370561638051,19796400
2017-02-07,56.81100845336914,57.124484193181445,56.63187799492097,57.08866083479526,20277200
2017-02-08,56.730403900146484,57.15135999455471,56.62292698418486,56.93640274600191,18096400
2017-02-09,57.37525939941406,57.7156103134844,56.712481206986645,56.89161164862046,22644400
2017-02-10,57.321533203125,57.59023062331835,57.30361981400347,57.54544544219971,18170700
2017-02-13,57.96640396118164,58.091794273629354,57.43796750164383,57.53648943760411,22920100
2017-02-14,58.18265151977539,58.31781470002776,57.68705548374501,58.03848250227514,23108400
2017-02-15,58.146602630615234,58.18264660061412,57.81320793882311,58.11957137178715,17005200
2017-02-16,58.13759994506836,58.78637776755911,58.0655188673248,58.33583837690559,20546300
2017-02-17,58.22771072387695,58.290785960765575,57.939365801716775,58.09254753777698,21248800
2017-02-21,58.110572814941406,58.525068258863136,58.07452883616308,58.21870475127639,20655900
2017-02-22,57.99342727661133,58.020458538405016,57.71409507182974,57.96639601481763,19292700
2017-02-23,58.22771072387695,58.32682993537125,57.84024659022248,58.04749085084858,20273100
2017-02-24,58.22771072387695,58.38990517225988,57.79518990329408,58.14661006234288,21796800
2017-02-27,57.87629699707031,58.15562923795213,57.71410253066146,58.15562923795213,15871500
2017-02-28,57.6510124206543,57.84924738903348,57.4527740149328,57.74112234931966,23239800
2017-03-01,58.51605987548828,58.56110969098759,57.68706214900952,57.78618136766801,26937500
2017-03-02,57.67804718017578,58.3448434663076,57.56090599145553,58.29078094639234,24539600
2017-03-03,57.894309997558594,57.92134126025372,57.32662941956239,57.660031033734654,18135900
2017-03-06,57.912330627441406,58.17364430068698,57.49783864764191,57.642011116097606,18750300
2017-03-07,58.029483795166016,58.371891309714975,57.84025804701896,57.84025804701896,18521000
2017-03-08,58.56110382080078,58.64220448006712,57.89430749595374,57.903320208024454,21510900
2017-03-09,58.32682800292969,58.75032922247349,58.10155832512161,58.74132338513436,19846800
2017-03-10,58.50705337524414,58.804411062795324,58.34485889791499,58.66924785257329,19538200
2017-03-13,58.30881118774414,58.741332057855544,58.18266069952123,58.57913759089952,20100000
2017-03-14,58.03848648071289,58.16463695767985,57.80420407719479,58.14661153257863,14280200
2017-03-15,58.3448486328125,58.49803036925991,57.89430926113055,58.16463563401381,24833800
2017-03-16,58.245731353759766,58.353863281438116,57.93936787069929,58.344850568793554,20674300
2017-03-17,58.452980041503906,58.786374773810344,58.28177288187508,58.489024015882876,49219700
2017-03-20,58.50705337524414,58.732323100718716,58.31782763080787,58.48903482206821,14598100
2017-03-21,57.85826110839844,59.02065342836193,57.78617316421045,58.74132123798942,26640500
2017-03-22,58.59714889526367,58.69626810584856,57.77717082323475,57.77717082323475,20680000
2017-03-23,58.452980041503906,58.786374773810344,58.36286666821388,58.51605527799581,19269200
2017-03-24,58.55210876464844,58.97561006436101,58.353870310701204,58.894516264847844,22617100
2017-03-27,58.66021728515625,58.76834919536076,57.984408314417855,58.23670923021069,18614700
2017-03-28,58.83142852783203,58.993622967109765,58.254738715885594,58.53407091004204,20080400
2017-03-29,58.99363327026367,59.02066453575013,58.52506841954499,58.67825704844496,13618400
2017-03-30,59.20988082885742,59.45317592881843,58.89450465731995,58.94856717967353,15122800
2017-03-31,59.34504318237305,59.64240080054356,58.97559761894578,59.155817482087684,21040300
2017-04-03,59.06571578979492,59.417135958135404,58.7413268844521,59.299991318898314,20400900
2017-04-04,59.22792053222656,59.30000162118131,58.82243089275899,58.921550124094175,12997400
2017-04-05,59.0747184753418,59.78657148659809,58.96659342912086,59.74152167556771,21448600
2017-04-06,59.22792053222656,59.52527135154554,59.00265080186233,59.110775872637745,18103500
2017-04-07,59.18285369873047,59.43515465357142,58.96659671953614,59.33603543921456,14108500
2017-04-10,59.04769515991211,59.30900884791975,58.8945134073619,59.119783116883724,17952700
2017-04-11,59.002647399902344,59.11978517805067,58.43496331231644,59.11077246444351,18791500
2017-04-12,58.777381896972656,59.02968289857408,58.669249949992036,58.94858221966694,17108500
2017-04-13,58.525054931640625,59.3450397940785,58.525054931640625,58.83142524414728,17896500
2017-04-17,59.002647399902344,59.01165323882331,58.579139231286256,58.606170497421544,16689300
2017-04-18,58.92154312133789,59.20988806694719,58.714298843858025,58.86748059237545,15155600
2017-04-19,58.60616683959961,59.24593197205418,58.47100364267298,59.15582546566501,26992800
2017-04-20,59.02066421508789,59.2459339258325,58.69627528164077,58.984620236406435,22299500
2017-04-21,59.831634521484375,60.10195404040732,58.97560552484732,59.1738439635356,32522600
2017-04-24,60.84983444213867,60.96697905547806,60.46237038389798,60.804784638663726,29770000
2017-04-25,61.2012939453125,61.30942591771838,60.91294889358513,61.18327538725568,30242700
2017-04-26,61.12018585205078,61.552699891316905,60.93096010053602,61.34545558595218,26190800
2017-04-27,61.51662826538086,61.61574745373151,60.89488875398926,61.40850324149551,34971000
2017-04-28,61.6878547668457,62.300588635207795,60.994027105092016,62.09334435786099,39548800
2017-05-01,62.54386901855469,62.670019472766946,61.72388419149087,61.88607861471865,31954400
2017-05-02,62.444759368896484,62.81419807708758,62.291570758490224,62.81419807708758,23906100
2017-05-03,62.24649429321289,62.51681367438192,61.9130928276206,62.51681367438192,28928000
2017-05-04,62.00322723388672,62.246522348746446,61.85004549471451,62.201465660902684,21749400
2017-05-05,62.174442291259766,62.201473557523556,61.71489014071657,62.08433577881838,19128800
2017-05-08,62.120361328125,62.21948052480854,61.65179660295115,62.14739258636884,18566100
2017-05-09,62.21046829223633,62.42672523453427,61.88607944144729,62.04827386684181,22858400
2017-05-10,62.45376205444336,62.6790317278467,62.10234191390894,62.16541714747448,17977800
2017-05-11,61.6878547668457,61.93114989639203,61.381491270007544,61.59774826040423,28789400
2017-05-12,61.61577606201172,61.82302724515831,61.309412519180114,61.82302724515831,18714100
2017-05-15,61.66081619262695,61.7058728778492,60.885887954661946,61.399502542644804,31530300
2017-05-16,62.902366638183594,62.929552837786986,61.7695622274463,61.83299899788401,34956000
2017-05-17,61.1533317565918,62.62144221772216,61.10801680311124,62.43113185846789,30548800
2017-05-18,61.361751556396484,61.74237219803631,60.84519299585965,61.08081826100849,25201300
2017-05-19,61.34363555908203,61.71519186436211,61.1080102715322,61.1714470511698,26961100
2017-05-22,62.03236389160156,62.07767883156681,61.1714353449746,61.52486975161843,16237600
2017-05-23,62.24082946777344,62.304266262313206,61.96895354026471,62.27708005238074,15425800
2017-05-24,62.3223762512207,62.42206361141901,62.032378543577636,62.413006152557884,14593900
2017-05-25,63.09268569946289,63.32830407142844,62.44925353462089,62.50362594136826,21854100
2017-05-26,63.40080642700195,63.63643171753191,63.00205699904209,63.255811034892325,19827900
2017-05-30,63.80862808227539,63.80862808227539,63.228625700168784,63.24675444772065,17072800
2017-05-31,63.29203796386719,64.10765843537861,63.26485176716493,63.91734814437406,30436400
2017-06-01,63.52767562866211,63.98986180534705,62.938615899803274,63.65454918083601,21603600
2017-06-02,65.03205871582031,65.12268171535966,63.65456423209216,63.83581714526254,34770300
2017-06-05,65.50328063964844,66.05608974099087,65.07734507821188,65.22234736044108,33316800
2017-06-06,65.7208023071289,65.81143222526039,65.49424133998423,65.52143446387888,31511100
2017-06-07,65.60297393798828,65.94734401842305,65.20422453973434,65.82953483897984,22301800
2017-06-08,65.2042236328125,65.72078220332487,64.79641678233585,65.71172474555598,24588300
2017-06-09,63.72705841064453,65.32204930121863,62.159253725542506,65.28579872255888,49187400
2017-06-12,63.2376823425293,63.38268464885086,61.74237890051811,62.75737430249752,47761700
2017-06-13,64.02613067626953,64.18019047449377,63.40082019465208,63.45519261423898,25258600
2017-06-14,63.68174362182617,64.4339275742369,62.920502210295496,64.26174596777598,25510700
2017-06-15,63.346439361572266,63.62737271091453,62.34957262169192,62.77550137537206,26068700
2017-06-16,63.437049865722656,63.46423606655361,62.73018098775896,63.19236714415435,48345100
2017-06-19,64.22550964355469,64.28894644192839,63.754258929270776,63.89019690124084,23798300
2017-06-20,63.35551071166992,64.22550397577362,63.31926012807078,64.18018901775174,21512200
2017-06-21,63.68174362182617,63.998934457388216,63.3826884467768,63.627371210742815,19891100
2017-06-22,63.672664642333984,63.97171971630739,63.17422799556399,63.926411693748314,22965700
2017-06-23,64.53362274169922,64.56987332483575,63.36456736339012,63.51862715615157,27617300
2017-06-26,63.9173698425293,64.98673773173387,63.835811224735636,64.70580438498988,19607000
2017-06-27,62.72111129760742,63.60016859174608,62.69392509908175,63.536731823823146,25215100
2017-06-28,63.25580978393555,63.29205344567831,62.34050175789737,62.72112243300975,25806200
2017-06-29,62.06864929199219,62.97489328714386,61.70615031111292,62.87520589454974,28918700
2017-06-30,62.46738052368164,62.87518743614192,62.295192002642835,62.331442581497896,24161100
2017-07-03,61.77864074707031,63.07456971134451,61.64270278861798,62.82988691740375,16165500
2017-07-05,62.60329055786133,62.929538708027344,61.82392074514118,61.860171307836055,21176300
2017-07-06,62.1411247253418,62.33143505578515,61.7333178621189,61.86924887379979,21117600
2017-07-07,62.94767761230469,63.29204768021422,62.25893056239589,62.25893056239589,16878300
2017-07-10,63.41895294189453,63.66363575955263,62.712076872242626,62.94770222879326,15014500
2017-07-11,63.4279899597168,64.05330027921248,63.21049342366665,63.437054331995206,17460000
2017-07-12,64.4792251586914,64.59703432233702,63.93548045204297,64.06235398645796,17750900
2017-07-13,65.04109191894531,65.28578153194582,64.62422074526236,64.7964092200339,20269800
2017-07-14,65.95641326904297,66.40047073188707,65.21329373538751,65.46704085701272,25868100
2017-07-17,66.47297668457031,66.56359967539545,65.90204561969004,65.97454677798655,21803900
2017-07-18,66.42769622802734,66.5092548794071,65.84770054901394,66.23737887995348,26435300
2017-07-19,66.93515014648438,67.09827426446151,66.5635869667238,66.60890191053011,22416200
2017-07-20,67.26140594482422,67.33390709742993,66.40953468693321,67.22515536852136,42361000
2017-07-21,66.8717269897461,67.32484886371313,66.30985337695417,66.56360052012114,46717100
2017-07-24,66.69954681396484,66.83548477598863,66.27361109286655,66.63611002023266,21394800
2017-07-25,67.23420715332031,67.34295194777889,66.60889692882688,66.88077274315162,22018700
2017-07-26,67.10735321044922,67.40640839661484,66.88984972984908,67.37015781651482,16252200
2017-07-27,66.30078125,67.44264314163898,65.53953307481778,66.8445259956504,36844200
2017-07-28,66.19202423095703,66.4367069269608,65.7389024935442,65.8567116561995,18306700
2017-07-31,65.88390350341797,66.55452871043593,65.62109895758263,66.42765516620867,23600100
2017-08-01,65.77515411376953,66.53639532603026,65.69358860440495,66.24639768601344,22132300
2017-08-02,65.48517608642578,65.7570450661906,64.74205647918934,65.74798760672894,26499200
2017-08-03,65.385498046875,65.6483096046683,65.11362211423581,65.42174863216637,18214400
2017-08-04,65.86577606201172,66.19202426625003,65.46702672036733,65.61202899517949,22579000
2017-08-07,65.6120376586914,66.06515945617672,65.48516410852271,65.97453647949764,18705700
2017-08-08,65.9654769897461,66.27359651607705,65.0229827515313,65.33110227786226,22044600
2017-08-09,65.67546844482422,65.71171901500814,65.29484782902696,65.47609376585729,22213400
2017-08-10,64.71489715576172,65.42176647651769,64.66051780594614,65.15895484704025,24734500
2017-08-11,65.70266723632812,65.88391320789555,64.59704883313128,64.89611090889908,21443700
2017-08-14,66.69048309326172,66.80829922141369,66.11048756942623,66.21017494828158,20096600
2017-08-15,66.70869445800781,67.04578665702347,66.54470121626878,67.04578665702347,19181400
2017-08-16,67.10044860839844,67.51042819392298,66.66313102636873,66.81801158526225,18150400
2017-08-17,65.96162414550781,67.30090129978795,65.96162414550781,67.03668954580021,22977500
2017-08-18,66.04363250732422,66.36250643868256,65.53343421715088,65.84319547877601,18761500
2017-08-21,65.73384857177734,66.034504010893,65.32386198636655,66.02539134430307,17734800
2017-08-22,66.6540298461914,66.7269103223817,65.91605681074577,65.91605681074577,14343700
2017-08-23,66.253173828125,66.64493516595137,66.08006787973466,66.47182921756102,13766500
2017-08-24,66.22584533691406,66.38072595413794,65.66097802883134,66.27139477972297,17098300
2017-08-25,66.34426879882812,66.82713589061723,66.03450762708734,66.38071251625558,12794300
2017-08-28,66.35337829589844,66.59025202146773,66.09827923702194,66.56292097243497,14569700
2017-08-29,66.5538330078125,66.65405151494807,65.64276072543822,65.82497240154113,11478400
2017-08-30,67.42845153808594,67.61066318709373,66.35338612671066,66.51737939118922,16897800
2017-08-31,68.12085723876953,68.29396316049159,67.23712314859044,67.44666583716388,27652800
2017-09-01,67.36466979980469,68.09352327139557,67.09134540362801,68.06619222196353,21736200
2017-09-05,67.06403350830078,67.31913264376266,66.49006045351156,66.81804009129817,21556000
2017-09-06,66.87268829345703,67.45577383572194,66.8271319116531,67.18244944675429,16535800
2017-09-07,67.72908020019531,67.96596083517592,67.05488895547938,67.12777637407754,17471200
2017-09-08,67.40111541748047,67.8202077394271,67.27355893165222,67.71998925473027,14703800
2017-09-11,68.11176300048828,68.27575628266888,67.701776319572,67.701776319572,17910400
2017-09-12,68.03884887695312,68.54904690995959,67.75641881595696,68.11173629621888,14394900
2017-09-13,68.52172088623047,68.53994621784577,67.92041701054617,68.26662185103547,13380800
2017-09-14,68.12085723876953,68.7768302569495,67.89308921584197,68.3304068782714,15733900
2017-09-15,68.61284637451172,68.68573382002735,67.48311877273684,68.17553560327664,38578400
2017-09-18,68.47616577148438,69.21413176927909,68.36683464365572,68.53994052498605,23307000
2017-09-19,68.73127746582031,68.97726386015866,68.33951620748289,68.52172783655365,16093300
2017-09-20,68.27574920654297,68.83150377461581,67.7017693029336,68.64928517389502,21587900
2017-09-21,67.61067199707031,68.54907531850351,67.51956616069491,68.43063842630846,19186100
2017-09-22,67.7928695678711,67.88397537595385,67.28266453093796,67.41021405243934,14111400
2017-09-25,66.74514770507812,67.64710718799125,66.4353795593639,67.50133230743658,24149200
2017-09-26,66.74514770507812,67.2462332173948,66.49915433187435,67.11868367237392,18019600
2017-09-27,67.28266906738281,67.57421184346109,66.66313979935047,67.00935162470647,19565100
2017-09-28,67.30089569091797,67.39200150688988,66.7906906098045,67.00024024237528,10883800
2017-09-29,67.86575317382812,67.91130955543441,67.30999868268538,67.36466773079852,17079100
2017-10-02,67.97508239746094,68.33951258722502,67.69265230208444,68.06618820717003,15304800
2017-10-03,67.6562271118164,68.2210874572242,67.59245233246618,68.02976311917352,12190400
2017-10-04,68.04798126220703,68.07531231462043,67.15512749477233,67.50133241022351,13317700
2017-10-05,69.21416473388672,69.35082697102892,68.2939797514547,68.53086049910584,21195300
2017-10-06,69.241455078125,69.26878611929715,68.822362894658,68.94079972337931,13959800
2017-10-09,69.5057144165039,69.74259518739977,69.11395300541609,69.21417152575931,11386500
2017-10-10,69.5057144165039,69.81547569688782,69.36905216595126,69.54215814671333,13944500
2017-10-11,69.62413024902344,69.66057396820018,69.19592523735763,69.56946814572268,15388900
2017-10-12,70.26187896728516,70.41675954749397,69.57857493008711,69.68789912744481,16876500
2017-10-13,70.59896850585938,70.9451803202011,70.4167568832053,70.6900743171864,15335700
2017-10-16,70.74473571777344,70.89050360995476,70.4714113624087,70.53518611853686,12380100
2017-10-17,70.6900863647461,70.71742436863843,70.38032516325666,70.5807621528929,16824000
2017-10-18,70.70831298828125,70.92696836689842,70.48965760966409,70.76297509520326,13300700
2017-10-19,70.98163604736328,70.9998544323407,70.47143090591811,70.67186789531489,15092800
2017-10-20,71.80158233642578,71.94735719335982,71.26405319106897,71.35515900118887,22866400
2017-10-23,71.8198013305664,72.28444300644937,71.75602657401814,71.96556922370797,20627200
2017-10-24,71.8471450805664,72.15690625259565,71.4827148568809,71.88358879802779,17517200
2017-10-25,71.6375732421875,72.06577810099631,71.07271317390882,71.59202382267296,20410800
2017-10-26,71.75603485107422,72.35733877490019,71.746922184537,72.15690181664888,32120700
2017-10-27,76.35696411132812,78.53442626307077,76.17475243916303,76.86716930506392,71066700
2017-10-30,76.42984008789062,76.83071404759542,75.71920494181663,76.25673415966743,31756700
2017-10-31,75.78297424316406,76.85803955220443,75.71919947698913,76.85803955220443,27086600
2017-11-01,75.78297424316406,76.31139770628673,75.50964984474112,76.23851027325018,22307400
2017-11-02,76.57559967041016,76.94913555295254,75.72830248448804,75.9378451390801,23992900
2017-11-03,76.65762329101562,77.02205360369791,75.98343173065795,76.6029611769388,17633500
2017-11-06,76.958251953125,77.16779461788532,76.60293443381173,76.7122586237988,19860900
2017-11-07,76.7760238647461,77.3500035947156,76.46626276362275,77.23155980234638,17939700
2017-11-08,77.04024505615234,77.08580143590872,76.37516639764618,76.6575964895383,18034200
2017-11-09,76.61205291748047,76.77604618072046,75.52788179749328,76.6302782528009,21178400
2017-11-10,76.41159057617188,76.621133187254,75.82850520918339,76.33870316756685,19397800
2017-11-13,76.46626281738281,76.47537548240072,76.03805792358921,76.2202764693135,14196900
2017-11-14,76.57559967041016,76.6211490970519,75.60075296840749,76.07450732085992,18801300
2017-11-15,75.98043823242188,76.63054716711069,75.71489959952027,76.42910358450695,19383100
2017-11-16,76.18187713623047,76.38332072493459,75.94381379124992,76.09031377386589,20962800
2017-11-17,75.44935607910156,76.10862340279398,75.3028491245761,76.10862340279398,22079000
2017-11-20,75.56839752197266,75.62333414411275,75.31201730420291,75.44936584539013,16315000
2017-11-21,76.65800476074219,76.76787798255899,75.76066719617009,75.76066719617009,21237500
2017-11-22,76.0994644165039,76.822826781065,76.03536937082563,76.75873173538673,20553100
2017-11-24,76.23683166503906,76.39249010194425,75.7973176825469,76.00791973341221,7425600
2017-11-27,76.79533386230469,76.8960556140677,76.27341523309346,76.28256667537461,18265200
2017-11-28,77.72016143798828,77.88497827622852,76.9327039870445,76.9784891588254,21926000
2017-11-29,76.31007385253906,77.7567988550948,76.16357385722971,77.56451368171776,27381100
2017-11-30,77.07006072998047,77.39053600909085,76.31007150677787,76.46573691592047,33054600
2017-12-01,77.15250396728516,77.65610618577628,76.20022919008453,76.54817292208784,29532100
2017-12-04,74.24069213867188,77.30810950134621,73.89274165915832,77.29895107140239,39094900
2017-12-05,74.70767974853516,75.70573920395341,74.14914117376347,74.47876786257568,26152300
2017-12-06,75.79728698730469,76.12692059422432,74.56116445427354,74.67104465185838,26162100
2017-12-07,75.53176879882812,75.81562430606475,75.08310342949109,75.57755397330278,23184500
2017-12-08,77.06092834472656,77.44549877478445,76.30093893353677,76.57562910393288,24489100
2017-12-11,78.04061889648438,78.16880895377604,77.02424988093318,77.1799082382396,22857900
2017-12-12,78.36112976074219,78.79148528604273,77.90330592290542,78.11390097624141,23924100
2017-12-13,78.15050506591797,78.7456772797342,77.98568825264326,78.50760699704064,22062700
2017-12-14,77.54619598388672,78.626660410482,77.39968901751064,78.22377323878445,19306000
2017-12-15,79.52399444580078,79.74374791869347,77.72016751562418,78.06811808236097,53936700
2017-12-18,79.09363555908203,80.11916336505594,78.95629401055412,79.77121979905746,22283800
2017-12-19,78.59003448486328,79.06616815885576,78.07726708305975,79.06616815885576,23524800
2017-12-20,78.3061752319336,79.02038618748293,77.56450295351422,78.92881584401295,23674900
2017-12-21,78.28784942626953,78.837236446129,78.19628608726545,78.79145826954444,17990700
2017-12-22,78.2970199584961,78.40689318795039,77.75678429894691,78.19629817427229,14145800
2017-12-26,78.19629669189453,78.31532835015888,77.8575046072155,78.11388478553005,9891200
2017-12-27,78.48015594482422,78.72738471200246,78.0314905712152,78.425219323601,14678000
2017-12-28,78.48930358886719,78.68158872255636,78.3336451929049,78.65412041572017,10594300
2017-12-29,78.32449340820312,78.79147562155148,78.2878666673683,78.4068983357041,18717400
2018-01-02,78.69991302490234,79.02954673903314,78.28787437515744,78.86472988196773,22483800
2018-01-03,79.066162109375,79.21266906606273,78.71821856599594,78.80062348975564,26061400
2018-01-04,79.76204681396484,80.2656556861351,79.26759637197095,79.28590624648834,21912000
2018-01-05,80.75096130371094,80.95240488652034,80.0550671955975,80.2656692101264,23407100
2018-01-08,80.8333740234375,81.10807111480854,80.21073333738873,80.76012053429359,22113000
2018-01-09,80.7784423828125,81.24542467261705,80.44880864716666,81.17217117895406,19484300
2018-01-10,80.41217041015625,80.75096253055902,80.03675853399227,80.44879715175412,18652200
2018-01-11,80.65023803710938,80.69601622319637,79.88109046098184,80.69601622319637,17808900
2018-01-12,82.04203033447266,82.2068471955099,80.9890341103924,81.19047771675316,24271500
2018-01-16,80.8974838256836,83.13166675095108,80.58616691883209,82.49986751713791,36599700
2018-01-17,82.53648376464844,82.66467388478401,81.26373401056131,81.56589943052555,25621200
2018-01-18,82.49983978271484,83.02175858732727,82.09695962610064,82.22514971945554,24159700
2018-01-19,82.40828704833984,82.96683266386778,82.09697020602567,82.53647715821474,36875000
2018-01-22,83.8824691772461,83.89162760840502,82.17020581400573,82.40827612328488,23601600
2018-01-23,84.14798736572266,84.51424767896594,83.81835378238712,84.14798736572266,23412800
2018-01-24,84.07478332519531,85.5489768878029,83.85502980241165,84.74320931370374,33277500
2018-01-25,84.541748046875,85.37498376436372,84.17548759470802,84.66993815725789,26383200
2018-01-26,86.12577819824219,86.12577819824219,84.77062417875615,85.26507453262293,29172200
2018-01-29,85.99761962890625,87.39855931821482,85.81449290598047,87.11471080192887,31569900
2018-01-30,84.91716003417969,85.75956117079346,84.33114610443617,85.42992746208309,38635100
2018-01-31,86.99568176269531,87.3527837732905,85.6222103416871,85.84196381301408,48756300
2018-02-01,86.30894470214844,87.96626462210679,85.68630405493057,86.79423681224651,47227900
2018-02-02,84.0381088256836,86.04337866603281,83.78172869713083,85.74121337773794,47867800
2018-02-05,80.57697296142578,85.37496348627676,80.57697296142578,82.92102812119992,51031500
2018-02-06,83.6260757446289,83.76342424691147,78.05893807401105,79.56059919774107,67998600
2018-02-07,82.0511703491211,84.02896525177215,81.67575153320365,82.8569376078551,41107600
2018-02-08,77.8392105102539,82.29841019952326,77.6102985923789,82.14275177196922,55628700
2018-02-09,80.7417984008789,81.42853403924457,76.7587330955253,79.02038358227666,63499100
2018-02-12,81.61166381835938,82.20683612449804,80.51288954997754,81.25456183184346,35720300
2018-02-13,82.25263977050781,82.40829821275301,80.39387593966535,81.42855539121268,26407700
2018-02-14,83.54054260253906,83.70613365602746,81.33267124756276,81.42466471757812,34960900
2018-02-15,85.24246978759766,85.29766447649932,83.36577315975562,83.90853965036392,27823900
2018-02-16,84.63528442382812,86.01520753943402,84.45129748254143,85.04925855104912,30596900
2018-02-20,85.29763793945312,85.61041710412444,83.72452662728915,84.15690360557682,30911700
2018-02-21,84.16613006591797,85.88643718218663,84.16613006591797,85.53685909712108,26922500
2018-02-22,84.38691711425781,85.30686602983668,84.04653348877846,84.68130048649692,24392800
2018-02-23,86.53035736083984,86.53955881145497,84.96644765148547,86.10718187499866,26329200
2018-02-26,87.781494140625,87.80909147577074,86.70515595803593,86.84314965241549,30199800
2018-02-27,86.6591567993164,88.16787196770876,86.6591567993164,88.07587850986063,25869100
2018-02-28,86.26361083984375,88.04831406715468,86.1348185470124,87.24795594571395,31167300
2018-03-01,85.41724395751953,86.99955700318941,84.48809371211529,86.46598501920263,37135600
2018-03-02,85.60122680664062,85.69322027018512,83.58653696735456,84.24890113471719,32830400
2018-03-05,86.14402770996094,86.72359307956127,84.87450055903221,84.94809114819672,23901600
2018-03-06,85.84959411621094,86.92593218146102,85.50001621138999,86.78793850212509,22175800
2018-03-07,86.34639739990234,86.41999499048457,85.03087029751842,85.70243602893925,26716100
2018-03-08,86.87074279785156,87.48710664854923,86.26357337932514,86.72354765930558,25887800
2018-03-09,88.8118896484375,88.8118896484375,87.39516714925314,87.66195323857892,36937300
2018-03-12,89.0234375,89.42821719619918,88.35187884256258,88.77505442556539,26073700
2018-03-13,86.85235595703125,89.45580531859048,86.44757630253882,89.23501960643607,35387800
2018-03-14,86.33719635009766,87.77232129855095,86.01521566311065,87.50553529543241,32132000
2018-03-15,86.64077758789062,87.00875850874635,85.39884812132331,86.0428094688316,27611000
2018-03-16,87.02716827392578,87.74472732375912,86.40160271431277,87.1007658735634,49081300
2018-03-19,85.45404815673828,86.38319846091478,84.73648917637232,86.2360032758896,33344100
2018-03-20,85.67484283447266,86.26360959855926,85.5552519981797,85.60125225295192,23075200
2018-03-21,85.07686614990234,86.52118545184291,84.82847604918616,85.49084029289305,24457100
2018-03-22,82.6021957397461,84.40529437405445,82.4826049338326,83.9637159038363,38604700
2018-03-23,80.20113372802734,83.21856455855394,80.10914025512633,82.33541458513045,44068900
2018-03-26,86.27278900146484,86.47517884088522,83.16336488475187,83.35655327183905,56396800
2018-03-27,82.30782318115234,87.52393137786285,81.42467314403622,87.33994441879172,56569000
2018-03-28,82.23423767089844,83.92694742136574,81.75586729584568,82.62981600780219,52501100
2018-03-29,83.96371459960938,84.90206620225291,81.32346632761482,82.96097388748707,45867500
2018-04-02,81.43385314941406,83.60493257128557,80.50471004649422,83.22775726642683,48515400
2018-04-03,82.52861022949219,82.84139648719949,80.85430360854896,82.40901940608649,37213800
2018-04-04,84.93888854980469,85.33446688050307,80.70712476799972,80.81751415046675,35560000
2018-04-05,84.98487091064453,85.61963785321196,84.08332498215286,85.04007261346732,29771900
2018-04-06,83.00697326660156,85.05845491188343,82.31701175010156,84.16610356089251,38026000
2018-04-09,83.50374603271484,85.71162446509142,83.3657593333461,83.75213612888268,31533900
2018-04-10,85.44485473632812,85.81283571483505,84.30412001974473,84.99408172245018,26812000
2018-04-11,84.50648498535156,85.82201185793431,84.15690701913041,84.64447868892483,24872100
2018-04-12,86.08879089355469,86.62236276120319,85.03084860939667,85.03084860939667,26758900
2018-04-13,85.62881469726562,86.64075672192043,85.0400481731519,86.52116593437097,23346100
2018-04-16,86.63156127929688,87.08234116390595,85.9415998030005,86.53956781952091,20288100
2018-04-17,88.37950134277344,88.81187850159709,87.28475977202028,87.39515618022652,26771000
2018-04-18,88.71986389160156,88.97744843079862,87.87350566740112,88.51747403404606,21043300
2018-04-19,88.41627502441406,89.2994249831789,87.70791055566441,88.71985979673535,23552500
2018-04-20,87.3951187133789,88.41626224089046,86.5211703337055,88.23227532474374,31154400
2018-04-23,87.71712493896484,88.58187913839089,87.05476061758769,88.07590444326863,22331800
2018-04-24,85.6656265258789,88.7474533051082,85.01246378307194,88.53586201329529,34524800
2018-04-25,84.92047119140625,85.83122555371904,83.05297625678179,85.83122555371904,33729300
2018-04-26,86.71435546875,87.53310914678839,85.64721174265686,86.0611928165312,42529000
2018-04-27,88.14949035644531,90.06298547157677,86.39239186549489,89.78699803469455,48272800
2018-04-30,86.03362274169922,88.68308021043526,85.69324612203495,88.618684064662,41523600
2018-05-01,87.3951187133789,87.66190465484735,85.36203310975843,85.74840984485714,31408900
2018-05-02,86.02442169189453,87.55153318224714,85.73003833118482,87.38594210318212,27471000
2018-05-03,86.53958892822266,87.33074550884652,85.04926924918992,85.51844513273495,31142500
2018-05-04,87.54232025146484,87.7355086331162,85.48163014321415,85.84961102101974,22531300
2018-05-07,88.5174789428711,88.96825191146401,87.48713371029172,87.55152984866214,24242000
2018-05-08,88.14028930664062,88.46227699069303,87.45032772993197,88.17708809963668,23484600
2018-05-09,89.1798324584961,89.20742979751279,87.44112991392596,88.32427985571938,27327400
2018-05-10,90.07218170166016,90.10897347370249,89.28102524836812,89.6582005703413,22388100
2018-05-11,89.87901306152344,90.0354097232103,89.27185038089043,89.97101357498174,16778300
2018-05-14,90.18257141113281,90.78974093200358,89.52020721332894,90.08137649098768,19454100
2018-05-15,89.52941131591797,90.01698302633103,88.62785846029713,89.45581373206078,24594000
2018-05-16,89.76039123535156,89.99137525446,89.27070624269335,89.95441696551391,17384700
2018-05-17,88.86416625976562,90.12071980487057,88.54079006412958,89.40005084057529,17246700
2018-05-18,89.03050231933594,89.55714572770695,88.7071260245598,88.7071260245598,17865800
2018-05-21,90.1761703491211,90.55498756895888,89.43702562972157,89.62181004730303,19422500
2018-05-22,90.08378601074219,90.70282161770484,89.80660231107942,90.250094820725,15441200
2018-05-23,91.15553283691406,91.22020807757163,88.9935188437979,89.35385333447184,21251200
2018-05-24,90.83216857910156,91.41425291581591,89.44626423313261,91.22022715326914,26649300
2018-05-25,90.87835693359375,91.45119986317951,90.41638887559422,90.82292302233722,18363900
2018-05-29,90.55497741699219,91.35879729733769,89.83430840051433,90.39790292567625,28671000
2018-05-30,91.42347717285156,91.70066083126555,90.46258980158247,90.83215861403677,22158500
2018-05-31,91.32185363769531,92.38438171256918,91.10935225216495,91.73762917085848,34140900
2018-06-01,93.1235122680664,93.18818750748015,91.62673337854075,91.72836690462985,28655600
2018-06-04,93.93658447265625,94.11213459273701,93.17895712941178,93.55777432557065,27281600
2018-06-05,94.41704559326172,94.54639610152738,93.80724429794586,94.24149545386945,23514400
2018-06-06,94.69422149658203,94.79585504501118,94.14910250871115,94.68498720968772,21122900
2018-06-07,93.2066650390625,94.87899406234737,92.74469701974881,94.84203577491357,28232200
2018-06-08,93.8996353149414,94.19529462279282,92.8925482206917,93.40070891124078,22165100
2018-06-11,93.36373901367188,93.86265826862545,93.01263880950212,93.32678072643967,23490900
2018-06-12,93.60395050048828,93.73330097185881,93.08654861500618,93.4099247934325,18325200
2018-06-13,93.17897033691406,94.25073978121542,92.91102797583872,93.98279742014007,29492900
2018-06-14,93.70561981201172,94.269221530713,93.31756824968205,93.91812826704445,25691800
2018-06-15,92.51371002197266,93.80722184408607,92.4582761171487,93.78874622550221,65738600
2018-06-18,93.18821716308594,93.4192012415094,91.85774661566292,92.4028727062611,23586000
2018-06-19,93.18821716308594,93.3175676830771,91.93166321253635,92.07025506940536,28653100
2018-06-20,94.12138366699219,94.7219365605108,93.42843151378717,93.65941556485551,26180800
2018-06-21,93.44689178466797,94.66648709198866,93.20666643728084,94.31539392970954,23198200
2018-06-22,92.77244567871094,93.10505625586957,92.05176945582303,92.77244567871094,38923100
2018-06-25,90.90607452392578,92.49524578239142,89.89898753401046,92.39361224499606,35433300
2018-06-26,91.54359436035156,92.46753049951762,91.23869374264916,91.30336899042786,26897200
2018-06-27,90.12077331542969,92.41213204709854,89.99142276037144,92.00560475223402,31298400
2018-06-28,91.12781524658203,91.57130767734826,89.86202729763778,89.97289511852455,26650700
2018-06-29,91.10933685302734,92.31045656927783,90.85063588006824,91.40499611484815,28053200
2018-07-02,92.4028549194336,92.44904749678177,90.54574131264793,90.63813351641761,19564500
2018-07-03,91.51588439941406,92.97569825358748,91.41425085241116,92.83711346137795,14670300
2018-07-05,92.17188262939453,92.31970876444636,91.49740606269937,91.93165722972684,18977400
2018-07-06,93.46538543701172,93.71484509890726,92.08871548169017,92.2919825649765,19234600
2018-07-09,94.1029052734375,94.47248118176289,93.54854493548648,93.91812084381188,18212000
2018-07-10,94.35236358642578,94.71269812638765,94.11213821009338,94.24148870910155,19293100
2018-07-11,94.22301483154297,94.55562537152547,93.40994648092858,93.4561461096039,19644600
2018-07-12,96.26490783691406,96.46817491378073,94.91596193024918,94.95291317234015,24335900
2018-07-13,97.41058349609375,97.56765094162441,96.17250545414652,96.43121348387548,24635200
2018-07-16,96.93014526367188,97.77092349798122,96.56980367859823,97.38287200522306,21786900
2018-07-17,97.89105224609375,98.39922005190725,96.38503855198033,96.65298093603883,25901700
2018-07-18,97.1241683959961,97.98342927773305,96.75459253466573,97.88179573964037,29493900
2018-07-19,96.45893859863281,97.29971685688679,95.98772917310774,96.94862364616488,40171600
2018-07-20,98.18667602539062,99.96987279474483,98.01113297803214,99.85900498569154,56004000
2018-07-23,99.75739288330078,99.91446034590324,98.05734660566769,98.21442111734395,29707000
2018-07-24,99.470947265625,100.54270929677494,99.1013714776495,100.31172531042424,26316600
2018-07-25,102.39986419677734,102.69552353767459,99.41554677693898,99.74816441658271,30702100
2018-07-26,101.28189086914062,102.5569203137531,101.17101598518887,102.31669492306126,31372100
2018-07-27,99.48944854736328,101.79928900671972,98.06658597851087,101.79928900671972,37005300
2018-07-30,97.35516357421875,99.35086217536963,96.79156190720565,99.03672723917165,34668300
2018-07-31,98.01115417480469,98.60247278121379,97.36439460280648,98.38996435278216,27655200
2018-08-01,98.19593048095703,98.35299793081944,97.4013448475583,97.96494644913352,23628700
2018-08-02,99.3878173828125,99.86826110826921,96.86546843921167,97.38287750786564,26104300
2018-08-03,99.8220443725586,99.83128570612169,98.6948413463126,99.60030171054906,18659600
2018-08-06,99.90524291992188,100.17318532858445,99.37859944057142,99.89600863102265,20265900
2018-08-07,100.59817504882812,100.80144214902595,99.9421811657823,100.3025157346515,16080200
2018-08-08,101.1617660522461,101.4019914225229,100.48729661714455,101.01393993528036,15487500
2018-08-09,101.32811737060547,101.78085134482403,101.26344209558513,101.36507567762797,13677200
2018-08-10,100.70901489257812,101.34653293062856,100.13617208671602,101.09706628570811,18183700
2018-08-13,99.97911834716797,101.24491326349123,99.87748481853247,100.93077134341624,18472500
2018-08-14,101.22645568847656,101.40200583583237,99.82207565685319,100.30251941662388,16788300
2018-08-15,99.85375213623047,101.08731062441338,99.07465548854698,100.6235648100921,29982800
2018-08-16,99.835205078125,100.96674607362014,99.5198612996821,100.4473529909142,21384300
2018-08-17,99.7795639038086,100.07636097998875,98.95409681455128,99.57551458714715,18061500
2018-08-20,99.12105560302734,100.07637106714154,98.75933435110451,99.7146498152187,17914200
2018-08-21,98.29558563232422,99.5662448896544,98.17500716764842,99.16742312629798,22881900
2018-08-22,99.29725646972656,99.5569530065571,98.1100682578156,98.17499239202323,18000600
2018-08-23,99.76099395751953,100.33604129537133,99.12102956709342,99.38072608218799,18167700
2018-08-24,100.54011535644531,100.68851036898491,99.76101854295902,99.86304320991796,17234000
2018-08-27,101.65310668945312,101.69020721308804,100.64214395615645,101.347032676616,19662300
2018-08-28,102.2652359008789,102.487831925535,101.82931367361901,101.96843884260409,19151500
2018-08-29,103.89762115478516,103.9068980534814,102.27451061676027,102.44145941229084,20818000
2018-08-30,103.83268737792969,104.44483526345196,103.3596717313349,103.57299084814439,22798700
2018-08-31,104.18514251708984,104.6025109442299,103.43386944155775,103.59154840568176,23222700
2018-09-04,103.61011505126953,103.84198801676146,102.22815415827401,102.8124714838812,22634600
2018-09-05,100.62357330322266,103.34112428756808,100.26185210361696,102.96085636735191,32872400
2018-09-06,100.8554458618164,101.08731878770189,99.71463502913187,100.40097690841688,23477600
2018-09-07,100.36386108398438,100.83688376198303,99.45492331581335,100.38241487789752,22498600
2018-09-10,101.44903564453125,101.69018545846832,100.5029972609317,100.94818929690803,20727900
2018-09-11,103.17415618896484,103.49877681039898,100.99455250082268,101.0038293974919,24301800
2018-09-12,103.61011505126953,103.7399633458489,102.49712764738881,103.3504184621108,18891100
2018-09-13,104.72308349609375,105.48362635078028,103.99036425815679,103.99036425815679,26055600
2018-09-14,105.14972686767578,105.48362441494214,104.28715938327095,105.14044997019631,19122300
2018-09-17,104.00892639160156,105.45581128660749,103.74922982851851,105.44654146378353,20736500
2018-09-18,105.00133514404297,105.4558040984605,103.61937448400592,104.05529671783911,22170900
2018-09-19,103.6008071899414,105.10334610472391,102.98866642360728,104.85292649035978,21728400
2018-09-20,105.33523559570312,105.54856180733915,103.81414972311683,104.13877041369311,23714500
2018-09-21,105.97520446777344,106.93051979419361,105.27958568723056,105.73405464251586,71229700
2018-09-24,106.35547637939453,106.56880259362794,104.08312444149307,104.83439048828816,27334500
2018-09-25,106.15141296386719,106.75428393145593,105.50217166104822,106.47604069147616,22668000
2018-09-26,105.71553039550781,106.71721627452153,105.49292724354773,106.16999944740674,19352000
2018-09-27,106.11434173583984,106.57808764240073,105.91956222802742,106.45750917792628,19091300
2018-09-28,106.07723236083984,106.26272787750213,105.43726079881428,105.91028356536363,21647800
2018-10-01,107.22733306884766,107.29225721513264,106.41114279037903,106.4296895138028,18883100
2018-10-02,106.80068969726562,107.44065427246214,106.14217132209161,106.93981489229142,20787200
2018-10-03,106.8192367553711,107.75600552352867,106.59664068835393,107.05110972240604,16648000
2018-10-04,104.6117935180664,106.43895336608236,103.53589971014215,106.29982819075417,34821700
2018-10-05,103.9996566772461,104.96424903262108,102.61769582754013,104.46340259370324,29068900
2018-10-08,102.81246185302734,103.9069024306767,101.4119472913115,103.56373500266335,29640600
2018-10-09,104.12022399902344,104.88076693755482,102.7660869170627,103.08143070992189,26198600
2018-10-10,98.4625473022461,103.41535084289859,98.11937273856343,103.17420095825126,61376300
2018-10-11,98.23066711425781,101.03168944145621,96.64464979327902,97.71126685647825,63904300
2018-10-12,101.62528991699219,103.17419973311524,99.35293753171953,101.10589670349029,47742100
2018-10-15,99.7981185913086,101.541807744727,99.19524749201396,101.01313768945039,32068100
2018-10-16,102.95161437988281,103.3318895052506,101.050252905449,101.59747687772415,31610200
2018-10-17,102.68260955810547,103.7028490555921,101.60672282067242,103.58227767697473,26548200
2018-10-18,100.63285827636719,102.51566546031356,100.01144048115152,102.11684371128545,32506200
2018-10-19,100.78126525878906,102.8217444465018,100.36388969116528,101.03168493840248,32785500
2018-10-22,101.68090057373047,102.52492131811472,100.39168782833853,101.39338044490471,26545600
2018-10-23,100.26187133789062,101.06879182514948,97.48867258350215,99.95579731759918,43770400
2018-10-24,94.90094757080078,100.62356948723375,94.22387553689256,100.54937553140536,63897800
2018-10-25,100.44737243652344,101.34703360717594,98.45326349909486,98.82426166264925,61646800
2018-10-26,99.20453643798828,100.86474784943587,97.16405701312414,98.02662479502256,55523100
2018-10-29,96.32003021240234,100.81836441000814,94.26099710896922,100.27114759801182,55162000
2018-10-30,96.2087173461914,96.81158129143232,92.85119483807064,96.14379321011006,65350900
2018-10-31,99.06537628173828,100.29894181736667,97.74833989805354,97.79471730888444,51062400
2018-11-01,98.23993682861328,99.53842685731335,97.87821556667416,99.28800716681756,33384200
2018-11-02,98.4625473022461,99.53843426816158,97.36810653494133,98.75934443865745,37680200
2018-11-05,99.71466827392578,99.92798747418881,98.22140556727459,98.65732794546751,27922100
2018-11-06,99.90941619873047,100.94820246901995,98.57382576412886,99.5940653122492,24340200
2018-11-07,103.84197998046875,104.10167654952967,101.46760326196797,101.50470378271963,37901700
2018-11-08,103.647216796875,104.07386220926607,102.86812702021342,103.6935942210007,25644100
2018-11-09,101.62528991699219,103.36897218817846,100.87402372229096,102.81247844854045,32039200
2018-11-12,99.12105560302734,101.98700199536991,98.40688292272758,101.48615555204573,33621800
2018-11-13,99.1859359741211,100.8554163055252,98.90768571412137,99.75170631357527,35374600
2018-11-14,97.77940368652344,100.84403476118644,97.31365441268596,100.69499158230887,39495100
2018-11-15,99.93118286132812,100.41556618190283,96.79203668189662,97.7980499116069,38505200
2018-11-16,100.8719711303711,101.42155182165904,99.48404038674023,99.7448588237426,33502100
2018-11-19,97.45337677001953,101.12347607040829,96.45667364761479,100.85334064943153,44773900
2018-11-20,94.74272918701172,95.91641950499898,92.54439174998134,94.82656776311053,64052500
2018-11-21,96.04682159423828,97.27639946682828,95.23641525059722,96.50325392014697,28130600
2018-11-23,96.00956726074219,96.69887428397637,95.01286397197369,95.17121703963531,13823100
2018-11-26,99.1766586303711,99.32569471318169,97.41612681737507,97.61174067362236,32336200
2018-11-27,99.80076599121094,99.97775301100344,98.14269951137845,98.99035959753932,29124500
2018-11-28,103.50811767578125,103.7037315113656,100.47143052315587,100.49937434155798,46788500
2018-11-29,102.641845703125,103.50813979254089,101.56130378223156,102.77225495471266,28123200
2018-11-30,103.29385375976562,103.36837533504709,101.86866238965851,103.11686679516431,33665600
2018-12-03,104.41166687011719,105.65056162127873,103.14483540689426,105.25933394410238,34732800
2018-12-04,101.08624267578125,104.9240201393736,100.79748033329818,104.2719738477113,45197000
2018-12-06,101.71034240722656,101.75691307682693,97.80736069210813,98.571189319909,49107400
2018-12-07,97.63969421386719,101.95253067018228,97.15531801305568,100.95582733765282,45044900
2018-12-10,100.21993255615234,100.58322355415702,96.77339052406371,97.62105767479058,40801500
2018-12-11,101.15143585205078,103.3497732532786,100.08021808086185,102.27855548208967,42381900
2018-12-12,101.60784912109375,103.64782582350992,101.5705883315688,103.2938589831763,36183000
2018-12-13,101.95250701904297,103.27524027769063,101.18867854053042,102.07360637123134,31333400
2018-12-14,98.76678466796875,101.77552794537948,98.27309160080141,100.83471247191235,47043100
2018-12-17,95.84188842773438,98.55255270961447,94.74271981791584,98.18926883157675,56957300
2018-12-18,96.84790802001953,97.35091810354068,95.49723082164701,96.64297719635128,49319200
2018-12-19,96.58709716796875,99.55857302502837,94.40738663426208,96.54983636920437,68198200
2018-12-20,94.5564193725586,97.1646110366954,92.01342521558604,95.9909279858803,70334200
2018-12-21,91.5010986328125,95.94434324647152,90.7838408248684,94.66818777300865,111242100
2018-12-24,87.6819839477539,91.258943217309,87.54226480606098,90.988807698749,43935200
2018-12-26,93.6714859008789,93.79258525293807,87.52359728687782,88.62276578959084,51634800
2018-12-27,94.24903106689453,94.2583480430309,89.79646878096001,92.49781621209479,49498500
2018-12-28,93.51314544677734,95.3947766299849,92.70273909280928,95.09669025050847,38196300
2018-12-31,94.61231994628906,95.38546555061806,93.55972900408138,94.35150145489395,33173800
2019-01-02,94.19315338134766,94.77999501810811,92.16248588194682,92.73070067123591,35329300
2019-01-03,90.72795867919922,93.32684044319628,90.54165470824236,93.24300187957324,42579100
2019-01-04,94.94764709472656,95.48791795712623,92.15315145623576,92.88903616051739,44060600
2019-01-07,95.06873321533203,96.19584553067855,94.06272025150858,94.67750555680239,35656100
2019-01-08,95.75804901123047,96.84790055480005,94.7427119468028,95.98160666219535,31514400
2019-01-09,97.12737274169922,97.69558755479733,96.1679301543678,96.74546194497762,32280800
2019-01-10,96.50325012207031,96.64297632847756,95.3668207332209,96.14928322503938,30067600
2019-01-11,95.75804901123047,96.3542074849832,94.67750733582264,96.12133285908699,28314200
2019-01-14,95.05944061279297,95.82326922584178,94.32355582231888,94.91971439314864,28437100
2019-01-15,97.8166732788086,97.85393407687918,94.90107801402655,95.4879267001753,31587600
2019-01-16,98.16131591796875,98.98103920096884,97.77008822750236,98.04954063884693,29853900
2019-01-17,98.85064697265625,99.32570620417194,97.58380814173859,97.80736584520311,28393000
2019-01-18,100.33170318603516,100.50869017626661,98.65501014000569,100.09882855963359,37427600
2019-01-22,98.44078826904297,99.76351478955688,97.67695957765606,99.43749164813042,32371300
2019-01-23,99.40020751953125,99.70760374078597,98.12405197196367,98.85062679677567,25874300
2019-01-24,98.9251480102539,99.67034972944384,98.12405864949432,99.53994049460114,23164800
2019-01-25,99.82870483398438,100.49006799762356,98.9251500406221,99.893909452744,31225600
2019-01-28,97.88187408447266,99.18597353904319,97.49064638013259,98.98104271102594,29476700
2019-01-29,95.88847351074219,97.77941463721287,95.17121556891286,97.69557606301235,31490500
2019-01-30,99.09281158447266,99.09281158447266,97.18324385198478,97.45337927991883,49471900
2019-01-31,97.27640533447266,98.0122901285823,96.11203200963543,96.68956373719217,55636400
2019-02-01,95.73942565917969,96.96900353574821,95.3388809740294,96.67092426587615,35535700
2019-02-04,98.49665069580078,98.55254543913937,95.73009897732443,95.82325451396552,31315100
2019-02-05,99.87528228759766,99.9218529541223,98.70159204691247,98.79474048673215,27325400
2019-02-06,98.76678466796875,99.6703393486801,98.30103541867585,99.6703393486801,20609800
2019-02-07,98.05884552001953,98.35692476046651,97.14598095536239,97.98433103998504,29760700
2019-02-08,98.43144226074219,98.53390766165148,97.1180331050029,97.23912534845508,21461100
2019-02-11,98.04022216796875,99.2791169423194,97.77940371163596,98.92514294577926,18914100
2019-02-12,99.56788635253906,99.80076100620424,98.25447700138812,98.86926239154354,25056600
2019-02-13,99.49333953857422,100.39689410284902,99.40019112207312,100.1360756939385,18394900
2019-02-14,99.57719421386719,99.94047807179034,98.42213802731075,99.02760638600282,21784700
2019-02-15,100.8067855834961,100.88130718152279,100.00569617163606,100.51802327460611,26606900
2019-02-19,100.76020050048828,101.2166399252208,100.39691661991846,100.40623359568878,18038500
2019-02-20,100.23632049560547,100.97534787622101,99.4318100375744,100.90050803428319,21607700
2019-02-21,102.35051727294922,102.41600036164678,99.97440541044664,100.00246857172826,29063200
2019-02-22,103.80985260009766,104.02500824857779,102.73405294633407,102.94921573193517,27763200
2019-02-25,104.38984680175781,104.94178179394864,104.08114489937165,104.54888327300539,23750600
2019-02-26,105.11016845703125,105.93338542967308,103.99694883794052,104.08114545694866,21536700
2019-02-27,104.93244934082031,105.11019224786276,103.72568320078429,104.48342439488118,21487100
2019-02-28,104.80145263671875,105.59660639729655,104.52081391146109,104.81080940203023,29083900
2019-03-01,105.26919555664062,105.72757715712973,104.46468499579466,105.60596775127947,23501200
2019-03-04,105.0166244506836,105.94274445681275,103.6508292196596,105.72758165886286,26608000
2019-03-05,104.49271392822266,105.13819494603366,104.05304600318713,105.00722881736458,19538300
2019-03-06,104.53954315185547,105.39083055322844,104.24019083055205,104.65180294876512,17687000
2019-03-07,103.26725006103516,104.3524062247193,102.78080542232387,104.21208332257127,25339000
2019-03-08,103.37953186035156,103.56662434504166,101.7798675637525,102.11663974589133,22818400
2019-03-11,105.54983520507812,105.66208783858885,103.8192047796217,103.82855440766717,26491600
2019-03-12,106.28887939453125,106.63500125192128,105.38146573260926,105.54049507990315,26132700
2019-03-13,107.1120834350586,107.57982179067021,106.43853906103854,106.76595448254248,35513800
2019-03-14,107.19625854492188,107.76689983325032,106.95303977133135,107.14948899790214,30763400
2019-03-15,108.43111419677734,109.6846496238026,107.19627802741456,107.89788559430455,54681100
2019-03-18,109.98399353027344,110.02141345411441,108.5620721099197,108.67432474432194,31207600
2019-03-19,110.058837890625,110.79786535826463,109.4414198276143,110.47044279551113,37588700
2019-03-20,109.93722534179688,111.0878648932349,109.17949145250918,109.81561593275109,28113300
2019-03-21,112.46302032470703,113.02430496873225,109.53497341755433,109.58175011169037,29854400
2019-03-22,109.49756622314453,111.87367109972185,109.48820945641481,111.78948161051984,33624500
2019-03-25,110.06819152832031,110.39560694464829,108.81464904379506,109.03916145254556,27067100
2019-03-26,110.30207824707031,111.0504554409824,109.31046793788197,110.96626595073009,26097700
2019-03-27,109.2356185913086,110.58270741533956,108.06627263631543,110.27399837031224,22733400
2019-03-28,109.38530731201172,109.99336868613277,108.63692298430551,109.86240249935247,18334800
2019-03-29,110.33013916015625,110.68561778472989,109.41336873019445,110.45174857819207,25399800
2019-04-01,111.3404312133789,111.42462782580611,110.47979438145998,111.27494813132247,22789100
2019-04-02,111.49946594238281,111.77075503158302,110.87269115286203,111.37784940822239,18142300
2019-04-03,112.22914123535156,112.65945966240936,111.46205062414057,112.12623822702027,22860700
2019-04-04,111.65850067138672,112.47236797841246,110.74173035529608,112.35075143836075,20112800
2019-04-05,112.15430450439453,112.47237030365831,111.66785974549359,111.68656613974626,15826200
2019-04-08,112.19173431396484,112.2759238012004,110.98496837040327,112.07947452719574,15116200
2019-04-09,111.58368682861328,111.82691282828479,110.92885583386986,110.97562539799578,17612000
2019-04-10,112.43494415283203,112.5846167099296,111.82688288503167,112.0326888960214,16477200
2019-04-11,112.56592559814453,113.05237039614994,112.182376682482,112.7623748706345,14209100
2019-04-12,113.14591979980469,113.17399009990342,112.60334866230004,112.85592426621412,19745100
2019-04-15,113.23944854736328,113.7352500177085,112.7904166260935,113.13654554742897,15792600
2019-04-16,112.97753143310547,113.80075559533735,112.35076368204014,113.79139882882426,14071800
2019-04-17,113.91300201416016,113.98784186792793,112.76236959524611,113.41720047291092,19300900
2019-04-18,115.40977478027344,115.55009058984051,113.47333809991099,114.3059118765761,27991000
2019-04-22,115.77461242675781,115.99912486358359,114.66139273491385,114.70816943043332,15648700
2019-04-23,117.34619903564453,117.47716520212103,115.84008098404394,116.09265655164269,24025500
2019-04-24,116.94393920898438,117.72973617719018,116.48555050707715,117.67360986149562,31257000
2019-04-25,120.81681823730469,122.89357779319953,120.51747309573709,121.66810551749202,38033900
2019-04-26,121.50907897949219,122.09843392154195,120.69521874465617,121.33133610654112,23654900
2019-04-29,121.39682006835938,121.78035468182438,121.00392155201622,121.51842233759561,16324200
2019-04-30,122.17324829101562,122.26678738541601,121.04131533712342,121.4342137917809,24166500
2019-05-01,119.62874603271484,122.22001309591465,119.4603599578308,122.1077604707387,26821700
2019-05-02,118.06652069091797,119.74102494306064,117.42103944445549,119.72231854824663,27350200
2019-05-03,120.58296203613281,121.07876363201555,119.03943092053474,119.14233394652422,24911100
2019-05-06,119.88134765625,120.26489657469453,117.97298124189926,118.2349136071191,24239800
2019-05-07,117.42102813720703,118.97392283071704,116.20491275200963,118.30037848833297,36017700
2019-05-08,117.41167449951172,118.21618497687096,116.70071025826208,117.34619142052296,28419000
2019-05-09,117.40232849121094,117.67361759676865,115.59685813410827,116.2704025152004,27235800
2019-05-10,118.92716979980469,119.675554137351,115.83074369902276,116.85041718050155,30915100
2019-05-13,115.39105987548828,117.44911308249895,115.10106435633591,116.1020242297008,33944900
2019-05-14,116.6820068359375,117.75779928426198,115.71845988183323,115.87749633810007,25266300
2019-05-15,118.32515716552734,118.97302773764963,116.14681772871896,116.67262874004524,24722700
2019-05-16,121.0574722290039,121.4800064983759,118.73829750185118,119.01059083755406,30112200
2019-05-17,120.25,122.49406504387602,120.10915046544845,120.4753363319527,25770500
2019-05-20,118.51294708251953,119.79928963723597,118.08103576395764,118.79462463973465,23706900
2019-05-21,119.15143585205078,119.74296521710198,118.85097546866184,119.6490726904568,15293300
2019-05-22,119.87440490722656,120.40960730217815,118.79462304356026,118.88852272491032,15396500
2019-05-23,118.47540283203125,118.5786867644425,117.12332747213195,118.49417847267834,23603800
2019-05-24,118.53173065185547,119.63967964353034,118.2782201170455,119.1608256151626,14123400
2019-05-28,118.45661163330078,120.1842568875603,118.35332771445485,119.22654174244512,23128400
2019-05-29,117.31110382080078,117.73362373181999,116.46605683522245,117.72423233099691,22763100
2019-05-30,118.05284118652344,118.08100821932045,117.1608445545673,117.61153856993461,16829600
2019-05-31,116.12804412841797,117.0106496000148,115.7900253164677,116.64446374765873,26646800
2019-06-03,112.52251434326172,116.77591660188547,111.74319994644043,116.28766401514834,37983600
2019-06-04,115.6397933959961,115.75246155243883,113.28305322202273,113.87458253396697,29382600
2019-06-05,118.14675903320312,118.18431747283711,116.625674463956,117.3204876883351,24926100
2019-06-06,120.01524353027344,120.15608588437492,117.9307967474827,118.71950963232716,21459000
2019-06-07,123.37664794921875,124.17475227691568,120.42837841153057,121.301599620535,33885600
2019-06-10,124.50335693359375,125.89298308626634,123.93998762266007,124.31555761189804,26477100
2019-06-11,124.03390502929688,126.04323484606017,123.26396781600276,125.70521607655425,23913700
2019-06-12,123.46113586425781,123.91182272452298,122.72876434367305,123.37662043720805,17092500
2019-06-13,124.24050903320312,124.87898115761064,123.52690568582655,123.92125864391642,17200800
2019-06-14,124.3625717163086,125.6207475903,123.60203278243443,124.18417086474125,17821700
2019-06-17,124.73814392089844,125.56440110815669,124.43767634219891,124.53157604231319,14517800
2019-06-18,126.90705871582031,126.98217559060535,125.41414843805009,125.99628630878539,25934500
2019-06-19,127.40467834472656,127.63001461170487,125.63946784231928,126.75680792300997,23744400
2019-06-20,128.58773803710938,129.25439126355556,127.4328466758534,129.0572077008645,33042600
2019-06-21,128.6065673828125,129.32015637224728,128.1277133102147,128.2403814856301,36727900
2019-06-24,129.3671112060547,129.94924923757614,128.63473938346874,128.63473938346874,20628800
2019-06-25,125.28265380859375,129.1886444197821,124.6253992170658,128.86940852205075,33327400
2019-06-26,125.75213623046875,127.45162843414134,125.44229886274614,126.14650335263339,23657700
2019-06-27,125.95875549316406,126.48457376187147,125.3578346560099,125.94937125387894,16557500
2019-06-28,125.78036499023438,126.38128580830697,125.02921038587301,126.35311876426313,30043000
2019-07-01,127.39531707763672,128.35303947390202,126.7286779898957,128.2873211524864,22613500
2019-07-02,128.2403564453125,128.24974068240397,127.07606632739167,127.80843797875298,15237800
2019-07-03,129.06661987304688,129.32952176630556,127.96804813619187,128.44691641304627,13629300
2019-07-05,128.69102478027344,128.9445424158855,127.43284949210273,127.63941729488629,18141100
2019-07-08,128.59715270996094,128.72860365919703,127.10422810361216,128.07133458593756,16779700
2019-07-09,128.12767028808594,128.60652419989634,127.50796687721775,127.69575188221728,19953100
2019-07-10,129.43283081054688,130.1182527134232,128.65350921595316,128.75679314600973,24204400
2019-07-11,129.94923400878906,130.71917135245343,129.45159717040355,129.7614489555064,22327900
2019-07-12,130.41868591308594,130.63465230545916,129.58303036260477,130.37175040151538,18936800
2019-07-15,130.41868591308594,131.01960659739734,130.0055645833737,130.925721247177,16651500
2019-07-16,128.70982360839844,130.55953550100205,128.18401980022102,130.47503438763337,22726100
2019-07-17,127.94929504394531,129.5079237907478,127.90234520155985,129.29197170827115,20211000
2019-07-18,128.09019470214844,128.27797983910799,126.44704968134909,127.27332147647621,30381800
2019-07-19,128.2779541015625,132.08066325214435,128.1183360508181,131.65814319698742,48992400
2019-07-22,129.97735595703125,130.69095896984672,128.9445313587568,129.0196482194256,25074900
2019-07-23,130.78489685058594,131.44216606376384,129.60183805561326,131.22619962991078,18034600
2019-07-24,132.12757873535156,132.14636153851882,130.37176630685818,130.41870182415488,20738300
2019-07-25,131.62997436523438,132.0243273665108,130.81310131452497,131.8553107504869,18356900
2019-07-26,132.70970153808594,133.02893752007677,131.73321079109064,131.7989291040514,19037600
2019-07-29,132.41868591308594,132.8693730295489,130.86004232342364,132.85998878879857,16605900
2019-07-30,131.7801971435547,132.59707012589243,131.26377742543409,131.58301349587833,16846500
2019-07-31,127.94929504394531,131.91162104632787,126.83195469974108,131.76138728152654,38598800
2019-08-01,129.6300048828125,132.33415564062386,128.56899850104418,128.63473115308523,40557500
2019-08-02,128.540771484375,129.8740777638272,127.0009117606506,129.6581114310978,30791600
2019-08-05,124.13720703125,125.75216991304656,122.79451599414664,125.16064772551509,42749600
2019-08-06,126.46578979492188,127.39533092351425,125.07616305809142,125.63013403956727,32696700
2019-08-07,127.01969909667969,127.36710203042061,123.78036158777626,125.62067447292235,33414500
2019-08-08,130.40933227539062,130.5032319747228,127.63006450389935,128.25916670067636,27496500
2019-08-09,129.3013458251953,130.86937284024663,128.1276716228745,130.14638552003524,23466700
2019-08-12,127.49859619140625,129.44220795216162,126.98219089651707,128.7004520057545,20484300
2019-08-13,130.1370391845703,130.3248242462156,126.75685076662751,127.74274024911765,25154600
2019-08-14,126.21803283691406,128.98770992695256,125.92599459779127,128.46015512404816,32527300
2019-08-15,125.93537139892578,126.78323939295453,124.5882239678287,126.60424455950005,28074400
2019-08-16,128.2434844970703,128.5543680876593,126.91516762131468,127.06590167277426,24449100
2019-08-19,130.391357421875,130.52324608578297,128.95941308888393,129.8638027662431,24355700
2019-08-20,129.3080291748047,130.67403695765714,129.28919819661368,130.20300375661628,21170800
2019-08-21,130.7493438720703,131.40880162262357,130.00511799973197,130.52325721454346,14970300
2019-08-22,129.7978515625,131.13558354961538,128.39416805587712,130.62687423752948,18697000
2019-08-23,125.66223907470703,130.3348948385731,125.10642333736197,129.24209434241507,38508600
2019-08-26,127.60287475585938,127.70650262165492,126.14266914684612,127.16953231692578,20312600
2019-08-27,127.87604522705078,128.79926589086173,126.85861221243225,128.48838238294053,23102100
2019-08-28,127.70642852783203,127.89483879956751,125.81288157849967,127.06583072897494,17393300
2019-08-29,130.11817932128906,130.41964740606196,128.97828726586653,129.29858632484562,20168700
2019-08-30,129.8732147216797,131.1167343226189,128.37533328483565,131.08847349360568,23940100
2019-09-03,128.15869140625,129.2514917495263,127.83839231850062,128.69567608993933,18869300
2019-09-04,129.65658569335938,129.71310736974692,128.57320085503275,129.34570209843733,17995900
2019-09-05,131.93641662597656,132.24730029695567,130.72114278716785,131.05087181315014,26101800
2019-09-06,131.04139709472656,132.05881580833838,130.19352900033334,131.9175116466666,20824500
2019-09-09,129.55294799804688,131.6537516015237,128.55436012486388,131.50301755940075,25773900
2019-09-10,128.19639587402344,128.95946734875338,126.71734474415543,128.87468482373725,28903400
2019-09-11,128.2340545654297,128.37537312914318,127.26372746871645,128.03622870093727,24726100
2019-09-12,129.55294799804688,130.4008018291069,128.94059634246844,129.8638315693794,27010000
2019-09-13,129.3645477294922,130.06166757283842,128.65799802353388,129.79789016593057,23363100
2019-09-16,128.43186950683594,128.78042935404903,127.80068696265583,127.9608364701534,16731400
2019-09-17,129.43043518066406,129.55290834925555,128.52604557949815,129.0253537380692,17814200
2019-09-18,130.4950408935547,130.6363451027071,128.6203235949755,129.40224042680123,23982100
2019-09-19,132.8972625732422,134.12193691998064,131.95519653742065,132.17186770071928,35772100
2019-09-20,131.3617401123047,133.44369879051382,130.2406788049033,132.8407768741121,39167300
2019-09-23,131.07907104492188,131.54068858935628,130.4196276777208,131.16385354039332,17139300
2019-09-24,129.4210662841797,132.53930327795948,128.95003315823615,132.2284196898619,29773200
2019-09-25,131.28634643554688,131.85159190644669,128.14926425911082,129.53410272550485,21382000
2019-09-26,131.45590209960938,132.058823850773,130.41963797640327,131.36170411102069,17456600
2019-09-27,129.75074768066406,132.2283858897277,128.73331466372676,132.0305457024955,22477700
2019-09-30,130.97549438476562,131.1544893061207,129.7979113493169,130.05227330991585,17280900
2019-10-01,129.12904357910156,132.12480772056614,129.0630920336368,131.56899201504288,21466600
2019-10-02,126.84923553466797,128.46959089935234,125.84123195739146,128.35654753081846,30521700
2019-10-03,128.384765625,128.82753783738573,125.5020456888973,127.1318160000348,24132900
2019-10-04,130.11817932128906,130.24065252757674,128.51666965160405,128.82755322348007,22897700
2019-10-07,129.17611694335938,130.17470484785542,129.08191894517083,129.19496229291303,15303700
2019-10-08,127.81011962890625,129.77903453695495,127.76301344394841,129.13843642085448,25550500
2019-10-09,130.23121643066406,130.66455876545945,129.03478851759584,129.49640605880475,19749900
2019-10-10,131.04139709472656,131.5783672838668,130.2406351791531,130.46673621261547,17654600
2019-10-11,131.58782958984375,132.85962499655602,131.41826453550487,132.00234111128458,25446000
2019-10-14,131.46534729003906,132.16246711107746,131.43708645268833,131.59723598927255,13304300
2019-10-15,133.36827087402344,133.5755121386922,131.71022575839925,131.9457422237064,19695700
2019-10-16,132.2755584716797,132.82195875738853,131.44653536580506,132.63353396074882,20751600
2019-10-17,131.59722900390625,133.22699949537883,130.96604637859363,132.7842272340001,21460600
2019-10-18,129.4493408203125,131.88928922095005,128.64857867155433,131.66318812164627,32273500
2019-10-21,130.4102020263672,130.4761535526096,129.0724699026435,130.4290473731204,20078200
2019-10-22,128.46949768066406,131.8986163276524,128.36586987643713,130.9188743034195,27431000
2019-10-23,129.28916931152344,129.48699516187958,127.75359681926605,128.95002490755215,29844600
2019-10-24,131.83274841308594,132.2849361712969,130.6363202952217,131.31460911993295,37029300
2019-10-25,132.5769805908203,132.96323120692122,131.13562036467823,131.26750906593338,25959700
2019-10-28,135.83651733398438,137.23077117887058,135.19590489187667,136.03434317103782,35280100
2019-10-29,134.55532836914062,136.1285773302664,134.3857489640111,135.73291121801836,20589500
2019-10-30,136.232177734375,136.59958293417193,134.51761055213072,135.20532914709477,18496600
2019-10-31,135.06402587890625,136.53364684424642,134.70605049939348,136.5053860083583,24605100
2019-11-01,135.39376831054688,136.0532118384025,134.68721859324643,135.90247778209527,33128400
2019-11-04,136.1756591796875,136.59958605455438,135.8082539714978,136.43943654070637,16912000
2019-11-05,136.09091186523438,136.61846672366852,135.57277249541806,136.5713605309958,18250200
2019-11-06,135.71405029296875,136.14740705653168,134.9038728109251,136.00608850600966,16575800
2019-11-07,135.9024658203125,136.48655664339515,135.4408625788381,135.50679973842463,17786700
2019-11-08,137.5039825439453,137.53224337866055,135.43142549956863,135.6386812040063,16732700
2019-11-11,137.64529418945312,137.93733241388952,136.34523822282443,136.919899184544,14362600
2019-11-12,138.54971313476562,139.02074633744076,137.5982168654946,137.80547262465507,18641600
2019-11-13,138.77577209472656,138.91709065211822,137.80544504142054,138.23880182604938,16919200
2019-11-14,139.48231506347656,139.81204397344354,138.48372722157296,138.5025725699454,19729800
2019-11-15,141.2816162109375,141.30046155281522,139.68010714614888,140.301859680273,23485700
2019-11-18,141.6302032470703,141.82804343792287,140.34899287356916,141.3758557692715,21534000
2019-11-19,141.67730712890625,142.56285148114728,141.49831228645922,142.13892465022818,23935700
2019-11-20,141.43154907226562,142.58478171593035,140.33504484728581,142.0837888619762,25696800
2019-11-21,141.29922485351562,141.60171875338148,140.3728625266567,141.22360137854915,18576100
2019-11-22,141.40322875976562,142.07437819649104,140.6753797370488,141.8569696847513,15901800
2019-11-25,142.9534149169922,143.06685731305117,141.71511147306902,141.79073492920853,22420900
2019-11-26,143.70968627929688,144.07834174457025,143.03855130534757,143.07635583504282,24620100
2019-11-27,143.98382568359375,144.15396770570413,143.22760526334744,143.99327321025382,15184400
2019-11-29,143.0952606201172,143.96490901164137,143.00072766342154,143.7758575219542,11977300
2019-12-02,141.36541748046875,143.52063628831266,140.20273706606196,143.50172681141444,27418400
2019-12-03,141.13851928710938,141.25194727879412,138.6240930309501,139.41813224384907,24066000
2019-12-04,141.64898681640625,141.96091382154867,141.0345514843031,141.92310929549308,17574700
2019-12-05,141.724609375,142.09327926361837,141.29923990374633,141.83805181138433,17869100
2019-12-06,143.44497680664062,143.55840479215541,142.045978765054,142.72657552554503,16403500
2019-12-09,143.07635498046875,143.87984186281386,142.65098551134082,142.80223247662772,16687400
2019-12-10,142.85897827148438,143.57737988089815,142.50921778346714,143.01021084671885,16476100
2019-12-11,143.39773559570312,143.55843007805365,142.10271778730538,143.24648863924253,18856600
2019-12-12,144.8534698486328,145.04252134219536,142.75496509556822,143.35047657910508,24612100
2019-12-13,146.0728759765625,146.4131744617937,144.46591651663408,144.62661102025638,23845400
2019-12-16,147.01812744140625,147.36787340500365,146.346992515384,146.62111500128668,24144200
2019-12-17,146.22410583496094,147.18828716752594,145.99723539679744,146.94250725358953,25425600
2019-12-18,145.9215850830078,146.97083722804186,145.74198115545315,145.85542356552523,24129200
2019-12-19,147.188232421875,147.24494640439553,145.33549392524614,145.57181180154737,24958900
2019-12-20,148.79527282714844,149.81616834437716,147.73655835166696,148.7385588134757,53477500
2019-12-23,148.79527282714844,149.46640788721783,148.66293532067655,149.46640788721783,17718200
2019-12-24,148.76687622070312,149.07881763657534,148.5210963286024,148.86139474376276,8989200
2019-12-26,149.98626708984375,150.04298108714522,148.7857679267206,148.93701486865942,14520600
2019-12-27,150.26043701171875,150.81814400607198,149.56093056923316,150.72361104065038,18412800
2019-12-30,148.9654083251953,150.3171547610845,148.15247384294395,150.28879775549368,16348400
2019-12-31,149.06939697265625,149.13557293845784,147.8878069293985,148.19030090385164,18369400
2020-01-02,151.82957458496094,151.93355507544456,149.66490818597188,150.09027767478486,22622100
2020-01-03,149.93899536132812,151.19620847768044,149.4096455068012,149.6554253847614,21116200
2020-01-06,150.32655334472656,150.39272928536337,147.9444646847199,148.4832764629302,20813700
2020-01-07,148.9558868408203,150.93150084251536,148.71012143982094,150.60066446698147,21634100
2020-01-08,151.3285369873047,151.99968621410528,149.30565620651117,150.23201839712107,27746500
2020-01-09,153.21910095214844,153.34199090041147,152.21711516271918,152.98278300469048,21385000
2020-01-10,152.51011657714844,154.2872318018375,152.3588696593664,153.90912893108236,20725900
2020-01-13,154.343994140625,154.37235114362988,152.43454087063708,152.90717681899122,21626500
2020-01-14,153.2569122314453,154.6464628468558,152.86934735532085,154.44794943449625,23477400
2020-01-15,154.2494659423828,154.96788183722586,153.67286391435027,153.7201159716805,21417900
2020-01-16,157.0758056640625,157.1419816102334,155.05292468702913,155.35541857174925,23865400
2020-01-17,157.95497131347656,158.30471736965129,156.37635423726,158.2574508806178,34371700
2020-01-21,157.3877410888672,158.98525260050442,157.32156514521276,157.55788307477562,29517200
2020-01-22,156.6315155029297,158.3235598983311,156.61260603057121,158.23847448456866,24138800
2020-01-23,157.59573364257812,157.6713571260564,156.22509226083278,157.09474068527607,19680800
2020-01-24,156.00762939453125,158.36136103516702,155.44992257333556,158.34245156321265,24918100
2020-01-27,153.398681640625,154.43848622125867,151.4325148850545,152.3305200644923,32078100
2020-01-28,156.40469360351562,156.68826363216436,154.14549435848608,154.81662932456064,24899900
2020-01-29,158.8434295654297,159.51457873200403,156.6220500121223,158.65437813463538,34754500
2020-01-30,163.32406616210938,164.52456542873182,161.4429700217879,164.52456542873182,51597500
2020-01-31,160.9136199951172,162.9648581406356,160.29919907352217,162.78526860838573,36142700
2020-02-03,164.83645629882812,164.94988426841468,161.0742651722846,161.10262216468124,30107000
2020-02-04,170.2623291015625,170.75387441009062,166.66084633572413,167.44542355504944,36433300
2020-02-05,170.05442810058594,174.11910061090413,168.64598204289516,173.95840610073768,39186300
2020-02-06,173.58023071289062,173.7598346269479,170.20560413495167,171.06580476348907,27751400
2020-02-07,173.82603454589844,175.47081270658518,172.4931978169128,172.8429581987189,33529100
2020-02-10,178.37277221679688,178.50510968178952,173.22104418313037,173.53298558426346,35844300
2020-02-11,174.345947265625,180.26334402188803,173.45738939363605,180.21607754330697,53159900
2020-02-12,174.6011505126953,175.67875972595644,171.89767274276622,175.42353231595447,47062900
2020-02-13,173.6558837890625,176.03795827229686,172.86184453761513,173.0603579564026,35295800
2020-02-14,175.2061309814453,175.26284498070825,172.65388562499024,173.2210544650253,23149500
2020-02-18,176.98324584960938,177.42752477655208,175.34792957469273,175.4519100559709,27792200
2020-02-19,177.5140380859375,178.36710062256168,176.74627891035584,178.25336280783833,29997500
2020-02-20,174.8031768798828,177.4856045751215,171.65631012999017,177.20124557370298,36862400
2020-02-21,169.2771759033203,173.93114068656777,168.00705551331956,173.61834725384844,48572600
2020-02-24,161.97869873046875,165.4478463263177,154.71813679067944,159.02140017038658,68311100
2020-02-25,159.3057861328125,165.72274558384058,158.9076748317135,165.11611976454265,68073300
2020-02-26,161.29623413085938,164.2250980795155,159.43844930371904,160.86022960459255,56206100
2020-02-27,149.9315185546875,158.3200311084721,149.74195067287758,154.8035013421261,93174900
2020-02-28,153.56178283691406,155.17314580344524,144.0737718821789,144.46239539589996,97012700
2020-03-02,163.77960205078125,163.90282763558946,153.84610129007496,156.68966182739558,71030800
2020-03-03,155.931396484375,165.8743863348176,153.79872580292735,164.7369648639986,71677000
2020-03-04,161.65646362304688,161.79863590353253,156.98353700870763,159.70388716783967,49814400
2020-03-05,157.59963989257812,161.9597582663655,157.04988300701586,157.3911109200166,47817300
2020-03-06,153.1447296142578,154.60441795195356,147.86517755045685,154.1304911008303,72821100
2020-03-09,142.7657012939453,149.5239019334554,142.17803670376105,143.12589028178613,70419300
2020-03-10,152.5286102294922,152.63287471129829,144.6235141245197,149.91253931749316,65354400
2020-03-11,145.61875915527344,149.47651594433142,143.2680717176468,148.9362468910333,56371600
2020-03-12,131.8085174560547,145.46709111192325,131.35355178409353,137.72312904394167,93226400
2020-03-13,150.54759216308594,153.46698304753858,133.3914358600728,139.80840891555962,92727400
2020-03-16,128.3583526611328,141.56196287538836,127.9602558230332,132.6995245572196,87905900
2020-03-17,138.9269256591797,139.8084226699975,127.96025125728585,132.69951982237052,81059800
2020-03-18,133.07864379882812,138.386629909358,127.97920110693828,130.8038008732288,81593200
2020-03-19,135.26824951171875,142.32027106056546,131.75170483894232,135.32511843712092,85922700
2020-03-20,130.18772888183594,139.42930369211481,128.7754214733434,138.38665869750938,84866200
2020-03-23,128.88914489746094,133.23980446764403,125.60957912301353,129.865433072782,78975200
2020-03-24,140.60458374023438,141.79888839830375,133.90326706268647,136.2539396766585,82516700
2020-03-25,139.25868225097656,146.28228256625601,136.9080088143488,141.14491656968082,75638200
2020-03-26,147.96945190429688,148.49077436791936,140.63305855292953,140.66149300884524,64568100
2020-03-27,141.8936767578125,146.81303910788503,141.4197499720729,143.83677947196435,57042300
2020-03-30,151.8745574951172,152.2252731140304,142.18749387169183,144.49078532530984,63420300
2020-03-31,149.4860076904297,156.1873255730772,148.3959672991363,151.0878682333424,77927200
2020-04-01,144.17803955078125,149.52393430986507,142.95531453413534,145.021628839362,57969900
2020-04-02,147.16378784179688,147.37231685193453,142.51930962640844,143.94109044292765,49630700
2020-04-03,145.808349609375,149.17323344168187,144.25386997914237,147.01212796704385,41243300
2020-04-06,156.65176391601562,157.8176197600713,149.3627676322206,151.95989162657898,67111700
2020-04-07,154.964599609375,161.13512171051497,154.74658285480595,160.74649823995173,62769000
2020-04-08,156.5190887451172,157.9787771039358,154.97408255990595,157.0309233879731,48318200
2020-04-09,156.52853393554688,158.64224329248236,154.81292133217562,157.68491641818002,51385100
2020-04-13,156.8792724609375,156.9361558362128,153.83666995479288,155.7797730783277,41905300
2020-04-14,164.64218139648438,164.6895769731253,159.23941831070533,160.18727199112618,52874300
2020-04-15,162.9170684814453,164.51894325255736,160.41473575433392,162.27252056372882,40940800
2020-04-16,167.80799865722656,168.03548873292664,163.88388524576575,165.2108889927018,50479600
2020-04-17,169.28668212890625,170.61367156696483,166.69903103004185,170.13974470150103,52765600
2020-04-20,165.93130493164062,169.42888821075923,165.86496267804998,167.41944252842458,36669600
2020-04-21,159.06883239746094,164.6137684753668,157.4479960281646,164.4526350641902,56203700
2020-04-22,164.47154235839844,164.92650798593397,161.91234081675324,162.4526097876211,34620200
2020-04-23,162.48109436035156,165.9312815649868,161.997694135911,165.0308233603539,32790800
2020-04-24,165.4478759765625,165.45734930740483,161.8081210252355,163.08771491777517,34277600
2020-04-27,164.97393798828125,167.67531233267164,164.26304771926806,167.3814800022421,33194400
2020-04-28,160.95504760742188,166.50947132086196,160.55695075653242,166.4336412831067,34392700
2020-04-29,168.1776580810547,168.41462148214717,162.9170821472806,164.18720250599264,51286600
2020-04-30,169.8648681640625,170.99280191954153,167.0402537209176,170.613666224283,53875900
2020-05-01,165.46681213378906,169.32456881719065,164.93600196160241,166.63266802790082,39370500
2020-05-04,169.5141143798828,169.66577440915705,164.7369391625159,165.39096038355166,30372900
2020-05-05,171.33401489257812,174.0733112718267,170.51886020205268,171.20131596449716,36839200
2020-05-06,173.02120971679688,174.59465034524186,172.15867383336482,172.5852051098927,32139300
2020-05-07,174.02593994140625,174.92639803706723,173.05912514642642,174.56620901356314,28316000
2020-05-08,175.049560546875,175.35288057989348,173.79840156841175,175.33391946205603,30877800
2020-05-11,177.00218200683594,177.73201884699927,173.31503217434738,173.5993766766979,30892700
2020-05-12,172.99278259277344,177.28655892042042,172.7937414047397,177.0590832769533,32038200
2020-05-13,170.37673950195312,174.45251418794447,167.33412210174134,173.03073332979187,44711500
2020-05-14,171.11602783203125,171.2676878956432,166.51893158760433,168.28194005356912,41873900
2020-05-15,173.60887145996094,177.30549477035595,167.77008972494357,169.7226658562342,46610400
2020-05-18,175.2676239013672,176.49034876011717,174.3671658161669,176.06381750534854,35264500
2020-05-19,174.0543670654297,176.86949350940563,173.9216681354789,175.38135636493746,26799100
2020-05-20,176.4686279296875,176.6492240164961,174.83377793793983,175.6607026476636,31261300
2020-05-21,174.3489990234375,177.4286028893225,174.21593052633386,176.2214721991391,29119500
2020-05-22,174.42506408691406,175.32804455149363,173.50308419399207,174.12091369625077,20826900
2020-05-26,172.58114624023438,177.2670731699118,172.13441304570176,177.11499069871292,36073600
2020-05-27,172.80917358398438,172.98026990888053,167.85711192719066,171.27887888797957,39517100
2020-05-28,172.4195098876953,175.03336693369795,171.45001698942932,171.792195219223,33810200
2020-05-29,174.1779327392578,175.1474401638824,171.47853469767063,173.68367206153434,42130400
2020-06-01,173.77870178222656,173.94028391212214,172.47653052735325,173.5030505874689,22622400
2020-06-02,175.7557830810547,175.8413240281486,172.3720280311082,175.12845379560204,30794600
2020-06-03,176.18348693847656,176.73477494392236,174.49160956121008,175.67022679734052,27311000
2020-06-04,173.8642578125,176.6396969090423,173.2749565224485,175.17594339707023,28761800
2020-06-05,177.93238830566406,178.43614872306114,172.99932449815253,173.5791261393768,39893600
2020-06-08,179.03494262695312,179.21553869876203,175.3090101306654,176.73475027225717,33211600
2020-06-09,180.40367126464844,181.25910962308345,177.98940962513453,178.6927800443984,29783900
2020-06-10,187.09515380859375,188.6919905733056,181.55377446710472,181.66784355961488,43872300
2020-06-11,177.0484161376953,186.0685895505903,176.85832035143625,183.56880167969496,52854700
2020-06-12,178.44564819335938,182.22860811999774,176.01237274212465,181.1070182904642,43373600
2020-06-15,179.5862274169922,181.3731596709733,174.90028735842841,175.44207556438678,32770200
2020-06-16,183.9870147705078,185.89750128714283,181.98147311232987,183.34067171544817,42556700
2020-06-17,184.62387084960938,186.60089915769962,184.10109650074745,185.37475436642524,25687800
2020-06-18,186.60089111328125,186.76247326807626,184.39573922892131,184.39573922892131,23061600
2020-06-19,185.48880004882812,189.423842544377,184.74741628179572,188.7584999974735,44441100
2020-06-22,190.64047241210938,190.82105397926182,185.56482652138783,186.09710051660872,32818900
2020-06-23,191.91412353515625,193.85312366603114,191.45787626628606,192.08520538344897,30917400
2020-06-24,188.04562377929688,193.18779690970953,186.82899330343227,191.61948849260602,36740600
2020-06-25,190.42189025878906,190.67852759970847,185.79299092407084,188.00764282127645,27803900
2020-06-26,186.61041259765625,189.9941675360762,185.23219976083442,189.8420850773338,54675800
2020-06-29,188.615966796875,188.70150774663603,183.96805331588718,186.08765014579993,26701600
2020-06-30,193.4349822998047,194.28092117666756,187.95064367833126,188.08371222626303,34310300
2020-07-01,194.56600952148438,196.1343324418635,191.78107062870032,193.0832420355836,32061200
2020-07-02,196.04881286621094,197.72169095393087,194.85119610163304,195.4975248148834,29315800
2020-07-06,200.26898193359375,200.6777016892989,197.78819326414938,198.49156369076422,31897600
2020-07-07,197.94027709960938,204.0424438056839,197.6931540036791,200.0313599594094,33600700
2020-07-08,202.2935333251953,202.70223856853215,198.35849081572363,199.67017648667414,33600000
2020-07-09,203.7097625732422,205.66777675400772,201.00085044726796,205.62024918097012,33121700
2020-07-10,203.0919189453125,203.48162471227076,200.6301445697278,203.0443913755945,26177600
2020-07-13,196.81871032714844,205.1165151249502,196.2769220311056,203.86185665203897,38135600
2020-07-14,198.03533935546875,198.51058613625617,192.02821308469305,195.92524248850216,37591800
2020-07-15,197.74069213867188,200.86782436233148,194.87971147955062,199.18544654450756,32179400
2020-07-16,193.8246307373047,195.51650798920733,192.2943356382939,195.23135704153594,29940700
2020-07-17,192.83615112304688,194.88920632879422,191.4199104017401,194.34743250474673,31635300
2020-07-20,201.12445068359375,201.78979330001377,192.959699672657,194.85118714961936,36884800
2020-07-21,198.41552734375,203.34859115848997,197.73117083168316,203.08245412639516,37990400
2020-07-22,201.2670135498047,201.78978791424657,198.07335457284609,198.8432520443965,49605700
2020-07-23,192.51295471191406,200.47809519758303,192.14226281240857,196.93275836350443,67457000
2020-07-24,191.33433532714844,192.81710279590382,187.73195701203042,190.4978964459514,39827000
2020-07-27,193.7581024169922,193.87215699393317,190.91612168004946,191.4959232851321,30160900
2020-07-28,192.01869201660156,194.56600751672175,191.75255500922717,193.52997313063014,23251400
2020-07-29,193.95770263671875,194.5184903248029,192.0091880475081,192.47493508696,19632600
2020-07-30,193.8056640625,194.33795272951923,189.69003901032036,191.04923807079211,25079600
2020-07-31,194.86070251464844,194.9462579677163,189.15774048150277,194.28090079447668,51044000
2020-08-03,205.8199005126953,206.865449389617,200.02189761384523,201.04843255571845,78983000
2020-08-04,202.7307586669922,204.1374995340673,199.89829200805272,203.56719761461736,49280100
2020-08-05,202.39813232421875,204.356147040437,201.0959605864855,204.26109186836734,28806400
2020-08-06,205.6392822265625,205.65828165484047,201.07691035504746,201.82779386667735,32656800
2020-08-07,201.96087646484375,205.02146702314252,200.48760848126565,204.21355616358002,27820400
2020-08-10,197.94027709960938,201.39057324547656,196.13434519873215,201.19096322321653,36716500
2020-08-11,193.31137084960938,197.36996761393385,193.08324719054212,196.9042350854853,36446500
2020-08-12,198.83370971679688,199.86974400577404,194.6135168477628,195.1267768843366,28013100
2020-08-13,198.3679962158203,200.88681276479966,197.845221875211,199.07136664712925,22588900
2020-08-14,198.55807495117188,199.21391774906647,197.23688964214472,198.42500644894537,17958900
2020-08-17,199.8697967529297,200.73474942577576,198.5771248528308,199.22346805457104,20184800
2020-08-18,201.0198974609375,201.8468222550465,198.85277320484522,200.10741721992852,21336200
2020-08-19,199.80027770996094,202.08698492364027,199.37152465065776,201.50578180907098,27627600
2020-08-20,204.44989013671875,204.85006060351787,199.04756702727556,199.64781545825596,26981500
2020-08-21,202.9635772705078,206.0410886510413,202.8016045176839,203.76391835685175,36249300
2020-08-24,203.6019287109375,205.34553813622844,202.4014026425913,204.6499901784463,25460100
2020-08-25,206.25067138671875,206.38406154676812,203.03977033082035,203.03977033082035,23043700
2020-08-26,210.7097625732422,211.60538860405137,207.0986904162652,207.59414589811615,39600800
2020-08-27,215.88340759277344,220.2376553277193,209.04235998516526,212.36760613351487,57602200
2020-08-28,218.1034698486328,219.75179480151053,215.88346427449105,217.40792170045836,26292900
2020-08-31,214.88296508789062,217.90331098224215,213.72055883978842,216.28356909931804,28774200
2020-09-01,216.54087829589844,216.71237374786213,213.83494001123904,214.8639563383448,25725500
2020-09-02,220.71405029296875,221.86693390935534,216.61706023468037,217.2077860584741,34080800
2020-09-03,207.04148864746094,218.48450340319877,204.8119611811816,218.446398159846,58400300
2020-09-04,204.13552856445312,208.05150124587362,195.50324202808818,204.94540695523105,59664100
2020-09-08,193.09263610839844,200.11470143736412,192.6543458320582,196.75135022135257,52924300
2020-09-09,201.3152313232422,204.697642740119,196.9419235287555,197.79944426823292,45679000
2020-09-10,195.67469787597656,204.60236011002283,194.47418635865475,203.32560902386254,35461500
2020-09-11,194.3979949951172,198.78084050234108,191.73971383980165,197.4183414729298,33620100
2020-09-14,195.7128448486328,199.32391711756875,194.3979883338327,194.59808088373535,30375800
2020-09-15,198.92373657226562,199.87652772915487,197.16106711664477,198.58073117424792,21823900
2020-09-16,195.3698272705078,200.70544896164475,194.97917941167134,200.6768663903581,26328100
2020-09-17,193.3308563232422,194.68381801574102,190.52012532988843,190.60587304442362,34011300
2020-09-18,190.92984008789062,194.0359343629213,186.98528485141622,193.22607051465485,55225300
2020-09-21,192.9783172607422,193.140304553541,187.109134700145,187.88089322203805,39839700
2020-09-22,197.6279296875,198.27583520030763,192.5400286648774,195.3793420932357,33517100
2020-09-23,191.12034606933594,198.27581589133334,190.58678542747754,198.0852460577235,30803800
2020-09-24,193.5976104736328,195.8652577628293,189.79596905441002,190.41529194301134,31202500
2020-09-25,198.0091094970703,199.1715015931338,192.9783576879706,193.94068627629918,29437300
2020-09-28,199.55255126953125,202.53479178027638,198.23769502469003,200.92457264876782,32004900
2020-09-29,197.4755096435547,200.15286527380047,197.04675648786915,199.46685440932734,24221900
2020-09-30,200.40060424804688,201.97270414336592,196.78951692861784,197.92334094914924,33829100
2020-10-01,202.4300079345703,203.88777718640915,201.34382663832886,203.41138162597977,27158400
2020-10-02,196.45599365234375,201.02939371006642,195.8366707318804,198.18054316818606,33154800
2020-10-05,200.4481964111328,200.47677898107784,197.20869794579374,197.43737304379223,21331600
2020-10-06,196.18923950195312,200.2576474587062,195.15070058306898,198.96186538347163,28554300
2020-10-07,199.92417907714844,200.19095944985511,196.96099786603364,197.28494338454317,25681100
2020-10-08,200.63876342773438,201.21996661458442,198.48546064844754,200.57206106834602,19925800
2020-10-09,205.62184143066406,205.66948389253287,201.25805652305527,201.25805652305527,26458000
2020-10-12,210.9479522705078,213.29182486837524,206.5746444335624,208.46116681722611,40461400
2020-10-13,212.33901977539062,214.57808461932888,210.02372990076108,212.20562960629036,28950800
2020-10-14,210.4334259033203,213.63480432186398,208.7851015044337,212.47239811082844,23421700
2020-10-15,209.2900848388672,209.95703566397012,205.81238879482586,206.85094208509787,22733100
2020-10-16,209.2900848388672,211.795915405928,208.96613937216543,209.75694314722043,26057900
2020-10-19,204.10691833496094,211.80547245913127,203.630522766919,210.0142204709931,27625800
2020-10-20,204.51661682128906,207.10820994137202,203.03026493680252,205.612335379117,22753500
2020-10-21,204.65951538085938,206.67942770455164,203.0588188965008,203.0588188965008,22724900
2020-10-22,204.74530029296875,205.86006425184692,201.70589404020626,203.83061434447285,22351500
2020-10-23,206.0220184326172,206.06966089598714,203.09695727371624,204.87867200393134,18879600
2020-10-26,200.16233825683594,206.12680477931295,198.2758161171347,203.75436445560234,37111600
2020-10-27,203.18272399902344,204.53568576239945,200.4005754314339,201.60108711313487,36700300
2020-10-28,193.1116943359375,198.98089103661246,192.55908828842558,197.86612718749194,51195600
2020-10-29,195.05538940429688,197.57075725259926,193.76911564184445,194.43608102293118,31432600
2020-10-30,192.91160583496094,194.64567799297023,190.19614551612918,193.8929794573457,36953700
2020-11-02,192.7782440185547,195.58897513304893,190.67256908298938,194.64570661719011,30842200
2020-11-03,196.6846466064453,198.294865783627,193.53091060305985,194.26456377162967,27512000
2020-11-04,206.17449951171875,208.01339419763795,202.39191705851812,203.9163888850281,42311800
2020-11-05,212.7487030029297,213.53952130359875,210.70973077728522,211.5577142136879,36080100
2020-11-06,213.15846252441406,213.76824835120496,207.73707791171776,211.76738088350064,25231900
2020-11-09,208.08006286621094,217.35071687203836,207.59414460374276,213.84445234772951,44395000
2020-11-10,201.0484161376953,206.2792437653986,199.81932219069338,204.3736618368499,44045100
2020-11-11,206.326904296875,207.74655365341502,202.18225742380903,202.3632900490306,29440800
2020-11-12,205.2693328857422,208.76607475027214,204.33560160583502,206.95577733475665,21593900
2020-11-13,206.288818359375,207.15586184430438,204.04976775287432,206.1459054941405,18621100
2020-11-16,206.97482299804688,207.4607558021883,204.3927670537816,204.72623524216695,24953300
2020-11-17,204.33555603027344,207.40352955139355,203.97349081255055,205.89813262582595,24154100
2020-11-18,201.64166259765625,205.5487767460192,201.49836102852694,204.09673872254086,28372800
2020-11-19,202.92173767089844,203.50446239032152,200.5430716044339,201.92824719633262,24792700
2020-11-20,200.98252868652344,203.75285098407457,200.60996790062518,202.71159322047438,22843100
2020-11-23,200.71505737304688,202.79757297783098,198.8522533741571,201.51749377618378,25683500
2020-11-24,204.29739379882812,204.66995462675723,199.5209654528128,200.21831990991032,33979700
2020-11-25,204.30690002441406,205.66340365073432,202.95995858181058,205.49145926182734,21012900
2020-11-27,205.60609436035156,206.5995994445289,204.46930228158132,205.2430957818829,14512200
2020-11-30,204.49798583984375,205.1571206288047,201.4124030008416,204.52664324038548,33064800
2020-12-01,206.5422821044922,207.6026495809282,203.81016502138235,204.9182851110949,30904500
2020-12-02,205.73985290527344,205.83538729489786,203.28477651814012,205.27177229501723,23724500
2020-12-03,204.660400390625,206.7047110734639,204.0967707859038,205.01385141230443,25120900
2020-12-04,204.77500915527344,205.74940448853005,203.64776463709416,204.6412697625912,24666000
2020-12-07,204.70814514160156,205.90225214353387,203.46628552079312,204.7845697389054,24620000
2020-12-08,206.35125732421875,207.24922820799597,203.37077062615214,204.40248092390664,23284100
2020-12-09,202.32945251464844,205.6060744703643,201.76583762177287,205.5392120715224,32440600
2020-12-10,201.10675048828125,203.55227955829025,200.95390127727993,202.30085761828587,26733300
2020-12-11,203.7241973876953,203.78152676671252,199.75976806432303,200.6577388410775,30979400
2020-12-14,204.62217712402344,206.5423105513928,203.36120768395418,203.57137168671602,28798400
2020-12-15,204.55528259277344,205.7875944368426,202.74979363543983,205.54877306906567,27000600
2020-12-16,209.4750213623047,210.2679101449516,205.11892143839012,205.14757883974474,35023300
2020-12-17,209.6087646484375,211.01303564686324,208.17583624812565,210.03864025323077,32515800
2020-12-18,208.8158721923828,209.86669216480047,206.36079582264512,208.8158721923828,63354900
2020-12-21,212.6370391845703,213.98399551182237,207.56447448034749,207.82240569921558,37181900
2020-12-22,213.92665100097656,215.54108593235114,211.93010767555515,212.73254404895405,22612200
2020-12-23,211.1372528076172,213.5636721100201,210.9270887842,213.13379645357705,18699600
2020-12-24,212.7898712158203,213.6114174296126,211.30917559396767,211.51933959585654,10550600
2020-12-28,214.90109252929688,215.92324072006835,213.0478358093236,214.41388745922933,17933500
2020-12-29,214.1272735595703,217.0217879256929,213.58276831645435,216.1906940710148,17403200
2020-12-30,211.76773071289062,215.54112095562053,211.56712887519555,215.15899792298163,20272300
2020-12-31,212.47463989257812,213.02870733797383,209.85715187326116,211.78683303460437,20942100
2021-01-04,207.9561309814453,213.02869534095603,205.2049037044896,212.57970992905,37130100
2021-01-05,208.15672302246094,208.7490099968448,206.055097651957,207.54534083146888,23823000
2021-01-06,202.7593994140625,206.8098162211592,202.46326316529786,202.6829748052678,35930700
2021-01-07,208.529296875,209.53234971678856,204.15410145154507,204.46933288683374,27694500
2021-01-08,209.79983520507812,210.71691586641606,207.32564880606074,208.90186433865418,22956200
2021-01-11,207.76512145996094,209.12162559620785,207.03909489654353,208.70129749665148,23031300
2021-01-12,205.31951904296875,207.392501541839,203.78152328009872,206.81932437348303,23249300
2021-01-13,206.66644287109375,207.0676609956089,204.36420152605578,204.4501882914151,20087100
2021-01-14,203.4949493408203,207.73641987769744,203.22747053007149,206.25572423330087,29480800
2021-01-15,203.1414794921875,204.91831131296394,202.54920707742923,203.97258788636626,31746500
2021-01-19,206.7620086669922,207.2778564550541,203.12237302041416,204.1922881817282,30480900
2021-01-20,214.30882263183594,215.69398418960606,207.57405451987853,207.96572521407367,37777300
2021-01-21,214.9105987548828,216.18113032934212,212.47461760314508,214.65266756607497,30709400
2021-01-22,215.8467559814453,219.7825421565969,215.70346898693128,216.9262332617842,30172700
2021-01-25,219.2666778564453,219.505499229493,214.19411422515188,218.8750073062871,33152100
2021-01-26,221.94149780273438,223.7087673579532,219.7921052743459,221.49251241957313,49169600
2021-01-27,222.48597717285156,229.68883768367752,219.84939455826367,227.35793883564364,69870600
2021-01-28,228.24636840820312,231.79048419595736,224.5780754115442,225.0748279766649,49111200
2021-01-29,221.5880584716797,227.377086987308,221.00533366135892,225.437858347954,42503100
2021-02-01,228.93418884277344,231.65675864090633,222.0370256255715,224.54943142500284,33314200
2021-02-02,228.8004608154297,231.47526355109804,228.0171341621031,230.51043029200613,25916300
2021-02-03,232.13442993164062,234.13097358783594,228.56165609173593,228.85780690916252,27158100
2021-02-04,231.18865966796875,232.36367143508832,229.6219918883106,231.80960404543467,25296100
2021-02-05,231.3701629638672,232.40187313232684,229.66975580932288,231.3988203649493,18054800
2021-02-08,231.6281280517578,232.78401560191813,230.04235026944374,232.2777153400292,22211900
2021-02-09,232.8699951171875,233.81571861476473,230.58686291698683,231.0549435728777,23565000
2021-02-10,231.96243286132812,234.92380917506196,230.1187242605503,234.04494826138287,22186700
2021-02-11,233.55776977539062,234.1882471613524,231.32239050634175,233.83479617171466,15751100
2021-02-12,234.03546142578125,234.3315976764022,231.87650629918292,233.02284628528176,16561100
2021-02-16,232.80307006835938,235.12442137957254,232.05794855525386,234.07360151416745,26728500
2021-02-17,233.8180389404297,233.92336296711304,230.69664036520157,231.06048965921218,21653500
2021-02-18,233.42544555664062,233.5594929778077,230.62001931004644,231.5200582564853,16925600
2021-02-19,230.72535705566406,233.4924904651733,229.96893508329921,233.38716644155568,25262600
2021-02-22,224.5399932861328,227.81459302124637,222.51969763144905,227.32628051507058,36446900
2021-02-23,223.35272216796875,224.84639771521285,219.0057283470669,220.53771150889756,30228700
2021-02-24,224.5783233642578,225.20068336242525,219.26427363578588,220.23132914634272,26339700
2021-02-25,219.2547149658203,224.61662756906875,218.19190496714646,222.21334307210185,39542200
2021-02-26,222.50054931640625,225.36342243638325,219.78127860873562,221.68668056272455,37819200
2021-03-01,226.86669921875,227.37416554950934,223.2378196722922,225.87090575494236,25324000
2021-03-02,223.92715454101562,227.21133777476723,223.52501233873255,226.93365876671663,22812500
2021-03-03,217.8854522705078,223.64952050590935,217.59820362700248,222.28989251072855,34029500
2021-03-04,217.0907745361328,222.60590268379033,214.72578318866238,217.100358745604,44727800
2021-03-05,221.75376892089844,223.35276882718125,216.83229134375102,219.76219623850142,41872800
2021-03-08,217.7227020263672,223.44846319176875,217.473760970506,221.5334915341693,35267400
2021-03-09,223.84103393554688,225.37301709229348,221.82073826999846,222.97930254117327,33080500
2021-03-10,222.5388641357422,226.92415117322705,222.1750148299451,226.92415117322705,29746800
2021-03-11,227.04861450195312,229.001879123352,224.34849750846828,224.97087205019426,29907600
2021-03-12,225.72727966308594,225.79431068260828,223.31441133153996,224.0612490943871,22653700
2021-03-15,224.8272247314453,225.19107398861252,221.9547675055726,224.97085635878273,26034900
2021-03-16,227.6039581298828,229.854041015424,225.909204156804,226.2347458255093,28092200
2021-03-17,226.96241760253906,228.40823044727705,223.3143992028997,226.11025586249227,29562100
2021-03-18,220.91110229492188,224.23357884907625,220.53768345561124,222.6728724798709,34833000
2021-03-19,220.55686950683594,222.58673481626653,219.59938366501783,221.19838326764514,46430700
2021-03-22,225.9570770263672,226.82837799232317,220.35577930626062,220.48025713428592,30127000
2021-03-23,227.4794921875,230.80196928781112,226.991179658923,227.39332196658782,31638400
2021-03-24,225.4496307373047,227.88163843332822,225.31558329909987,227.7380213959927,25620100
2021-03-25,222.4622344970703,226.86667476830124,221.72498099263913,225.29639873083224,34061900
2021-03-26,226.42620849609375,226.64644072075401,221.70581112778194,221.70581112778194,25479900
2021-03-29,225.2389678955078,226.73264342608155,222.02181497962823,226.53156497693166,25227500
2021-03-30,221.9930877685547,223.90805936160643,221.27497342116027,223.60165689388273,24792000
2021-03-31,225.74642944335938,228.9348588863674,222.51012278869996,223.00801949174152,43623500
2021-04-01,232.04669189453125,232.51585059097783,227.92949998956965,228.33164227655556,30338000
2021-04-05,238.48098754882812,239.333149299018,232.38179326413973,232.4392400726803,36910600
2021-04-06,237.3224334716797,238.7969551907756,236.38410146861867,237.08306201915883,22931900
2021-04-07,239.2757110595703,240.2619203285823,236.6809325553028,237.27456911449357,22719800
2021-04-08,242.48329162597656,243.33545344847238,241.28643431291647,242.02370250858237,23625200
2021-04-09,244.9727325439453,245.10677996320857,241.70770266251623,242.11941451808443,24326800
2021-04-12,245.0301971435547,246.71538151960232,243.79503226701306,243.88121709356932,27148700
2021-04-13,247.50054931640625,248.1708012113107,245.9111190337605,246.3228602252811,23837500
2021-04-14,244.7238006591797,247.82604540903546,244.31208876364178,246.53346291002805,23070900
2021-04-15,248.46755981445312,248.87927168685948,246.77282050375777,246.9643001275959,25627500
2021-04-16,249.65484619140625,249.9038018578808,246.648355876942,248.4388497054509,24878600
2021-04-19,247.73989868164062,250.36342998370014,246.85902799464517,249.12826495981687,23209300
2021-04-20,247.28028869628906,249.13781346064496,245.92064602191053,246.85899261240542,19722900
2021-04-21,249.5015869140625,249.59734131890556,246.31317269579569,247.93132571117533,24030400
2021-04-22,246.2366180419922,250.65061323164073,244.7716514338191,249.1473536226995,25606200
2021-04-23,250.04742431640625,250.3921344174807,246.33237453675008,246.91645610073897,21462600
2021-04-26,250.43040466308594,251.282581069,249.10909877572388,250.53574329781782,19763300
2021-04-27,250.83258056640625,252.00071452471136,249.06122582026688,250.45914704245152,31014200
2021-04-28,243.73756408691406,245.63339634375507,242.19601148356284,245.1929318712651,46903100
2021-04-29,241.7747344970703,245.21211962839484,238.41396459315484,244.59932929978729,40589000
2021-04-30,241.45875549316406,242.32050145587482,238.9884550529176,239.12250247688505,30945100
2021-05-03,241.15235900878906,243.5365037605011,240.44381430171563,242.62688061963894,19626600
2021-05-04,237.25543212890625,240.53004686585734,235.3117368601184,240.30024498306622,32756100
2021-05-05,235.99151611328125,238.89269679330795,235.36915621416165,238.47140072187236,21901300
2021-05-06,239.1129150390625,239.23739286323433,234.28719323134123,235.972362911324,26491100
2021-05-07,241.72689819335938,243.488668753516,240.49173319330328,241.43006529011436,27032900
2021-05-10,236.6713409423828,241.02790440002454,236.61389413007436,240.2044660000965,29299900
2021-05-11,235.76168823242188,236.1159678588581,232.25730184631848,234.15311934831823,33641600
2021-05-12,228.83912658691406,233.9904053250569,227.9486717264203,231.87435509010888,36684400
2021-05-13,232.69776916503906,235.1585146453804,231.15621646675106,231.5200657402829,29624300
2021-05-14,237.60008239746094,238.58629154857746,235.05318141277328,235.13935162363052,23901100
2021-05-17,234.75637817382812,236.1064367545311,233.16696273612823,236.06814374823256,24970200
2021-05-18,232.7456512451172,235.9340807291474,232.5732962029695,235.80003330084318,20168000
2021-05-19,233.3214569091797,233.42702413188286,228.98363837074533,229.66501482689426,25739800
2021-05-20,236.54605102539062,237.95680642050272,234.03165022443645,234.12762575703587,21800700
2021-05-21,235.28884887695312,238.3214941013183,234.87618630622384,237.59212984793598,21863100
2021-05-24,240.67274475097656,241.03743419435494,237.53453234396076,237.8032462568259,21411500
2021-05-25,241.57485961914062,242.56334606960098,240.7111384283455,241.62284738392032,17704300
2021-05-26,241.3541259765625,242.74568324908876,240.64394515378893,241.29653187433004,17771600
2021-05-27,239.26199340820312,241.3445335898177,239.20441394645133,241.04702994155994,24426200
2021-05-28,239.6170654296875,241.92034629984425,239.501906511513,240.88387210484515,18270200
2021-06-01,237.428955078125,241.1621746137941,237.0067008356278,241.1045951554449,23213300
2021-06-02,237.3330078125,239.22361157042198,235.9318441224372,238.1295578675878,19406700
2021-06-03,235.8070831298828,236.41168209445024,233.20629862376543,235.33682647405521,25307700
2021-06-04,240.68234252929688,241.50768232361588,237.53453834719892,237.77446253573572,25281100
2021-06-07,243.58062744140625,243.84934135732763,239.74184047817525,239.90498716685534,23079200
2021-06-08,242.39064025878906,245.69199976341898,242.33304614702865,244.87625158398234,22455000
2021-06-09,243.36947631835938,245.23129021101894,243.00480153962016,243.5806107583811,17937600
2021-06-10,246.8723602294922,247.08349466686664,243.44625075720447,244.0412580022731,24563600
2021-06-11,247.49620056152344,248.0719951619915,246.26776064687272,247.5921468031884,18999700
2021-06-14,249.41561889648438,249.47319836227948,246.45012996992423,247.50580232220523,19150500
2021-06-15,247.94723510742188,249.51154547597605,247.29464835477967,249.30041102216592,18038900
2021-06-16,247.0067138671875,250.07772539314837,244.16600550777144,248.9452904420931,27220000
2021-06-17,250.38487243652344,251.2006205192293,245.6919706294516,245.74955009057246,27565500
2021-06-18,248.97412109375,251.72844608322075,248.3215343320705,249.1660721590066,37202200
2021-06-21,252.04515075683594,252.89926559620372,247.52498746898814,249.34840535412337,26696100
2021-06-22,254.80906677246094,255.07778066280747,251.82439496305233,252.1315049199105,24694100
2021-06-23,254.5786895751953,256.07581382842864,253.77254799942463,255.26967225265793,19518700
2021-06-24,255.94149780273438,257.0547494132898,254.77066673711718,255.43285975794427,21446900
2021-06-25,254.3388671875,256.4790018625834,254.0893659038927,255.50012154775695,25611100
2021-06-28,257.8896789550781,258.0624173190281,255.19293377437566,255.4616476586145,19590000
2021-06-29,260.4616394042969,260.70156354326315,257.179493584302,258.03360828946245,19937800
2021-06-30,259.9818115234375,260.42326377323786,258.7342176179776,259.7802834314268,21656500
2021-07-01,260.6536865234375,260.88400440971776,258.7342927041009,258.7438697576123,16725300
2021-07-02,266.4597473144531,266.7956469721209,261.51731582698903,261.82442575900615,26458000
2021-07-06,266.469482421875,268.1105561522312,263.24488515265955,266.82456563902986,31565600
2021-07-07,268.6478271484375,269.3772058412853,265.9798721201301,268.1391891883232,23260000
2021-07-08,266.2390441894531,267.4962443949508,263.7918002820035,265.7399832123837,24618600
2021-07-09,266.73809814453125,266.84365072149694,264.2236975236495,264.60757033893503,23916700
2021-07-12,266.14306640625,268.49430548835454,265.43287101130034,267.90890462422595,18931700
2021-07-13,269.6556396484375,271.4502681264369,266.210331366787,266.33506735947253,26120100
2021-07-14,271.1239318847656,272.2275772639754,269.24290521159406,270.97037689383615,23113700
2021-07-15,269.7034912109375,271.1238524954163,268.5518437599967,270.63439793562475,22604200
2021-07-16,269.4348449707031,272.6498347308158,268.19682804350134,270.7016516270204,26186800
2021-07-19,265.84564208984375,269.07020954845063,263.38882042015535,267.6882436982978,32935600
2021-07-20,268.0625305175781,269.6460244586933,265.1258605067467,266.8245133835614,26259700
2021-07-21,270.05865478515625,270.173813707087,266.11431527092736,267.6594129528652,24364300
2021-07-22,274.6075744628906,274.87628831519737,271.9971987743624,272.4002549090158,23384100
2021-07-23,277.9953918457031,278.30247257073574,274.9531400276046,275.78807157831795,22768100
2021-07-26,277.40032958984375,278.01454955841905,275.08748623115633,277.3523564681326,23176100
2021-07-27,274.99151611328125,277.9089731585834,271.54620828066527,277.76502450299625,33604100
2021-07-28,274.68438720703125,278.4559881617901,272.3906980646863,277.3427364892114,33566900
2021-07-29,274.9531555175781,276.9877082127005,274.5500699423065,274.703624957285,18168300
2021-07-30,273.42718505859375,275.1066542513288,272.46748837703086,273.676715567838,20944800
2021-08-02,273.3408203125,275.2122112993794,272.3043314785068,274.8187321390319,16267400
2021-08-03,275.5481262207031,275.6537080927837,272.5538770462147,273.91665931799884,17879000
2021-08-04,274.962646484375,275.99910579105216,273.17759581092656,274.68432630603274,16191300
2021-08-05,277.8513488769531,277.9569307324331,274.5692029085165,275.31776508444204,13900200
2021-08-06,277.7938232421875,277.83221931412936,276.0279846719422,276.8821288688246,16589300
2021-08-09,276.7093505859375,279.7995752873609,276.2103188203015,278.07213285524966,16117600
2021-08-10,274.8955383300781,277.5922838439448,273.70552373680465,277.16040859309794,18616600
2021-08-11,275.385009765625,277.0260831007816,274.3389144756151,275.6345110192113,13955900
2021-08-12,278.12969970703125,278.2832546943312,274.7995509694879,275.0778712144452,14561300
2021-08-13,281.0472106933594,281.09518381779094,277.64026951768847,277.81303719840986,18249000
2021-08-16,282.7266540527344,282.93778849851935,278.33122675983446,281.37347818942425,22507600
2021-08-17,281.2679138183594,281.60381354222284,279.3485202964206,280.60574999790174,20075300
2021-08-18,279.54681396484375,283.47948483534077,279.1044871600753,280.80642126360254,21813000
2021-08-19,285.3544616699219,286.0275472712108,277.5372141574895,277.5852791245708,29850500
2021-08-20,292.6524658203125,294.0755466635113,286.5948135303095,288.190963446094,40817600
2021-08-23,292.93133544921875,293.6524859694501,290.23905191116444,291.5851936801916,22830200
2021-08-24,290.9793701171875,293.892816520206,290.3832238228718,293.2870454973741,18175800
2021-08-25,290.39288330078125,292.8736280290071,288.86404781166596,292.5947749618287,20006100
2021-08-26,287.5852355957031,290.79675602594824,287.4506360780136,289.41214454966746,17666100
2021-08-27,288.19097900390625,289.29673726337023,285.4121315880625,287.4890486022759,22605700
2021-08-30,291.9121398925781,292.5179110830092,289.47945974336733,289.5371494430567,16348100
2021-08-31,290.2679748535156,292.78718998698344,289.9025871299688,292.71028015535666,26285300
2021-09-01,290.2197570800781,293.450526164361,289.89283908325706,291.21976052803296,18983800
2021-09-02,289.5659484863281,291.69093033858195,288.6332593639689,290.5755767585639,16285600
2021-09-03,289.55633544921875,290.96016674016533,288.7101809142856,289.4120818879158,14747900
2021-09-07,288.63336181640625,289.5083615587893,286.72954266466354,289.4314517253011,17180400
2021-09-08,288.6622009277344,289.04680877491893,286.0276063636373,288.2487482256034,15046800
2021-09-09,285.8160095214844,290.5179253274323,285.57562599791714,289.2486932805111,19927000
2021-09-10,284.3352355957031,288.38331521441347,284.01794225939454,286.9410140892641,19633400
2021-09-13,285.56597900390625,287.0563743400453,282.7679114864811,286.1044357072228,23652900
2021-09-14,288.2582702636719,289.7967304480166,286.6332755453167,288.0371068920759,21853400
2021-09-15,293.09478759765625,293.57555457579934,290.2101857287975,291.5947969733447,28356300
2021-09-16,293.4793701171875,293.565904644582,289.19093725653136,292.07553887775646,19550800
2021-09-17,288.3352355957031,292.78714332382805,288.0083175119213,292.4698499713523,41372500
2021-09-20,282.9794921875,287.2294860954919,278.383360066102,284.93140536294595,38278700
2021-09-21,283.4601745605469,286.09479733126966,282.7582736118841,284.31595379410885,22364100
2021-09-22,287.0947570800781,288.67168664091787,283.18133670640134,285.3159429755358,26626300
2021-09-23,288.0370788574219,289.32553070009544,286.0851663082223,287.35439803754895,18604600
2021-09-24,287.8351745605469,288.26784720291187,285.50824964587054,286.7582613035244,14999000
2021-09-27,282.8544616699219,285.0659780697312,281.67176431973326,284.7486847699523,23571700
2021-09-28,272.6141357421875,279.59488265396965,271.87376505360436,278.6525686782069,43186200
2021-09-29,273.07568359375,275.7391224791571,272.1237742275419,274.1333769693656,26353700
2021-09-30,271.0757141113281,276.7583549818857,270.78723626688867,274.71990732676227,32343600
2021-10-01,277.9794921875,278.8256468235506,270.4699138080857,271.26797413672585,30086300
2021-10-04,272.21990966796875,276.68144205400307,269.4699361794418,276.3448992444517,31350700
2021-10-05,277.65252685546875,279.2294271274474,273.1236812465694,273.1236812465694,24993000
2021-10-06,281.8352355957031,282.33525208926756,274.5276001795463,274.78720381326485,28002600
2021-10-07,283.50823974609375,285.229393421509,282.6140203768225,283.8255329809802,20430500
2021-10-08,283.50823974609375,285.229393421509,282.46017145140775,284.82553632433496,17685700
2021-10-11,282.9122009277344,286.50832922582435,281.4891198350352,281.65259355026353,19298600
2021-10-12,281.6141357421875,284.07566089906516,281.1045237997955,283.97950161218665,17974100
2021-10-13,284.9121398925781,285.84482905516467,282.20060694439593,283.5659981485587,23416300
2021-10-14,291.1044006347656,291.60438772035315,286.37364073387175,287.7005622674281,27262900
2021-10-15,292.5081787109375,292.7389667684593,288.96011676723884,290.7101152636768,25384800
2021-10-18,295.4697570800781,296.3543518258326,291.0466953202489,291.8928498378823,22729300
2021-10-19,296.3736572265625,297.4024763811832,295.4024984250073,296.48903662007575,17682100
2021-10-20,295.58514404296875,297.78706492240235,294.3351323484767,297.3158933508054,16537100
2021-10-21,298.80633544921875,299.0563143524255,294.5755620879851,295.3544316768825,16918100
2021-10-22,297.2678527832031,299.1236063471209,295.96015129406624,298.4601455444869,17449300
2021-10-25,296.2774658203125,297.4986033941539,294.67169118488476,297.4601338192577,17554500
2021-10-26,298.1812744140625,300.3831953408259,296.7293781263278,299.03705370094167,28107300
2021-10-27,310.7389221191406,313.5562093922769,303.8447111727647,303.8447111727647,52588700
2021-10-28,311.8735656738281,312.37355280117015,308.9985589964651,311.854316213441,26297900
2021-10-29,318.8638000488281,319.2291875488427,311.4407587308729,311.66192204500794,34766000
2021-11-01,316.7004089355469,318.7388560634213,313.81580729941845,318.6138519641994,27073200
2021-11-02,320.31585693359375,320.6235548856837,317.30625052903974,317.6043237502232,26487100
2021-11-03,321.1523742675781,322.017749048064,317.93122931561726,321.05621499337065,21500100
2021-11-04,323.49853515625,323.59469443504923,316.8351108815185,320.0851008365663,23992200
2021-11-05,323.1330261230469,325.7580237953972,321.55612604910704,325.488795522106,22570100
2021-11-08,324.02728271484375,324.6618985770728,321.57538313486805,324.3253558608429,20897000
2021-11-09,323.02734375,325.69078224022303,321.6619526233949,324.1426973147689,21307400
2021-11-10,318.07550048828125,321.7581928936182,317.2293750440023,321.70050318931953,25500900
2021-11-11,319.6427307128906,320.9311827118845,317.7966019223306,318.50812767039145,16849800
2021-11-12,323.7676696777344,324.2580613168727,320.9503826221052,321.07538671393917,23831000
2021-11-15,323.1427307128906,324.88310486387337,321.1811931834564,324.5561868329157,16723000
2021-11-16,326.45037841796875,327.5657612448941,322.60424288113046,322.7676872089823,20886800
2021-11-17,326.6719970703125,329.6293143564149,325.59311335095464,326.49861134342495,19053400
2021-11-18,328.7430419921875,329.87975024868393,324.74538130798175,325.76646969293915,22463500
2021-11-19,330.5154724121094,332.4324456190178,329.63890158471446,330.06275288893943,21963400
2021-11-22,327.3559875488281,336.83482060081946,327.08626656912963,331.9701712275741,31031100
2021-11-23,325.2847900390625,326.98983755172486,321.3160273770026,324.6779107140383,30427600
2021-11-24,325.5063781738281,325.7472014512142,321.65320573565054,323.9362057016911,21661300
2021-11-26,317.5784912109375,325.5256600131003,316.0757561892276,322.07708333440075,24217200
2021-11-29,324.2733154296875,326.58521266563037,322.4526776155602,322.6453479674589,28563500
2021-11-30,318.4550476074219,325.38112702645924,316.9137728395476,323.01143434180807,42885600
2021-12-01,317.9637451171875,326.8260526046821,317.2990999831267,322.82839247617034,33337600
2021-12-02,317.3954162597656,321.2485884430419,315.76744866054173,318.1756812750894,30766000
2021-12-03,311.1533508300781,320.48766443659116,306.35614003561716,319.8037050877299,41779300
2021-12-06,314.2165832519531,315.43034198292435,307.512071408828,312.05881608344686,30032600
2021-12-07,322.6260986328125,323.4737717636202,317.9830194018074,319.4664988261164,31021900
2021-12-08,322.6743469238281,323.18489117960274,318.6574010643354,323.00186310702526,24761000
2021-12-09,320.87298583984375,324.1385346542755,319.9289478765384,322.13489763920364,22214200
2021-12-10,329.9664306640625,330.4095372641144,322.5009090494943,322.68393709248,38095700
2021-12-13,326.9417419433594,331.17061366442005,326.6334810302887,328.17475619826337,28899400
2021-12-14,316.28765869140625,322.3564229704473,312.2129182210804,320.9885338086704,44438700
2021-12-15,322.3659973144531,322.886183766917,312.58857922136355,316.54769934976275,35381100
2021-12-16,312.9739685058594,324.39864164478854,311.1629725069746,323.38716610207007,35034800
2021-12-17,311.914306640625,312.993219650069,305.6047483392989,309.101507137352,47750300
2021-12-20,308.1670837402344,310.95098537340476,305.9129815266249,308.30192948085835,28326500
2021-12-21,315.27618408203125,315.7000353671043,308.061099295699,311.42301196127266,24740600
2021-12-22,320.9693298339844,321.36425420562085,313.7927832021071,316.249169285567,24831500
2021-12-23,322.4045104980469,324.04212022481056,320.516464601709,320.53571987710177,19617800
2021-12-27,329.8797302246094,329.90862784139654,323.11739392269027,323.1462915394775,19947000
2021-12-28,328.7237854003906,331.18981349731865,327.827929831812,330.5540364945737,15661500
2021-12-29,329.3981018066406,331.6618171734092,327.2114075590468,328.771937746174,15042000
2021-12-30,326.8646240234375,330.5347684082041,326.38297747008363,329.3595496421258,15994500
2021-12-31,323.9747314453125,326.90312120375734,323.5219825277928,326.08434561446063,18000800
2022-01-03,322.46240234375,325.5931052791262,317.67483390975656,323.04038414975616,28865100
2022-01-04,316.9330749511719,322.89586164300437,314.1491437576021,322.5394184991603,32674300
2022-01-05,304.7666931152344,314.1010061399775,304.3813817326678,313.8986934112964,40054300
2022-01-06,302.3584289550781,307.0015085378214,300.05614444176234,301.6552144415301,39646100
2022-01-07,302.5126037597656,304.88229679267107,298.7075838733872,302.61855190067536,32720000
2022-01-10,302.7341003417969,303.16759397911807,293.50576573261736,298.1295606763108,44289500
2022-01-11,303.4181213378906,304.98826465644487,298.51496217670007,301.8768462438373,29386800
2022-01-12,306.5872802734375,311.53862085227667,305.4409591479046,307.9359141133859,34372200
2022-01-13,293.6116638183594,309.1014300948054,292.84104125820534,308.7064764785824,45366000
2022-01-14,298.8135070800781,299.41074404993253,292.6002553313774,293.0819018422109,39846400
2022-01-18,291.5406188964844,298.4281579274619,290.66401874383354,292.90850788347245,42333200
2022-01-19,292.1956787109375,302.3873360187906,291.58882876082123,295.0470474103309,45933900
2022-01-20,290.5292053222656,300.21028923440434,290.0860987267936,297.72500596711825,35380700
2022-01-21,285.16363525390625,292.9470300221771,284.7590392453866,291.57917037846426,57984400
2022-01-24,285.4911804199219,286.20400792942536,265.9170569502406,281.4742645277423,85731500
2022-01-25,277.900390625,284.16179518047517,274.70228017866594,280.8191672649652,72848600
2022-01-26,285.8187255859375,297.1759609807795,282.27381356056463,296.68467202710303,90428900
2022-01-27,288.83380126953125,296.019959606394,286.9939079100606,291.55029488282537,53481300
2022-01-28,296.9447021484375,297.1566277790234,283.6416285034805,289.20946072810676,49743700
2022-01-31,299.56494140625,300.91354605848886,295.1241442973268,297.60945731115953,46444500
2022-02-01,297.4263916015625,299.2277450230752,293.9296328904505,299.01581936187534,40950400
2022-02-02,301.9538269042969,303.55289687211734,297.5419577332225,298.26442751039235,36636000
2022-02-03,290.1920471191406,299.8057228648471,288.9493907856898,298.12957287633566,43730000
2022-02-04,294.7099609375,297.4649657244344,288.9590986360355,289.19027962588194,35096500
2022-02-07,289.9031066894531,296.54018169712276,288.8916311687313,294.9314984801919,28533300
2022-02-08,293.380615234375,294.3439085676629,288.9398470786599,290.1921166529824,32421200
2022-02-09,299.78643798828125,300.4800101974915,296.10668068130565,298.4956287595179,31284700
2022-02-10,291.28057861328125,297.77316484125447,289.66225322547234,292.8796487217257,45386200
2022-02-11,284.2100524902344,293.1205151712114,283.420144959361,292.06088670264677,39175600
2022-02-14,284.1714172363281,285.86682221750584,280.6554038855894,282.98655633734126,36359500
2022-02-15,289.4407043457031,289.75857816176847,286.11733109996294,288.99759771206277,27058300
2022-02-16,289.1028137207031,290.42524925713894,283.484848801482,288.0120371225755,29982100
2022-02-17,280.6372985839844,286.49655572673316,279.93262997944396,286.0718280004565,32461600
2022-02-18,277.9344787597656,283.65861124098427,276.37072190934305,282.876732815773,34264000
2022-02-22,277.7317810058594,281.4191765053362,274.6235623555302,275.10620482012695,41736100
2022-02-23,270.5404357910156,281.573666522266,270.37635382579157,280.10641436358,37811200
2022-02-24,284.3633117675781,284.9135313013762,262.0941791874867,263.0498313930732,56989700
2022-02-25,286.9888610839844,287.2977593325136,281.52534482802724,284.8942092758671,32546700
2022-02-28,288.41748046875,288.7553360718081,282.8284727085798,284.0929935575526,34627500
2022-03-01,284.7108459472656,289.5565664408294,282.00803005009567,286.1104916374732,31217800
2022-03-02,289.76885986328125,291.00442328606925,283.504170648304,285.10651756719705,31873000
2022-03-03,285.6470642089844,292.6067587164932,283.84195705729525,292.37509981281175,27314500
2022-03-04,279.7975158691406,285.3961869424116,277.20092613588724,284.07375111161906,32356500
2022-03-07,269.2276306152344,279.6334012626767,268.8608176186458,278.5136671787281,43157200
2022-03-08,266.2738342285156,274.1022802945537,260.6269119121218,268.1561220285429,48159500
2022-03-09,278.4847106933594,279.5465300399745,271.03270963096804,273.6003711570887,35204500
2022-03-10,275.67572021484375,276.65066742284495,270.83963327856327,273.1949308694663,30628000
2022-03-11,270.3473205566406,279.4596114101484,269.7295241457534,277.9634022977425,27209300
2022-03-14,266.84332275390625,275.49226599874805,266.244850912999,270.6079274452205,30660700
2022-03-15,277.1815490722656,277.82830290735563,269.053866830209,270.61762363193617,34245100
2022-03-16,284.1701965332031,284.34394072120614,273.3686576400486,279.07346468655453,37826300
2022-03-17,284.9714050292969,285.3478508163391,279.32448255840876,283.1084122705425,30816600
2022-03-18,290.00054931640625,290.55076880569743,282.56787290557435,285.11620984529543,43390600
2022-03-21,288.7746887207031,289.72067870618065,284.66256484399344,288.5140723534525,28351200
2022-03-22,293.50457763671875,294.4119479641465,288.39821134013704,289.3924537893616,27599700
2022-03-23,289.09326171875,292.7034484806909,287.38471748069946,290.07787149844626,25715400
2022-03-24,293.54315185546875,293.6396862396896,287.96380616213776,288.7553468713274,24484500
2022-03-25,293.1376953125,294.89452080427003,288.90011015175327,294.63390450047564,22566500
2022-03-28,299.91400146484375,300.01050637906735,293.7651124963967,293.7651124963967,29578200
2022-03-29,304.46051025390625,304.8562805932184,298.3212830440557,303.01258292097964,30393400
2022-03-30,302.9643249511719,304.9817964510435,300.76347640947125,302.86782002120697,28163600
2022-03-31,297.6070251464844,304.1999383958244,297.2016219305857,303.00296492746145,33422100
2022-04-01,298.6784973144531,299.36384141537167,294.93318680550044,298.630215389613,27110500
2022-04-04,304.0357666015625,304.17089116064096,298.9583589270999,299.3251718788428,24289600
2022-04-05,300.0877990722656,303.9392767129868,299.1128518165804,302.3948148545048,23156700
2022-04-06,289.1028137207031,296.3424501243935,286.4096607302466,294.59528689562205,40110400
2022-04-07,290.90789794921875,293.1087462850132,286.06217848359114,286.36141443806906,31411200
2022-04-08,286.6606750488281,290.6666017314044,285.99462607140345,290.01021503016705,24361900
2022-04-11,275.35723876953125,282.4520607322384,275.106255215354,281.6605493335074,34569300
2022-04-12,272.2682800292969,280.64694661427023,270.7527755355778,279.1990191393396,30966700
2022-04-13,277.63525390625,278.5619192143064,271.53464592371415,272.91502579688114,21907200
2022-04-14,270.11566162109375,278.3012882088098,269.6233863517897,278.088924351685,28221600
2022-04-18,270.7817687988281,272.654424271278,268.6774543262942,269.2276739096577,20778000
2022-04-19,275.39581298828125,276.2356357266572,268.74501431186735,269.6813419887161,22297700
2022-04-20,276.41900634765625,279.64308426283594,275.46338359699905,279.35348107967593,22906700
2022-04-21,271.06170654296875,283.1181080139608,270.3377427180526,278.5619611641617,29454600
2022-04-22,264.5169982910156,273.3686730601937,263.8895690490661,271.901421279217,29405800
2022-04-25,270.97479248046875,271.351238292918,261.3701954398088,263.8027323682706,35678900
2022-04-26,260.8392639160156,268.69666699273034,260.6269000783663,267.8665361916543,46518400
2022-04-27,273.3880310058594,280.8689900877158,269.4689760886624,272.30691647120665,63477700
2022-04-28,279.57550048828125,280.8786411356231,271.689109042136,275.28963271284965,33646600
2022-04-29,267.88580322265625,279.8167376058599,266.9012234193171,278.59080716587056,37073900
2022-05-02,274.5945739746094,275.0482590184196,266.6309742081337,268.0692391635906,35151100
2022-05-03,271.99798583984375,274.26641131232816,270.42456669386183,274.10229991297473,25978600
2022-05-04,279.91339111328125,280.78214183402685,267.1233632088205,272.77991990061037,33599300
2022-05-05,267.7217712402344,276.40933528615983,264.816254282709,275.6274568786791,43260400
2022-05-06,265.1927185058594,269.5557954403699,261.85281170163194,265.2699283325795,37780300
2022-05-09,255.39500427246094,262.9049178045472,254.1787656233965,260.68477485336666,47726000
2022-05-10,260.1442565917969,264.24671703897735,255.86805194857527,262.258232684761,39336400
2022-05-11,251.50497436523438,261.93970200384274,250.298368214071,256.45689072291424,48975900
2022-05-12,246.4855499267578,250.8582901405563,241.34057870672362,248.7443134685051,51033800
2022-05-13,252.05519104003906,253.90855102922657,246.4855077130794,248.4160775334941,34925100
2022-05-16,252.4219970703125,256.5920348375694,246.9005663575993,250.9354501012321,32550900
2022-05-17,257.5573425292969,259.0149028011125,253.34868474571135,256.87196899135023,28828800
2022-05-18,245.830810546875,255.04172974493503,244.56334455457838,254.46120398258716,31356000
2022-05-19,244.92135620117188,249.30429522500646,243.70226967132928,245.65667612599017,32692300
2022-05-20,244.3601837158203,250.14604290717048,238.43888522978867,248.88823202551862,39199300
2022-05-23,252.18746948242188,253.00987843431065,245.20188007077496,247.19501044362065,33175400
2022-05-24,251.19094848632812,252.8454218843062,245.26965040786493,249.51713505523247,29043900
2022-05-25,253.99684143066406,255.98995774612467,248.7818520893062,249.75907020990238,28547900
2022-05-26,257.2669982910156,258.4377048602189,252.94212494462826,253.75484905664422,25002100
2022-05-27,264.3687744140625,264.4655336439164,258.873192668912,259.7633362460875,26910800
2022-05-31,263.043212890625,265.8490529082615,260.1986632824182,263.6817882645863,37827700
2022-06-01,263.5754089355469,268.6742983008573,261.27267518128724,266.2651500668014,25292200
2022-06-02,265.66522216796875,265.7329565705162,253.10666158963318,255.86413679429918,44008200
2022-06-03,261.2533264160156,264.5719880166716,259.69561200341536,261.53391933554974,28059000
2022-06-06,260.0245056152344,265.27820295854366,258.5441812387559,263.2270376292287,22400300
2022-06-07,263.65277099609375,264.26232157625736,257.3057561922374,257.9830411761452,22860700
2022-06-08,261.6307067871094,264.136614716851,260.8566623612509,262.88848837981266,17372300
2022-06-09,256.193115234375,263.8559613723618,256.0383063846379,259.08602995149107,26439700
2022-06-10,244.77621459960938,252.11977283149906,244.33114285896366,252.11977283149906,31422800
2022-06-13,234.39459228515625,240.93512629318718,233.6882971691395,237.15206786424903,46135800
2022-06-14,236.5522003173828,237.76161683238632,233.66894071597716,235.9426496695378,28651500
2022-06-15,243.5861358642578,247.01121141715927,238.41951248541616,240.24814951336052,33111700
2022-06-16,237.01661682128906,239.38707028498348,235.12992997318065,237.99382006995404,33169200
2022-06-17,239.6095733642578,242.3670486857971,236.10710816342058,236.75535358790026,43084800
2022-06-21,245.5018768310547,246.47908003768092,241.4092008096241,242.1348507017861,29928300
2022-06-22,244.91165161132812,248.8204934956348,242.24125087999028,243.71190528540944,25939900
2022-06-23,250.45558166503906,250.9490329504163,245.3954029023052,247.27241931036113,25861400
2022-06-24,259.0086364746094,259.2795445759663,253.22277759883846,253.30985203926372,33923200
2022-06-27,256.2899169921875,259.589179651512,254.73217298282648,259.5021051953525,24615100
2022-06-28,248.1529083251953,258.2442718055391,247.99809948086303,255.40940681520112,27295500
2022-06-29,251.8101806640625,253.46465404099425,247.45626683639776,249.22685422747804,20069800
2022-06-30,248.49154663085938,251.1038981642681,244.6891481209095,248.70440512266876,31730900
2022-07-01,251.15223693847656,251.33607059535083,246.343610863831,248.0658334178518,22837700
2022-07-05,254.3159942626953,254.4417782469591,246.46930291477742,247.8431976752908,22941000
2022-07-06,257.5669860839844,259.2891938730712,253.88068722348527,255.18686285339652,23824400
2022-07-07,259.6859130859375,260.32448856109585,256.4156460435075,256.5124052718838,20859900
2022-07-08,258.9699401855469,259.3956571562315,254.74182482043682,256.19312462228805,19658800
2022-07-11,255.92218017578125,257.87658633518555,253.66781160194918,257.0251525146876,19455200
2022-07-12,245.4341278076172,257.3057634702687,243.8570440782721,257.2477138444937,35868500
2022-07-13,244.51499938964844,245.31805374321544,240.05467060292142,242.06714149558593,29497400
2022-07-14,245.830810546875,246.85639326542395,237.95509174418504,242.43477469827525,25102800
2022-07-15,248.3851318359375,251.91662221794022,246.49844499125953,247.41759860652465,29774100
2022-07-18,245.99530029296875,252.37134012804827,245.07614676470823,251.3167325510271,20975000
2022-07-19,251.10389709472656,251.2877307699049,245.44382181429663,249.2171954923263,25012600
2022-07-20,253.75494384765625,256.27053629222974,250.5040461852087,251.46189468811332,22788300
2022-07-21,256.2414855957031,256.2898799710948,248.68505377050542,251.35545481408533,22404700
2022-07-22,251.90692138671875,256.71556241158675,250.65882485957425,256.62848796970013,21881300
2022-07-25,250.42662048339844,253.00994727720533,248.47221392948006,252.5261806476122,21056000
2022-07-26,243.7216033935547,251.44252883940965,241.46726406430727,251.42315927857734,39348000
2022-07-27,260.01483154296875,261.2822975208546,250.44594469622396,252.68094375810006,45994000
2022-07-28,267.4358825683594,268.8194480987204,259.17313993208194,260.9921072574556,33459300
2022-07-29,271.625244140625,272.8443453449876,267.64869711004144,268.6839646557535,32152800
2022-08-01,268.9838562011719,272.1476784512212,266.88429661951363,268.80002257079224,21539600
2022-08-02,265.8974304199219,268.86776386408434,263.5366474998383,267.03911229184763,22754200
2022-08-03,273.2991027832031,274.29566079302055,267.6293429063653,267.7744965070368,23518900
2022-08-04,274.4407653808594,274.58588944445677,271.0737689983291,272.65082319177765,18098700
2022-08-05,273.7248229980469,274.44078812230066,269.632146904856,270.0868886929883,16774600
2022-08-08,271.21893310546875,276.6371253182812,270.2513998362798,274.8278133024093,18739200
2022-08-09,273.13458251953125,273.88925715701384,268.5968499150632,270.5609704551994,23405200
2022-08-10,279.7718811035156,280.40077172746834,277.62395639158353,278.81403276129174,24687800
2022-08-11,277.701416015625,281.7553831803719,277.2079940772859,281.4070853415443,20065900
2022-08-12,282.43267822265625,282.43267822265625,277.6240360455356,279.11404574842857,22619700
2022-08-15,283.94195556640625,284.62889583747915,280.6910288186994,281.55214749764076,18085700
2022-08-16,283.2066650390625,284.49350086788803,280.9910350330185,282.5100398793754,18102900
2022-08-17,282.4600830078125,284.4283433719824,280.6663411966556,280.9281190261752,18253400
2022-08-18,281.34503173828125,283.0321034033775,280.2881560238518,281.36441282325103,17186200
2022-08-19,277.44732666015625,280.45305241376826,276.87527385505905,280.1136910305551,20570000
2022-08-22,269.3027038574219,273.86944889431794,268.7888240939447,273.50100121683664,25061100
2022-08-23,268.0326232910156,270.37900717902073,267.02424456116967,268.0326232910156,17527400
2022-08-24,267.4023742675781,268.79858174374715,266.74303270034477,267.0339265183886,18137000
2022-08-25,270.3692932128906,270.5341064037505,266.170965672793,268.89550229541334,16583400
2022-08-26,259.9365539550781,271.813993730699,259.82991359676106,270.59230474229855,27549300
2022-08-29,257.16357421875,259.2675614677576,255.82553940593357,257.76471343275216,20338500
2022-08-30,254.97225952148438,258.92816091829354,252.73251622654692,258.559742764077,22767100
2022-08-31,253.51788330078125,258.9863379304906,253.3821269343252,257.31867689878567,24791800
2022-09-01,252.4804229736328,252.95554067570222,247.64219380873456,250.99695619943782,23263400
2022-09-02,248.27239990234375,256.68840643713196,246.7307604021961,253.7408837951921,22855400
2022-09-06,245.54788208007812,249.98857705648493,244.27772561001785,248.40817526683784,21328200
2022-09-07,250.24069213867188,250.95817701237237,245.5188084309381,246.95379297306187,24126700
2022-09-08,250.65762329101562,252.50953803172123,247.04106788453547,249.67836053127874,20319900
2022-09-09,256.4169006347656,257.16350136081496,252.37374050442193,252.57734543450854,22084700
2022-09-12,258.5403137207031,259.31600091262334,257.09563886057305,257.69677794091064,18747700
2022-09-13,244.32620239257812,252.48041678186516,243.9383587650543,250.96786362132625,33353300
2022-09-14,244.5491943359375,246.49805856116708,242.26096879830945,245.8193507310912,23913000
2022-09-15,237.91720581054688,243.75410750034436,236.59856721458627,242.1736911292833,31530900
2022-09-16,237.2967071533203,237.83967345913706,234.69820652512584,236.83129478142976,39791800
2022-09-19,237.08335876464844,237.68449782170777,233.5249771298103,235.09570294714337,26826900
2022-09-20,235.07632446289062,236.10408413767027,232.35178783208616,234.70789152713547,26660300
2022-09-21,231.6827850341797,240.12789337863492,231.634302730604,236.84099440441966,28625600
2022-09-22,233.6510467529297,236.44346175605514,230.3447666716902,230.6356309055808,31061200
2022-09-23,230.68406677246094,233.79644660106183,228.04678975477913,232.25479249816885,34176000
2022-09-26,230.2283935546875,234.106740937524,229.69511783060327,229.84056473429231,27694200
2022-09-27,229.22006225585938,234.44613550367382,227.36814756715876,232.6814800927302,27018700
2022-09-28,233.7383270263672,234.96000122532365,227.5911346801097,229.60787725874428,29029700
2022-09-29,230.27687072753906,232.652355487679,227.28085099175377,231.6245958212714,27484200
2022-09-30,225.81680297851562,233.22444695507593,225.6519749663668,231.0428762379574,35694800
2022-10-03,233.41835021972656,234.26188606885609,227.52326022905194,228.25045038719026,28880400
2022-10-04,241.31077575683594,242.74576012730563,237.529378230904,237.63603337433412,34888400
2022-10-05,241.6210174560547,242.95905191818485,236.676133860509,238.5086522437778,20347100
2022-10-06,239.28433227539062,242.72636855289312,238.59593389672287,240.38966069294162,20239900
2022-10-07,227.1160430908203,233.98072018796898,226.07857799580754,233.5734806664739,37769600
2022-10-10,222.2777862548828,227.4262900818972,219.83442324055144,225.962219258619,29743600
2022-10-11,218.55459594726562,222.09358236444308,217.29412996487275,220.69737480208315,30474000
2022-10-12,218.8842315673828,220.93006041435294,217.14867761413385,218.54487025171542,21903900
2022-10-13,227.1160430908203,228.91947533494175,212.465584291104,213.16368804977824,42551800
2022-10-14,221.60877990722656,230.02480190806705,221.3954696052538,228.37649233923707,30198600
2022-10-17,230.3059539794922,231.69247081215326,227.98864209353195,228.64796881811276,28142300
2022-10-18,231.24647521972656,236.51132497546385,228.2116634940623,235.84232244327512,26329600
2022-10-19,229.2878875732422,232.3226990610641,227.1644900654512,229.83085382652337,19985700
2022-10-20,228.96795654296875,233.9710288478756,227.72688640768192,228.59952355559247,21811000
2022-10-21,234.75637817382812,235.60961938988035,227.3681306457899,227.60083683054654,26299700
2022-10-24,239.73036193847656,240.30241466092306,233.96132282043843,236.34649831848267,24911200
2022-10-25,243.03663635253906,243.40506928448784,238.35353022692632,239.74003228091627,34775500
2022-10-26,224.28482055664062,231.0525321235999,223.06313174791288,224.13937366312916,82543200
2022-10-27,219.85382080078125,226.58275598538947,218.91332036173824,224.01334192609988,40424600
2022-10-28,228.69644165039062,229.40425069094275,219.17510664004706,219.3593305055409,40647700
2022-10-31,225.0701904296875,227.77533111378162,224.11998470584146,226.65060686599685,28357300
2022-11-01,221.23065185546875,228.57043214353084,220.41620237096575,227.46510361607025,30592300
2022-11-02,213.40609741210938,224.26546848649176,213.34790976650638,222.4814320174644,38407000
2022-11-03,207.73399353027344,213.70665239090863,207.4722009244926,213.3963774811355,36633900
2022-11-04,214.65682983398438,214.85074424296624,206.93891208084915,210.9336199205367,36789100
2022-11-07,220.93975830078125,221.46334350265937,214.55018429237435,215.23859748900023,33498000
2022-11-08,221.9093475341797,224.6047979139628,218.97150043107274,221.7445195376861,28192500
2022-11-09,217.6819305419922,221.6766382807976,217.5074120167321,220.45494942509427,27852900
2022-11-10,235.59022521972656,235.92958655895382,227.8529257557349,228.2698410290553,46268000
2022-11-11,239.59458923339844,240.4478303320997,234.57212203157073,235.5998964435155,34620200
2022-11-14,234.20370483398438,236.491930374749,231.9348751725974,234.63032541196574,31123300
2022-11-15,234.61090087890625,239.48792091889985,232.72990026647722,238.18867825897934,31390100
2022-11-16,235.03872680664062,237.05143476413045,233.76499097023776,236.06938283193108,24093300
2022-11-17,234.99012756347656,236.51667602662837,231.05224616268976,231.19808812700944,23123500
2022-11-18,234.54287719726562,236.99312613856966,232.41349542511938,236.76948200355858,27613500
2022-11-21,235.34986877441406,237.8973403680741,234.5136736567099,234.74702077282302,26394700
2022-11-22,238.24737548828125,238.51962368090963,234.04696420457608,236.8472334482416,19665700
2022-11-23,240.726806640625,241.40742716232413,237.50843223083618,238.32517685687512,19508500
2022-11-25,240.63929748535156,241.81579547416155,239.900325357093,240.46427230471662,9200800
2022-11-28,235.0679168701172,239.8225578203936,234.13449861777707,239.26834351489458,24778200
2022-11-29,233.67747497558594,236.06937189775329,231.61616302048014,234.71784880402407,17956300
2022-11-30,248.07754516601562,248.2622882065125,233.22050747543122,233.9108607052224,47594200
2022-12-01,247.63999938964844,249.03040883628205,243.97435155588244,246.84269045988094,26041500
2022-12-02,247.9608917236328,248.97209734788092,242.77842766287273,242.90483392955983,21528500
2022-12-05,243.27426147460938,246.79406707607905,241.19349897491784,245.03415685713742,23435300
2022-12-06,238.3349151611328,244.88835294425144,237.03201078829815,243.8771473447241,22463700
2022-12-07,237.60565185546875,239.34611163220632,235.50545353805643,238.05292524127822,20481500
2022-12-08,240.55178833007812,241.85470746474556,236.33192613856002,238.06265330165112,22611800
2022-12-09,238.62660217285156,241.43660437225947,237.40148518904434,237.92653108598594,20609700
2022-12-12,245.52032470703125,245.5494930971703,240.32814355248385,240.600391751391,30665100
2022-12-13,249.8083038330078,256.61453937496145,246.06486835036688,254.44625651294808,42196900
2022-12-14,250.0999755859375,255.32132556389985,247.27052281634482,250.01247040825905,35410900
2022-12-15,242.1172637939453,247.16360417351862,240.49349207342974,246.6968949861436,35560400
2022-12-16,237.9167938232422,242.92423190340745,236.76944942143655,241.66994662968148,86102000
2022-12-19,233.79417419433594,238.42242358687312,232.1023480969562,238.08210589515767,29696400
2022-12-20,235.10682678222656,236.18610187706696,231.8203825618914,232.7732513908985,25150800
2022-12-21,237.6639862060547,238.82104848275608,233.4635747777796,234.9998409670087,23690600
2022-12-22,231.5967559814453,235.2915726004728,227.39632912956154,234.5817687693653,28651700
2022-12-23,232.1217803955078,232.25790450291396,227.46437751544144,229.57430859844388,21207000
2022-12-27,230.40078735351562,232.3162427208361,229.30206179925912,232.09261343652005,16688600
2022-12-28,228.0380096435547,233.0843484187372,227.6879741552064,230.3326834368573,17457100
2022-12-29,234.33868408203125,235.223498262144,229.12705170853215,229.12705170853215,19770700
2022-12-30,233.1815948486328,233.3177189415319,230.10906265300991,231.61616036208682,21938500
2023-01-03,232.94825744628906,238.9474656895386,230.82859367762717,236.35137496373926,25740000
2023-01-04,222.7583770751953,226.42401047503648,219.7052947992431,225.8503455985308,50623400
2023-01-05,216.15631103515625,221.2512697398711,215.62153242856337,220.910952034835,39585600
2023-01-06,218.70376586914062,219.51079264209568,213.27823740876858,216.82719680304174,43613600
2023-01-09,220.8331756591797,224.8391416447206,220.14283719895346,220.18172344662707,27369800
2023-01-10,222.5152587890625,224.90715575496424,221.03732942473408,221.4554195666482,27033900
2023-01-11,229.24374389648438,229.41875426303784,224.71273203443783,224.88774240099133,28669300
2023-01-12,231.90789794921875,233.2594213403898,227.094919820166,228.74785985566473,27269500
2023-01-13,232.60794067382812,232.74406478160432,228.41724688827324,230.43967280124468,21333300
2023-01-17,233.69696044921875,234.24145690846152,230.52718988997353,231.3828356610212,29831300
2023-01-18,229.28260803222656,235.67075285086767,229.0006419678325,234.883176604496,30028700
2023-01-19,225.510009765625,229.00064735365646,224.29461063179636,227.3088064182575,28623000
2023-01-20,233.57052612304688,234.07613627577243,228.0185768034781,228.3588944678233,35389800
2023-01-23,235.86521911621094,238.38352255893335,233.0163158336519,234.4261906970003,31934000
2023-01-24,235.3401641845703,237.19729766623655,233.7844621578948,235.78743760454404,40234400
2023-01-25,233.9497528076172,236.5652941592754,224.50852565701223,227.98943061234027,66526600
2023-01-26,241.1351776123047,241.43659421049372,235.30126202491022,236.90558287687787,33454500
2023-01-27,241.290771484375,242.91454300523202,239.9975849790759,242.0977983186481,26498900
2023-01-30,235.99163818359375,238.80164053803622,235.49574581512883,237.74180116090332,25867400
2023-01-31,240.950439453125,241.08656355946167,236.22496713827303,236.7111267803919,26541100
2023-02-01,245.7537078857422,248.11643670951443,238.67522443009082,241.1351911203326,31259900
2023-02-02,257.2756652832031,257.36317045013345,250.12911325561998,251.6556615153349,39940400
2023-02-03,251.19874572753906,256.8868206684499,249.9833463672092,252.35580829239993,29077300
2023-02-06,249.66241455078125,251.1500618843591,247.72750865015405,250.31388153410032,22518000
2023-02-07,260.1537780761719,261.3302762498554,252.88081823202182,253.31837383415902,50841400
2023-02-08,259.3467102050781,269.09907056810056,258.8410852318201,265.63761659917793,54686000
2023-02-09,256.32281494140625,266.3960585481187,255.525505975814,266.2210185187912,42375100
2023-02-10,255.81719970703125,256.77978626583,253.44473837157508,254.2906513684381,25818500
2023-02-13,263.80975341796875,266.99896042747446,259.7551677463502,260.2316245141991,44630900
2023-02-14,264.6361999511719,267.35868256455376,261.82618247447147,265.1223596801926,37047900
2023-02-15,262.5209045410156,263.89531203662176,259.46016095211655,261.54614998360546,28922400
2023-02-16,255.53195190429688,260.00607263961115,255.28826321666222,257.35473852825965,29603600
2023-02-17,251.5452117919922,253.52396277124762,249.53721935972925,252.84165228535363,30000100
2023-02-21,246.29127502441406,249.04009049318063,245.2385381346892,248.05557870006874,28397400
2023-02-22,245.1605682373047,247.9191260368641,244.02010693477206,247.67543734298337,22491100
2023-02-23,248.3382568359375,250.35599131241563,244.15655088158258,249.1083064975943,29219100
2023-02-24,242.92840576171875,244.6634682109379,241.83668508542232,243.6497297077453,24990900
2023-02-27,243.84466552734375,246.43751687765263,243.09410016308004,246.08660455299744,21190000
2023-02-28,243.12332153320312,245.1410709516809,242.4507383937105,242.78216630386783,22491000
2023-03-01,240.05282592773438,244.59517118131993,239.58493299824488,244.42946467971646,27565300
2023-03-02,244.77066040039062,245.0533327272031,239.4095093951341,240.32578121944115,24808200
2023-03-03,248.84510803222656,249.16677885152734,245.04357084699137,245.82337754163785,30760100
2023-03-06,250.38522338867188,253.55317601638902,249.51769234094775,249.9563289608396,24109800
2023-03-07,247.73391723632812,251.1845574289097,246.99310897042966,249.82963402877948,21473200
2023-03-08,247.29527282714844,248.11406323334165,244.47823224326854,247.62668586676327,17340200
2023-03-09,245.9501190185547,253.0073336989174,245.22879516854297,249.36176055143883,26653400
2023-03-10,242.314208984375,246.4081747643446,241.3492115827146,244.74135295770967,28333900
2023-03-13,247.5096893310547,251.39896558800064,239.52644667781433,241.15428509526765,33339700
2023-03-14,254.206298828125,254.47922896742975,249.40075019061067,250.26828132059583,33620300
2023-03-15,258.7388916015625,259.7526448252449,252.66615907277222,253.41673923474747,46028000
2023-03-16,269.22723388671875,269.57813126600007,256.6333912973098,258.51466054625075,54768800
2023-03-17,272.3757019042969,276.1772393298442,269.3442290300633,271.23525555020916,69527400
2023-03-20,265.35748291015625,270.47494508940247,263.0375619626868,269.98756773899805,43466600
2023-03-21,266.86834716796875,268.0575491212291,262.7158825243108,267.94058331388436,34558700
2023-03-22,265.416015625,273.9451208577967,265.30877711926536,266.4979792673245,34873300
2023-03-23,270.650390625,273.9645506194871,268.25250241830935,270.92332074814243,36610900
2023-03-24,273.4869079589844,273.54539085578926,268.33044774491924,270.2409584505626,28172000
2023-03-27,269.4027099609375,274.35445077052975,268.56440544663616,273.41869458351096,26840200
2023-03-28,268.28173828125,269.1687685997756,265.18199582572424,268.8275985161655,21878600
2023-03-29,273.4284362792969,274.0425364680911,271.3814455656998,271.9175487241211,25087000
2023-03-30,276.87908935546875,277.2787423935812,274.3739921244632,277.05456782750633,25053400
2023-03-31,281.0217590332031,281.96727225154604,275.8555711889492,276.5671528059377,32766000
2023-04-03,279.978759765625,280.9924830784479,276.7815660353918,279.28666261801845,24883300
2023-04-04,279.9300231933594,283.117489822551,278.45816395278734,279.9787787723989,25824300
2023-04-05,277.1617126464844,279.90077062602654,275.7775778065867,278.63360157573726,22064800
2023-04-06,284.23846435546875,284.7063275533511,274.91005513471964,276.0602584923825,29770300
2023-04-10,282.084228515625,282.28891863830444,277.5223546944505,281.90875009189506,23103000
2023-04-11,275.6898498535156,278.7603508575734,274.5299191651681,278.5361465748028,27276600
2023-04-12,276.33319091796875,279.7643463826104,274.8418174679427,277.6003898328518,27403400
2023-04-13,282.5228576660156,282.58134055975376,276.021261419223,276.4306416753899,24222700
2023-04-14,278.91632080078125,281.197243201843,276.5281599154827,279.75459555412215,20987900
2023-04-17,281.5091247558594,284.238455563406,278.9357880056503,282.61060224538903,23836200
2023-04-18,281.0899963378906,284.39442891149264,279.76434427989847,284.2092231464568,20161800
2023-04-19,281.1679992675781,281.7528282776957,277.3567049001675,278.7700813374877,17150300
2023-04-20,278.88702392578125,281.7333204424285,277.88302787911294,278.0487492496202,23244400
2023-04-21,278.5459289550781,279.0430336532182,275.9140792116014,277.81486288712955,21676400
2023-04-24,274.6565856933594,277.75632784748706,271.6835961405842,274.9685142964532,26611000
2023-04-25,268.46697998046875,274.49095750236273,268.4182243921978,272.45372354096446,45772200
2023-04-26,287.9133605957031,292.0073432244721,285.34002303400024,289.2098013185826,64599200
2023-04-27,297.1344299316406,297.49511411918564,287.7962940057379,288.49811850361414,46462600
2023-04-28,299.5031433105469,301.13096702652024,295.6528502866571,296.33519048615636,36469600
2023-05-01,297.8460693359375,300.8093322076719,297.4464163049507,299.2204771506516,21294100
2023-05-02,297.6997985839844,301.37461262601437,296.23766672018985,299.9904777866923,26404400
2023-05-03,296.71533203125,300.819041090019,296.4131604465873,298.8792887083803,22360800
2023-05-04,297.6997985839844,299.9904777866923,295.7405323674121,298.50883179320516,22519900
2023-05-05,302.80755615234375,304.09423955747224,296.58861610804354,298.00202238980415,28197100
2023-05-08,300.8580322265625,302.36891985995953,298.3626625741606,302.30067989163814,21318600
2023-05-09,299.2497253417969,302.21298828024834,298.5771421461096,300.2244801474705,21340800
2023-05-10,304.4255676269531,305.0981505942969,299.90272233266535,300.8287212353829,30078000
2023-05-11,302.2811279296875,303.26563957263573,298.52834660179957,302.27140061196803,31680200
2023-05-12,301.16998291015625,302.80756378679547,298.8598188614768,302.71008236022425,19774700
2023-05-15,301.6475524902344,302.07644689728147,299.82476613385916,301.2966551101867,16336500
2023-05-16,303.86993408203125,305.7902014838058,302.0081495658219,302.0081495658219,26730300
2023-05-17,306.7420654296875,307.1621190650021,303.5574089684494,305.0715994717328,24315000
2023-05-18,311.1575622558594,311.6655618014146,306.4685237275618,307.25979860655974,27276000
2023-05-19,310.98175048828125,311.38227715164794,309.05728471229986,309.4187276052405,27546700
2023-05-22,313.7560729980469,315.1334851097125,310.659362704621,311.2357215634577,24115700
2023-05-23,307.9729309082031,315.26048835857114,307.9631525133489,312.63266399021563,30797200
2023-05-24,306.59552001953125,309.18426063109985,305.384161727715,307.4551840291494,23384900
2023-05-25,318.3865661621094,319.3438949651791,312.6033903237595,315.7684901108892,43301700
2023-05-26,325.1954345703125,325.69362591247574,316.3936865085404,316.53043497879963,36630600
2023-05-30,323.55426025390625,327.9795506793169,322.88020682779495,327.4813593124993,29503100
2023-05-31,320.7994689941406,328.1749431768424,319.76394285514135,324.6093167826368,45950600
2023-06-01,324.8926086425781,325.82066191290807,317.2143019258067,318.3963251868189,26773900
2023-06-02,327.6474609375,329.6989268894717,324.86333070355175,326.52404833423975,25873800
2023-06-05,328.1749267578125,330.73436207197636,326.92451447409195,327.4715679849584,21307100
2023-06-06,325.9671936035156,327.61813272213266,324.49211655757586,327.5790489490728,20396200
2023-06-07,315.9052429199219,326.7584266923508,315.04557889593144,323.9840754044963,40717100
2023-06-08,317.7417907714844,319.08989754628954,315.8759358684607,316.4522947423508,23277700
2023-06-09,319.2364501953125,322.3624661949436,316.9114577219513,317.47803824659906,22529000
2023-06-12,324.17950439453125,324.4237258036258,317.6441371021866,320.9850692837771,24260300
2023-06-13,326.5630798339844,329.1909043563213,322.75323214002157,326.738912078587,22951300
2023-06-14,329.5426330566406,331.20335074507136,325.11734183212303,326.61197582683593,26003800
2023-06-15,340.0538330078125,341.7536041604146,329.40578750574196,329.6793142407834,38899100
2023-06-16,334.4172058105469,343.3459537429244,334.04601435643656,343.19942687785715,46552000
2023-06-20,330.2361755371094,334.1730234363889,328.0967936208768,331.4670609717045,26375400
2023-06-21,325.8499755859375,329.92360187076076,324.39442550484875,328.59502188215436,25117800
2023-06-22,331.8577575683594,332.2582841920234,325.6350018399905,326.3969713207667,23556800
2023-06-23,327.27618408203125,330.1482299651682,325.74249643584824,326.6314360457984,23146900
2023-06-26,321.00457763671875,328.3409673865728,320.89710473059927,326.00622657027685,21520600
2023-06-27,326.83660888671875,328.3800749537934,321.6884029069419,324.1892275549751,24354100
2023-06-28,328.0870666503906,330.16783795083114,326.09421148504384,326.9245702882871,20259500
2023-06-29,327.30548095703125,328.3409772213773,324.93165630266327,326.97334345829574,16997000
2023-06-30,332.6685791015625,334.80796061953606,329.40578527983763,329.9430603518384,26832800
2023-07-03,330.17755126953125,333.02029191600536,328.7903904255227,331.3498259032752,12508700
2023-07-05,330.3338317871094,333.752931098431,326.99290001201024,327.3445644884712,18172400
2023-07-06,333.38177490234375,335.06201951292167,327.7451550984621,329.50353744833353,28161200
2023-07-07,329.4254150390625,333.88979008817773,329.21049898077155,331.47688108416946,21214800
2023-07-10,324.159912109375,327.4813467591402,320.017927004541,326.86590410565805,32791400
2023-07-11,324.7851257324219,325.1660955778508,319.44156081618985,323.40771358997307,26698200
2023-07-12,329.40582275390625,333.75294560855826,327.91118903960694,328.8196854554752,29995300
2023-07-13,334.7396240234375,335.7946473564409,331.18374612162296,331.711272694216,20567200
2023-07-14,337.2599792480469,343.3069035731136,336.35148278353853,339.55566639937143,28352700
2023-07-17,337.7386779785156,338.9695335941496,334.29027291358,337.689815809939,20363900
2023-07-18,351.1805419921875,358.3020452926389,334.2609086018875,337.83628312548785,64738600
2023-07-19,346.8725280761719,354.0819486228708,344.293565577068,353.388368189592,39732900
2023-07-20,338.85223388671875,349.6956677878314,337.3869057868975,345.39737799079103,33778400
2023-07-21,335.8238830566406,342.2029435229438,331.97495219760316,341.0795312759444,69405400
2023-07-24,337.1329040527344,338.9010940432824,334.3976368740866,337.8558195166584,26678100
2023-07-25,342.8673095703125,343.7562790203098,337.09391224924093,339.0867373558683,41637700
2023-07-26,329.962646484375,336.70318113968654,325.4103558990967,333.547829841797,58383700
2023-07-27,323.0755615234375,333.44030197626535,321.44414968283064,332.6099731824386,39635300
2023-07-28,330.548828125,332.15093507293165,325.4690400866874,325.9574829641513,28484900
2023-07-31,328.1554260253906,329.8942812123279,325.6545714457516,329.13231163180893,25446000
2023-08-01,328.5657043457031,330.7148646247149,325.98674182307207,327.44229185029457,18311900
2023-08-02,319.9300231933594,325.9183364890345,318.8163593371292,325.9183364890345,27761300
2023-08-03,319.1094970703125,322.25507032257764,318.41591654740114,318.464748909169,18253700
2023-08-04,320.2035827636719,327.3934767757319,319.6760561560359,324.2088199611453,23741500
2023-08-07,322.4797058105469,323.4565914550908,319.94957556864017,320.7799343289393,17741500
2023-08-08,318.5135498046875,321.1511529476865,315.53406053871555,319.4025193112215,22327600
2023-08-09,314.7818298339844,319.5490060989431,313.62908227048086,318.9238148724649,22373300
2023-08-10,315.4656677246094,320.6724848006537,313.75611788086866,318.48424072838094,20113700
2023-08-11,313.59002685546875,314.9576606059445,311.83161505156005,312.8573627235517,24355500
2023-08-14,316.5499572753906,316.5694842512484,312.68146957881606,313.96121689583384,18836100
2023-08-15,314.4203796386719,317.5757308061961,313.482577825794,315.53404351386234,16966300
2023-08-16,313.65679931640625,317.59221281010525,313.06942104679297,314.04837487104845,20698900
2023-08-17,310.21087646484375,315.0958462335388,309.55496429159837,313.79385086017476,21257200
2023-08-18,309.8193054199219,311.679311641093,304.9930405423695,307.8711670676138,24755000
2023-08-21,315.1056213378906,315.9768745946358,310.36748902091307,311.2387422776583,24040000
2023-08-22,315.6734313964844,319.21723934340076,314.6944776045053,318.6494592891844,16084600
2023-08-23,320.1178894042969,322.2715996929162,316.6523846218089,317.00482352144604,21166400
2023-08-24,313.2358093261719,325.9720062281622,313.2260102293042,325.8447374700637,23281400
2023-08-25,316.1824645996094,318.51234922059774,312.0904155860379,314.7042350094661,21684100
2023-08-28,316.88739013671875,319.2858092722639,314.949050654982,318.8061314202153,14808500
2023-08-29,321.49822998046875,322.0562408320529,315.1056626837717,315.1056626837717,19284600
2023-08-30,321.8702392578125,322.86876141280084,319.57949087262745,321.75276957784916,15222100
2023-08-31,320.86187744140625,323.9455756518063,319.90249205082335,322.27157317335417,26411000
2023-09-01,321.74298095703125,325.00288418337306,319.9025429102048,324.33720272503615,14942000
2023-09-05,326.530029296875,327.8026871669536,321.74296073160247,322.07580143984785,18553900
2023-09-06,325.8741760253906,327.4209100280818,323.23098856949474,326.3636529709045,17535800
2023-09-07,322.9666748046875,326.0699418421109,322.1051906191248,324.3176359252016,18381000
2023-09-08,327.23486328125,329.08510023164433,322.52609807587226,323.1428437260037,19530100
2023-09-11,330.82763671875,331.29754527961506,328.3704532160462,330.1423571352341,16583300
2023-09-12,324.78753662109375,329.7019045004539,324.5036614898463,328.75231798743556,17565500
2023-09-13,328.9871826171875,329.7605644160493,324.20011449262233,324.33715247737837,16544400
2023-09-14,331.5716552734375,333.68616913545833,329.4864789543326,332.01216654665086,20267000
2023-09-15,323.2701416015625,330.29902307578516,322.71213073688756,329.829144347891,37679800
2023-09-18,322.13458251953125,323.44637721984947,319.49139491981464,320.901090989623,16834200
2023-09-19,321.733154296875,322.45760041034737,317.6803011768475,319.30536803908217,16505900
2023-09-20,314.01898193359375,322.65336113195434,313.7644742751729,322.5750579775089,21436500
2023-09-21,312.8051452636719,318.50266425545,308.3704851953978,312.540838460042,35560400
2023-09-22,310.338134765625,314.6846917624831,309.4962190138313,314.5574229961994,21447900
2023-09-25,310.85699462890625,310.9842634015669,308.3704436389246,309.9269765789233,17836000
2023-09-26,305.5706481933594,309.2319257820145,303.49524107796117,308.4977104446982,26297600
2023-09-27,306.2070007324219,307.6852008158054,303.1722376476752,305.7272930031046,19410100
2023-09-28,307.03912353515625,308.8403951730469,302.9373041972711,304.44487173232886,19683600
2023-09-29,309.1046142578125,312.7463230222275,308.35083070419796,311.06252155319055,24147300
2023-10-02,315.02734375,315.1154758886586,308.5466739037748,309.62352913697714,20570000
2023-10-03,306.79437255859375,314.6260036436558,304.6602303826851,314.0777619824239,21033500
2023-10-04,312.24713134765625,313.3044183025866,307.391528310135,307.4208957324774,20720100
2023-10-05,312.63873291015625,313.2457094811614,308.27260646582175,312.37442608711734,16965600
2023-10-06,320.3724670410156,322.26184092251725,309.6431106472469,309.8878491254301,25673600
2023-10-09,322.8785400390625,323.34841872912307,316.37827265710837,317.9152372482106,19891200
2023-10-10,321.47869873046875,324.1316555430621,320.7738506985827,323.99458765130214,20557100
2023-10-11,325.4238586425781,325.8154342155564,322.21289114367397,324.2393029495446,20063200
2023-10-12,324.19036865234375,326.6083859172805,321.8017188086289,323.6127894514465,19313100
2023-10-13,320.8326110839844,326.80420669372097,319.4914189840269,325.38474129276136,21072400
2023-10-16,325.6391906738281,329.06552880865223,323.6421166530187,324.08262791660326,22158000
2023-10-17,325.07135009765625,326.4418792472216,320.5192215516416,322.65333336134296,18338500
2023-10-18,323.1624450683594,328.5271229876209,321.3905409680336,325.4923600401383,23153600
2023-10-19,324.3470153808594,329.7899967094516,323.9456406942705,325.15953397789394,25052100
2023-10-20,319.7948913574219,324.93439945615916,318.60056637565555,324.7385967213242,25027700
2023-10-23,322.38909912109375,325.7273354388913,317.56286365993043,318.620120705819,24374700
2023-10-24,323.5735778808594,324.8560048878325,320.7052505981055,324.3273615041399,31153600
2023-10-25,333.50018310546875,338.91379608217926,330.5143562790692,337.75860796598914,55053800
2023-10-26,320.9891357421875,334.4399497145707,320.05911779819354,333.37289379084336,37828500
2023-10-27,322.8687438964844,329.63331810351394,321.4884154812009,323.47569046023347,29856500
2023-10-30,330.2108459472656,332.3058210518127,324.8461693094752,326.3929327722386,22828100
2023-10-31,330.9940490722656,331.8653322788638,327.64604386616816,331.7184951865434,20265300
2023-11-01,338.78662109375,340.1082149810744,332.50172321029675,332.63879111171514,28158800
2023-11-02,340.9892272949219,341.48847346531505,337.5139230484177,339.93194035995595,24348100
2023-11-03,345.3748779296875,346.9314407134558,340.01999961550734,342.27161121053757,23637700
2023-11-06,349.0263366699219,350.0150893967721,345.9132712951561,346.01117263326006,23828300
2023-11-07,352.9422302246094,354.83160398439014,350.1032700356418,351.83600759444016,25833900
2023-11-08,355.5560302734375,356.211912585882,352.9617788165993,354.06800138493276,26767800
2023-11-09,353.0988464355469,357.11256296700316,352.77577495327927,354.6749477041347,24847300
2023-11-10,361.8898620605469,362.3108050217642,353.47085345970584,353.8819973228906,28042100
2023-11-13,358.9627685546875,360.715104203908,358.19918579348337,360.4703657564029,19986500
2023-11-14,362.47723388671875,364.1218990717547,359.61870535436486,363.20168005612413,27683900
2023-11-15,362.6243591308594,366.0184055463694,360.11312341587404,364.203659277244,26860100
2023-11-16,369.0005187988281,369.17708096054344,363.1246629725075,363.88979560921166,27182300
2023-11-17,362.8009948730469,367.2348369276998,360.00530734381556,366.4893122703207,40157000
2023-11-20,370.246337890625,371.64907620133334,363.9290760622169,364.1448842589367,52465100
2023-11-21,365.95965576171875,369.0496138376225,364.04680889114167,368.51010827717397,28423100
2023-11-22,370.6484680175781,372.5514954656195,367.8233538705503,370.7956031427492,23345300
2023-11-24,370.23638916015625,370.7661054457384,367.99005682686936,370.1382891167625,10176600
2023-11-27,371.3939514160156,373.3852898149662,369.02991062580026,369.59884307126106,22179200
2023-11-28,375.4060363769531,375.70030662709087,370.9525569972749,371.1389381343408,20453100
2023-11-29,371.62945556640625,376.9755653604363,370.2463253437472,376.4458788431164,28963400
2023-11-30,371.68829345703125,372.8457964517108,368.3138546072338,371.27628513665223,30554400
2023-12-01,367.37213134765625,370.95255911244834,364.23310896058763,369.57924804408185,33040500
2023-12-04,362.1044616699219,362.47719398696046,355.98337139108264,362.06521566015255,32063300
2023-12-05,365.4200744628906,365.9693989437116,358.65158858882313,359.46578625799856,23065000
2023-12-06,361.7709655761719,367.0484320232483,361.0156519151652,366.42064545969674,21182100
2023-12-07,363.8799743652344,364.3704447283438,359.3382140130918,361.21181439248187,23118900
2023-12-08,367.09747314453125,367.3230703614092,361.2118285564288,362.1633422956095,20154400
2023-12-11,364.2232971191406,364.51759731266617,359.12242306000167,361.4570668899954,27708800
2023-12-12,367.24462890625,367.28387492110465,363.3993277208236,363.78190900979564,24838300
2023-12-13,367.23480224609375,370.4424978188213,363.70340938140794,368.8533485777596,30955500
2023-12-14,358.95562744140625,366.63640997800485,357.1899461347514,366.19497468337374,43277500
2023-12-15,363.6641845703125,365.30233890168853,359.29898614385536,359.858129570657,78502300
2023-12-18,365.5475158691406,365.8908510731517,361.65318041229204,362.4085238483028,21802900
2023-12-19,366.1459045410156,366.1459045410156,362.79107445668245,364.4096204886958,20603700
2023-12-20,363.5563049316406,368.8631986960778,363.46802384456504,367.85283078495934,26316700
2023-12-21,366.4206237792969,367.2740374598463,362.98733108269056,365.45929104730993,17708000
2023-12-22,367.4407958984375,368.02936637236263,365.60644137118885,366.55795515551875,17107500
2023-12-26,367.5193176269531,369.75586165985493,366.3814226016606,367.8528339374102,12673100
2023-12-27,366.9405517578125,367.91167362196546,365.7045567045712,366.56778944423564,14905400
2023-12-28,368.12750244140625,369.28500552722875,367.02885341513803,368.2157835307377,14327000
2023-12-29,368.87298583984375,369.9716347431921,366.361779793351,368.8337398258849,18730800
2024-01-02,363.8014831542969,368.7356138207432,359.779620180644,366.73448635273246,25258600
2024-01-03,363.5366516113281,366.1459576250118,361.48648901542015,361.97695939537715,23083500
2024-01-04,360.92730712890625,365.98896450288805,360.1719936012131,363.6052858949814,20901500
2024-01-05,360.7409973144531,364.9688499798779,359.51482125288123,361.93774634798484,21004600
2024-01-08,367.5487060546875,368.04899543580075,361.9769695664422,362.26142084093584,23134000
2024-01-09,368.6277160644531,368.8238862439724,364.11538283242464,364.9197613954772,20830000
2024-01-10,375.4746398925781,376.84798074426163,369.14759069417653,369.1966257520512,25514200
2024-01-11,377.29925537109375,383.2339350900792,373.1302570741052,378.64313944413783,27850800
2024-01-12,381.0660705566406,381.27205974083927,377.31886954764786,378.14285622037966,21661200
2024-01-16,382.8317565917969,386.52010359232963,380.2322694497991,386.15716028479716,27202300
2024-01-17,382.0469970703125,382.67478358686355,377.47580955942465,380.58540492477397,22234100
2024-01-18,386.3631591796875,386.4808672893111,382.68463107425833,384.2541423864291,23392100
2024-01-19,391.0716247558594,391.0716247558594,386.00014838920214,388.21708385271495,29331100
2024-01-22,388.95281982421875,392.98447186970276,386.088459710553,392.3959014424087,27016900
2024-01-23,391.2972412109375,391.7681035262422,386.42196470997874,388.2072839775827,20525900
2024-01-24,394.8875427246094,397.89903829237466,392.81777191847715,393.8869938433054,24867000
2024-01-25,397.15350341796875,399.25273113363767,394.858105500646,396.613997943498,21021200
2024-01-26,396.2314147949219,398.4287425690661,394.7600035777077,396.6630311468464,17803300
2024-01-29,401.9110412597656,402.16609543170915,396.62375630100183,398.3207945584323,24510200
2024-01-30,400.8025817871094,405.1775691973873,398.7033841260815,404.40264755037606,33477600
2024-01-31,390.00244140625,407.404352059521,389.6394980894709,399.20367116692984,47871100
2024-02-01,396.0843200683594,400.22389191253944,394.14204628655096,394.17147331645987,30657700
2024-02-02,403.3824768066406,404.7852149654356,395.86846668943514,396.11370188933375,28256700
2024-02-05,397.9186096191406,403.32360273614995,396.290244380319,402.08760781050484,25352300
2024-02-06,397.7616882324219,400.1944322717671,395.23087405866585,398.1442695260025,18382600
2024-02-07,406.15850830078125,406.4037434899342,399.63525825649936,399.67450426882596,22340500
2024-02-08,406.2173156738281,407.639691581848,404.6674426282855,406.1584616300691,21225300
2024-02-09,412.5345458984375,412.79941901207735,407.1786187532467,407.3355728371995,22032800
2024-02-12,407.345458984375,412.72099505038886,406.84516963028506,412.54443290280494,21202900
2024-02-13,398.57586669921875,402.2543946406928,395.70171738557195,397.2221636270064,27824900
2024-02-14,402.4282531738281,402.77222335184723,397.59311635632974,401.03275815392834,20401200
2024-02-15,399.5487976074219,402.07448469518283,397.3179549607251,401.1015670196542,21825500
2024-02-16,397.0919494628906,401.24901355970684,396.48264621280646,400.9246876418879,22296500
2024-02-20,395.84381103515625,397.51447618664315,391.1462443294289,396.2860326967427,24307900
2024-02-21,395.2442626953125,395.3523813035853,390.3698079702168,393.2689462191207,18518900
2024-02-22,404.55096435546875,405.7106076981084,401.52409308986324,403.1161508977741,27009900
2024-02-23,403.26361083984375,408.6884066709004,401.9172415297094,408.5017108463529,16295900
2024-02-26,400.51190185546875,405.05222425854834,400.3349831970826,404.3642838981377,16193500
2024-02-27,400.4529113769531,401.2784217577938,396.8855068799419,400.9540958991776,14835800
2024-02-28,400.6887512207031,402.2414904650158,398.33014591696406,401.14080998935714,13183100
2024-02-29,406.5067138671875,407.05705416129825,398.9198455368932,401.59293981884394,31947300
2024-03-01,408.3345642089844,408.69817863723034,403.7942424452674,404.17750116999156,17823400
2024-03-04,407.76458740234375,410.1526740907754,405.2094192211678,406.3100996705869,17596000
2024-03-05,395.7062072753906,407.1061687535314,393.7308905561475,406.8211614689715,26919200
2024-03-06,395.1558532714844,398.1729175476419,391.51967869638725,396.0206822488724,22344100
2024-03-07,402.08428955078125,402.71323699020854,395.30325783772497,399.11635103541613,18718500
2024-03-08,399.21466064453125,403.3422428484954,397.35723965535834,400.92464441897226,18002200
2024-03-11,397.54400634765625,398.6840056449402,394.3402457274735,396.79713300835283,16120800
2024-03-12,408.118408203125,408.4034154899357,399.7748296289143,400.5905029088669,22457000
2024-03-13,407.9415588378906,410.96843068808397,404.354509505231,410.8898234934408,17115900
2024-03-14,417.8869934082031,420.4421618629372,410.7816654727546,412.99286375239626,34157300
2024-03-15,409.2387390136719,415.31215606424155,405.6713345351322,412.0592402980969,45079900
2024-03-18,410.12322998046875,413.4744273628243,406.6442696787311,407.10616562272253,20106000
2024-03-19,414.1426696777344,414.3981955018545,408.3837114296865,410.62439098905713,19837900
2024-03-20,417.8968200683594,418.61421185332546,413.4056235884817,414.7225113763612,17860100
2024-03-21,421.9654235839844,423.3904300401875,419.7935438740281,422.41748239432127,21296200
2024-03-22,421.3462829589844,422.446963535343,418.7223444405752,422.2897491598315,17648500
2024-03-25,415.567626953125,420.03917871353855,414.33918361091673,417.9065878752963,18060500
2024-03-26,414.3785400390625,418.64369211377476,414.08372560652526,418.2702405050307,16725600
2024-03-27,414.1623229980469,417.13026150811925,411.78407332169564,417.1204243635022,16705000
2024-03-28,413.4645690917969,414.5947310272611,411.89215553357553,413.70042062857715,21871200
2024-04-01,417.24822998046875,420.51098325002465,414.9387501061958,416.6389267777452,16316000
2024-04-02,414.17218017578125,415.0959720756304,410.6342569413904,412.8650995128624,17912000
2024-04-03,413.1992492675781,415.96078773337547,411.8626872035861,412.49166464341647,16502300
2024-04-04,410.673583984375,421.27751676074166,410.3689323931849,417.66095627375125,19370900
2024-04-05,418.18182373046875,419.15477140454254,411.1060069616712,412.76686502075876,16554800
2024-04-08,417.26788330078125,419.91149627913853,416.00012113110665,417.8378979159273,14272400
2024-04-09,418.9286804199219,420.3634939121141,414.3490398303801,419.08592477391875,12496900
2024-04-10,415.9607849121094,416.7174952724338,412.4621804028437,414.90923013212864,16216600
2024-04-11,420.55023193359375,421.96540116941117,415.07628079166767,418.4766338120234,17966400
2024-04-12,414.6242370605469,417.84767154999884,412.5309645735886,416.7371538463039,19253800
2024-04-15,406.5067138671875,419.4594150607099,406.30031376342345,419.2432078029309,20273500
2024-04-16,407.4304504394531,411.18458077665684,406.59513289625886,407.4206432860486,16765600
2024-04-17,404.7377014160156,411.6563030616971,403.2537321874578,410.054408065017,15855500
2024-04-18,397.2982482910156,404.786864609064,396.983789567324,403.5485840383649,21029900
2024-04-19,392.23712158203125,398.4874581931933,390.9103965002531,397.06245162548737,30565800
2024-04-22,394.04534912109375,395.9027700554988,388.9252051027742,393.18052011404563,20286900
2024-04-23,400.5413818359375,401.16052215978465,396.10914808184776,397.26879155025864,15734500
2024-04-24,402.0056457519531,405.3568429660157,399.76496617669443,402.4970231148721,15065300
2024-04-25,392.1584777832031,392.9938253486681,381.3383380037112,387.2348667133991,40586500
2024-04-26,399.3129577636719,405.8777529623426,398.76261744709456,405.0620796331898,29694700
2024-04-29,395.3131103515625,399.31292950505053,392.30588312333157,398.2613746922827,19582100
2024-04-30,382.6158752441406,395.2246348761621,382.4586608840312,394.5661760291184,28781400
2024-05-01,388.1291198730469,394.79219513177367,383.57896109180126,385.83928476700595,23562500
2024-05-02,390.9791259765625,393.03307969917586,387.8441360864439,390.80223732859616,17709400
2024-05-03,399.6470947265625,400.12863501045786,394.9298534066163,395.34262364373967,17446700
2024-05-06,406.40838623046875,406.79164496723695,399.3620218492585,401.71081997342634,16996600
2024-05-07,402.2808837890625,407.51898415720547,402.03519506612554,407.50914701107223,20018200
2024-05-08,403.46014404296875,405.1210019721616,399.6961765499289,401.1310200807253,11792300
2024-05-09,405.2094421386719,405.60253803694064,402.04497067197207,403.48962134136315,14689700
2024-05-10,407.5876770019531,408.2166544093559,404.69837576819543,405.81873052839654,13402300
2024-05-13,406.5853271484375,411.13548678399485,403.7353441559508,410.80135374265615,15440200
2024-05-14,409.3763122558594,410.29026696650755,404.4527014093116,404.9145973369448,15109300
2024-05-15,416.5338134765625,417.25252925056685,410.81371203905996,411.43396907005973,22239500
2024-05-16,414.47613525390625,418.83761399416454,413.84605341031005,415.273599957198,17530100
2024-05-17,413.708251953125,416.37634285020215,411.56198942365705,416.00221762948183,15352200
2024-05-20,418.7588806152344,420.1667475860199,413.49165301735496,413.7082502471213,16272100
2024-05-21,422.4016418457031,426.27082729608003,418.2764696581723,420.22581467067795,21453300
2024-05-22,423.8587341308594,425.71950537683756,420.5212017999642,423.43539455106486,18073700
2024-05-23,420.3931884765625,426.89107515061806,418.83764844643395,426.2708180980622,17211700
2024-05-24,423.5042724609375,424.39034103334086,417.84324041258554,420.58022514023406,11855300
2024-05-28,423.661865234375,424.15412896604386,419.999421868943,422.9825388810405,15718000
2024-05-29,422.52960205078125,424.2722045863308,419.10343616970863,419.10343616970863,15517100
2024-05-30,408.25396728515625,417.7349403773821,407.8305976923989,417.7349403773821,28394500
2024-05-31,408.7068786621094,410.3018082986228,398.25120211572766,410.3018082986228,47995300
2024-06-03,407.1217346191406,409.98671278257075,402.59293289369214,409.10064418608687,17484700
2024-06-04,409.63232421875,409.99659455099004,403.341179685009,406.04863004617806,14348900
2024-06-05,417.4494934082031,417.5183874951578,409.8587651411263,411.3454112041521,16988000
2024-06-06,417.9515380859375,418.7293231019465,414.0724979392672,417.44944957036887,14861300
2024-06-07,417.29193115234375,419.6843254469309,416.45507688003147,419.60557647742206,13621700
2024-06-10,421.2497253417969,421.45646767892094,417.33132559781046,418.12879037210877,13982900
2024-06-11,425.9853210449219,426.1231693068597,418.670289453605,418.89674157876317,14551100
2024-06-12,434.23565673828125,436.53944727057524,426.54650007534946,428.5844790234761,22366200
2024-06-13,434.7475891113281,436.5296113185569,432.57179200487434,434.02890334988575,15960600
2024-06-14,435.7222900390625,436.2834778568933,429.96279885352675,431.49865916361745,13582000
2024-06-17,441.4325256347656,443.9627681496181,433.9008973733048,435.741958721063,20790000
2024-06-18,439.4339599609375,443.1751821409538,438.00641324566425,442.75181252074634,17112500
2024-06-20,438.8038635253906,439.6210080275433,434.4423844149745,439.3945559147101,19877400
2024-06-21,442.82073974609375,443.6083496603445,439.60134591371855,440.45787995794916,34187100
2024-06-24,440.743408203125,445.74479433203504,439.5028940256874,442.8404263927747,15913700
2024-06-25,443.97259521484375,444.4353242448053,439.837568562192,441.31435950308355,16413400
2024-06-26,445.16387939453125,446.5816011478092,441.25530470792563,442.05276943847076,16507000
2024-06-27,445.8432312011719,449.1118693221635,444.7799248025884,445.18358463488477,14806300
2024-06-28,440.0345458984375,448.3341049043701,439.50289267468526,446.059848949654,28362300
2024-07-01,449.6631774902344,450.293259356771,438.76445275458883,441.7180347396165,17662800
2024-07-02,452.1737060546875,452.478907120072,446.099159273985,446.1877931726741,13979800
2024-07-03,453.64068603515625,453.88681788882053,450.7954174304016,451.10061852531385,9932800
2024-07-05,460.32562255859375,461.10340760685847,451.8685359116121,452.4986178155469,16000300
2024-07-08,459.0260009765625,460.4634324742541,457.27354357582976,459.33120203742016,12962300
2024-07-09,452.42974853515625,460.09919566591896,450.9135678636905,459.77431483044427,17207200
2024-07-10,459.0359191894531,459.24266153927346,451.76024698147666,454.0837473649462,18196100
2024-07-11,447.66461181640625,457.5886345893225,444.5633265323156,455.81649732303464,23111200
2024-07-12,446.53240966796875,449.2989293786312,443.6772860929006,447.3003398715442,16324300
2024-07-15,446.93603515625,450.1849934949163,444.44518211930125,446.28624348851673,14429400
2024-07-16,442.56475830078125,447.27079820143007,439.7490242805094,447.19204922721934,17175700
2024-07-17,436.6575927734375,437.9670310742686,432.38474735385836,435.74198947896895,21778000
2024-07-18,433.55633544921875,437.7701116080265,427.6787055457858,437.46491051123894,20794800
2024-07-19,430.3467712402344,434.3144456334854,425.31585048613374,426.39883667006126,20940400
2024-07-22,436.0865478515625,437.72086686190295,432.1189038234256,434.95434740544323,15808800
2024-07-23,437.967041015625,441.4522765923751,436.24411798255437,437.0317279223722,13107100
2024-07-24,422.2637939453125,434.64916540683873,420.9740654607642,433.6351033912307,26805800
2024-07-25,411.92626953125,423.14987619224735,411.05005574464656,422.1653487650477,29943800
2024-07-26,418.6899719238281,422.28352110182095,410.8137524352177,411.72938578526725,23583800
2024-07-29,420.1273498535156,425.4634710488169,418.12876061583677,424.9022832711689,15125800
2024-07-30,416.37640380859375,422.4115324395336,410.90240300010083,421.10212402070425,32687600
2024-07-31,411.8770446777344,415.2539664560443,405.8320320070505,413.9937725831716,42891400
2024-08-01,410.6562194824219,420.8460843318748,406.69843005351635,414.27930323794226,30296400
2024-08-02,402.1695861816406,408.5788691410044,398.08380349930894,406.10769576372263,29437900
2024-08-05,389.0360107421875,394.83489176821496,379.6140759587015,383.1485558976655,40709200
2024-08-06,393.4269714355469,399.39323499306323,392.3341604668248,393.81095153508136,24946500
2024-08-07,392.2652587890625,403.7349973998657,391.32012086399686,402.3173055349637,20650900
2024-08-08,396.4593200683594,399.58025493530266,393.75186986205176,396.2131882314223,20203000
2024-08-09,399.7378234863281,401.736413003281,396.0360207139592,397.7786234799922,19276700
2024-08-12,400.5155944824219,402.43543495594565,397.98535182009545,400.76172633567404,16762900
2024-08-13,407.60418701171875,408.5296451452922,403.23288307516907,403.2525628062739,19414300
2024-08-14,410.4101257324219,411.25683501944593,406.06838582856113,408.3820014539116,18267000
2024-08-15,415.2626953125,415.34158622213624,411.9388626649199,414.0495331175792,20752100
2024-08-16,412.7377624511719,415.5684441235936,411.5837759699612,414.83859034033384,22775600
2024-08-19,415.7558288574219,415.97281647426513,410.7552711189502,413.22102581055816,15234000
2024-08-20,418.9810485839844,420.0265262237166,415.86436096713305,415.92353667507666,16387600
2024-08-21,418.3301086425781,420.55913050260955,415.943244764668,418.27090283610073,16067300
2024-08-22,409.8577575683594,420.94381179948715,408.9306313403218,418.54707521874735,19361900
2024-08-23,411.0807800292969,413.51694694228206,406.4451490290269,411.2681797994915,18493800
2024-08-26,407.8259582519531,411.5640508373135,405.7054152115458,410.6665125068156,13152800
2024-08-27,408.1712341308594,408.68410035771785,404.63041340611323,407.2046472922476,13492900
2024-08-28,404.9755859375,409.3153084895278,401.7306441001557,409.1969570716752,14882700
2024-08-29,407.4610595703125,416.26872882049446,404.975589475056,409.2561363555491,17045200
2024-08-30,411.4259948730469,411.7711764633265,406.4846126518204,409.90708149754283,24308300
2024-09-03,403.83148193359375,414.1284769320411,401.4544905684809,412.1854608426902,20313600
2024-09-04,403.2988586425781,405.6068015782242,398.830912042889,400.3498254636215,15135800
2024-09-05,402.79583740234375,407.44131080829675,400.56678553175374,402.0363656944642,14195500
2024-09-06,396.1974792480469,405.02486305915306,395.3097834719027,403.4566466739337,19609500
2024-09-09,400.1624450683594,403.0523026786457,396.64133973593033,401.6616132591262,15295100
2024-09-10,408.5262756347656,410.627073483588,402.11531302402886,402.6084639940855,19594300
2024-09-11,417.24517822265625,418.1821469994098,403.9695325309428,409.8084532189213,19266900
2024-09-12,421.15087890625,421.5158057652536,414.00019068126096,417.51142276722317,17395700
2024-09-13,424.6917419433594,425.914746697553,419.6320082561189,419.9969351521576,15874600
2024-09-16,425.4315185546875,427.59152243143467,422.35426100412985,424.7016646765436,13834700
2024-09-17,429.18927001953125,435.79750485485505,426.3487157034463,434.1997005769437,18874200
2024-09-18,424.9087219238281,430.05721907964937,424.5142071811442,429.04132931995406,18898000
2024-09-19,432.6807861328125,435.452292084435,430.91529729082623,435.1860014052933,21706600
2024-09-20,429.3076477050781,433.22326773049826,428.2720426762547,431.2309485866615,55167100
2024-09-23,427.5718078613281,430.4813808255123,424.4945503062013,428.3312495978339,15128900
2024-09-24,423.2911682128906,427.41390262464773,420.26321438100086,427.0686909653906,17015800
2024-09-25,426.1908874511719,427.18706197372046,422.6994004960537,423.94212038705155,13396400
2024-09-26,425.40191650390625,429.33725188250344,423.2517853511596,429.13013688877425,14492000
2024-09-27,422.156982421875,425.9345360380006,421.61452834728004,425.60903951360433,14896100
2024-09-30,424.4057312011719,424.5241127227398,419.54326964937644,422.34436366886086,16807300
2024-10-01,414.9273681640625,422.61066875300435,413.07311568923785,422.58108089859957,19092900
2024-10-02,411.4161376953125,417.0281982052677,411.00187763203274,416.7914652693021,16582300
2024-10-03,410.834228515625,413.8029769595959,408.6150490966078,411.9092940444477,13686400
2024-10-04,410.36077880859375,414.00023534021534,409.28571331626097,412.5109097932594,19169700
2024-10-07,403.9300842285156,411.3963666559109,403.3974727803463,410.30158600641573,20919800
2024-10-08,409.02923583984375,409.9662346464486,402.5788433485802,405.2714281620606,19229300
2024-10-09,411.7415771484375,414.6215919010832,408.62485957486433,410.16348810998284,14974300
2024-10-10,410.1437683105469,411.63309377445904,407.49061385739407,409.5421386142519,13848400
2024-10-11,410.61724853515625,411.4161507329335,407.58929422530787,410.4397214022164,14144900
2024-10-14,413.3985900878906,418.2314633461143,411.80075573680847,412.0473312101826,16653100
2024-10-15,413.0040588378906,416.69284850861214,409.57174739931537,416.3969398711013,18900200
2024-10-16,410.419921875,410.65662468764714,404.85719508098555,409.4829531752425,15508900
2024-10-17,411.0117492675781,416.7125733271007,409.89722324961605,416.57447660649984,14820000
2024-10-18,412.4320373535156,413.90161766396704,410.5580696214905,411.4260201751563,17145300
2024-10-21,413.0434875488281,413.22101465794185,408.08239044719204,410.41992101582053,14206100
2024-10-22,421.6539611816406,424.68188532771023,412.3136804024992,412.75749822543423,25482200
2024-10-23,418.7837829589844,425.1749998576998,416.7421308498749,424.95801224079617,19654400
2024-10-24,418.9120178222656,420.144895200207,416.6139175340375,419.5037748840412,13581600
2024-10-25,422.28515625,426.5952907757042,420.72681247783265,420.9142122484759,16899100
2024-10-28,420.74652099609375,426.02324214447043,420.46048501920137,425.7470788183642,14882400
2024-10-29,426.0331115722656,427.23640107681365,419.96733089551304,422.1372070838931,17644100
2024-10-30,426.60516357421875,432.4933871760131,426.1810609771617,431.4479095602445,29749100
2024-10-31,400.78375244140625,410.459370932655,400.734419290451,409.6703114132585,53971000
2024-11-01,404.74871826171875,409.80845197934053,401.9180365381017,403.40736208449033,24230400
2024-11-04,402.8648681640625,404.7980415718176,400.01447130701087,404.18650910637746,19672300
2024-11-05,405.8238220214844,409.21670338911827,402.4901163672762,402.77615238186627,17626000
2024-11-06,414.42431640625,414.6906371773605,404.89663664059157,406.77063429083336,26681800
2024-11-07,419.6024475097656,421.00300957645607,414.1284835164612,415.5093002796819,19901800
2024-11-08,416.7520446777344,420.65779206836214,416.00244554535874,419.4939629624982,16891400
2024-11-11,412.28411865234375,418.9909603752076,410.3016419524007,416.7323203125478,24503300
2024-11-12,417.23529052734375,418.6259798148705,411.485163708279,412.5207686609151,19401200
2024-11-13,419.37554931640625,423.4489505825368,412.4812790708163,415.86431721659767,21502200
2024-11-14,421.0424499511719,422.30491523139983,414.24681513135374,419.17832483529844,30246900
2024-11-15,409.3153076171875,417.0084507566798,407.9739514183208,414.06929022111444,28247600
2024-11-18,410.06488037109375,412.66870168958155,406.45501186857297,409.1870572477352,24727000
2024-11-19,412.0671081542969,412.2150474297726,405.9125633985823,407.45119206262405,18133500
2024-11-20,409.798583984375,411.57394553855335,404.9558378403451,411.1596854793811,19191700
2024-11-21,408.029541015625,414.85853235917494,405.47980199521203,414.5818162626976,20780200
2024-11-22,412.11114501953125,412.50644943843054,406.2407824115055,406.547145598137,24814600
2024-11-25,413.88018798828125,416.1433187151558,409.9863774439722,413.474991137145,27691100
2024-11-26,422.9722900390625,424.0099980685231,413.93946191933657,414.6707766023476,23458900
2024-11-27,418.03094482421875,422.22125646736464,417.07231569319254,420.12608556589345,18332400
2024-11-29,418.4953918457031,419.89875718802,412.9017454606376,415.1649061905191,16271900
2024-12-02,425.9272766113281,427.92358362660957,416.37063273208213,416.62759418862754,20207200
2024-12-03,426.14471435546875,427.3998142862311,422.72525694948587,424.8006430250728,18302000
2024-12-04,432.29180908203125,434.51543063700444,427.5579574158117,427.9532618825141,26009400
2024-12-05,437.4307556152344,439.4468472719849,431.05639296725934,432.78587611481566,21697800
2024-12-06,438.36968994140625,440.87002757046025,436.5907746503493,437.1145598403157,18821000
2024-12-09,440.7908935546875,443.0738089240489,435.3356203613735,437.4110061952819,19144400
2024-12-10,438.1324462890625,444.34871163189086,436.42274787532307,439.1800467406791,18469500
2024-12-11,443.72613525390625,445.07020661100427,438.8440482605507,438.8440482605507,19200200
2024-12-12,444.2893981933594,450.81202644259827,443.8446618873549,443.8446618873549,20834800
2024-12-13,442.0262451171875,446.13747735633456,440.3560560775405,443.1825414368637,20177800
2024-12-16,446.295654296875,446.87873364714176,440.0596337652838,442.02629379074256,23598800
2024-12-17,449.1319580078125,449.95224407864544,444.2993034538041,445.72242348242105,22733500
2024-12-18,432.2621154785156,447.34318887069384,431.89642797238076,446.0287948744165,24444500
2024-12-19,431.9063415527344,437.98423408144293,431.2046739034814,436.4425256398133,22963700
2024-12-20,431.48138427734375,438.5376604876813,423.6048219518138,428.03227991601136,64263700
2024-12-23,430.1471862792969,432.51904296318025,427.7555447705133,431.61970806424813,19152500
2024-12-24,434.1793518066406,434.44620567192754,429.0996280307953,429.55422661934296,7164500
2024-12-26,432.9736328125,435.7704710980457,431.51100346947777,433.9322618472237,8194200
2024-12-27,425.4825439453125,430.117561657289,421.351556737901,429.5048352492743,18117700
2024-12-30,419.84930419921875,422.53741628176584,416.95366258935724,421.0648946073582,13158700
2024-12-31,416.5584411621094,421.7271368293111,415.7282927277236,421.1045179635724,13246500
