Price,Close,High,Low,Open,Volume
Ticker,NVDA,NVDA,NVDA,NVDA,NVDA
Date,,,,,
2015-01-02,0.4829852283000946,0.48658424918955345,0.47530735520557993,0.4829852283000946,113680000
2015-01-05,0.47482749819755554,0.484424839624513,0.47266811425289534,0.4829852312599073,197952000
2015-01-06,0.4604314863681793,0.4760271182656543,0.45995162649178306,0.47554725838925804,197764000
2015-01-07,0.459231972694397,0.46786956770581717,0.4577923639917419,0.4637906859157129,321808000
2015-01-08,0.47650712728500366,0.4793863446490448,0.46427053929459305,0.4645104836090147,283780000
2015-01-09,0.47842657566070557,0.4820255972128002,0.47170844976721804,0.4781866599587349,209540000
2015-01-12,0.47242826223373413,0.4798661925660505,0.4681094648989135,0.47962624825768396,190732000
2015-01-13,0.4717084467411041,0.485624558444999,0.46834939811703613,0.47602724397365814,236720000
2015-01-14,0.47362789511680603,0.47506750366689127,0.4654701896056618,0.46666985386331544,155260000
2015-01-15,0.4702688455581665,0.47986615959739376,0.47002890126628505,0.47698697110607596,188932000
2015-01-16,0.4789063334465027,0.47938619332161436,0.46810932894413915,0.4695489371717198,181512000
2015-01-20,0.48034605383872986,0.4849047380179028,0.4743477038913116,0.48226549378738115,140308000
2015-01-21,0.4870641231536865,0.48826381595671964,0.4743476769049424,0.47770675382848365,144780000
2015-01-22,0.49546170234680176,0.49690131054152625,0.4829851742651757,0.48802374574222157,159712000
2015-01-23,0.49690118432044983,0.497860903804985,0.49186255691880815,0.4959414076314392,120416000
2015-01-26,0.49474194645881653,0.49714127461565966,0.4916228141344709,0.49474194645881653,133240000
2015-01-27,0.4709886312484741,0.48754401447429163,0.4700288827210676,0.4870641259094629,357948000
2015-01-28,0.46331074833869934,0.47866646705535704,0.46307080406099754,0.4767469986404935,272728000
2015-01-29,0.4745875298976898,0.4772267734703945,0.46139119762518555,0.463550609932575,235340000
2015-01-30,0.4606715440750122,0.47674706940877415,0.45995176833956397,0.4712286076227256,298200000
2015-02-02,0.47074857354164124,0.4726680415317177,0.45443313852935724,0.4635505900305375,259604000
2015-02-03,0.4825054407119751,0.482985329332453,0.4717084615917977,0.4741077902851704,183468000
2015-02-04,0.483705073595047,0.4892235346249798,0.4796261924410201,0.48106582952142735,181516000
2015-02-05,0.4916229248046875,0.4918628405130311,0.48370513438426604,0.48418496580095316,140448000
2015-02-06,0.48946356773376465,0.4969015275872325,0.48730415449845,0.49114309229305997,210524000
2015-02-09,0.4889836311340332,0.4904231824435674,0.4834651699665603,0.4865843026788059,273944000
2015-02-10,0.5026597380638123,0.502899653719564,0.487303992005782,0.48946340452103554,226204000
2015-02-11,0.49930083751678467,0.5038595223447996,0.4959417313217831,0.5038595223447996,320832000
2015-02-12,0.535050630569458,0.539849286315907,0.5247335149941439,0.5278526469497846,676904000
2015-02-13,0.5352908968925476,0.5360107014465455,0.5256935791119439,0.5338512877845518,310084000
2015-02-17,0.5369702577590942,0.5396095593857194,0.5309719645807374,0.534331013336978,203340000
2015-02-18,0.5307318568229675,0.5372100941841557,0.5297721370228081,0.536250317179502,170948000
2015-02-19,0.5321714878082275,0.5384097525818989,0.5297721596033151,0.5374500327408334,169432000
2015-02-20,0.5360105633735657,0.5362504790949221,0.5278528568023322,0.5316917943665925,157752000
2015-02-23,0.5316916108131409,0.5357704626906343,0.5290523099713279,0.5357704626906343,125008000
2015-02-24,0.5373519062995911,0.5373519062995911,0.5289219488019218,0.5337390837790982,149356000
2015-02-25,0.5332573056221008,0.5375927612174863,0.5308487383218113,0.5351841364924228,123820000
2015-02-26,0.534702479839325,0.5378336232030695,0.530367024062705,0.5337390643638905,152864000
2015-02-27,0.531330406665802,0.5344615494974234,0.5294035186176221,0.5332572372892151,157492000
2015-03-02,0.5443366169929504,0.5472269201407497,0.5291626403165293,0.529885216103479,301512000
2015-03-03,0.5342205762863159,0.542891427702558,0.5325345853754853,0.5402420216176469,160344000
2015-03-04,0.5402421951293945,0.541446450127581,0.5301261889906541,0.5322939168971221,226840000
2015-03-05,0.5505990386009216,0.5515624540806084,0.5387970410566225,0.540242192988541,323056000
2015-03-06,0.543132483959198,0.5501172890897005,0.5426507475184019,0.5474678822272608,257392000
2015-03-09,0.5445775985717773,0.5486722149080336,0.5421690311282735,0.5433733435624142,222388000
2015-03-10,0.5539708733558655,0.5575837522195485,0.5460225972805244,0.546986012502586,527212000
2015-03-11,0.5510807633399963,0.5611967117988593,0.5496356114387944,0.5539710097176248,262120000
2015-03-12,0.5460224747657776,0.549876192214101,0.5356656342467359,0.5457816353704913,406972000
2015-03-13,0.5467453002929688,0.5481904521747607,0.5359067186043039,0.5433733175186374,359288000
2015-03-16,0.5532484650611877,0.5566205054963217,0.547467914554182,0.5510807945115473,236956000
2015-03-17,0.5599923729896545,0.5602332124622048,0.5481903774631862,0.5520440961478256,299900000
2015-03-18,0.5508398413658142,0.5628826776204128,0.5457818673663147,0.5599924313741729,413844000
2015-03-19,0.559269905090332,0.5611967360921604,0.5486722197307198,0.5527667786781887,310756000
2015-03-20,0.5652912855148315,0.5686633258483815,0.5585473196972857,0.5638461910001982,462084000
2015-03-23,0.5469860434532166,0.5556568957919253,0.5467452039902638,0.5484311950804621,426012000
2015-03-24,0.5395193099975586,0.5491535741613954,0.5371107439565994,0.5452998570109119,330480000
2015-03-25,0.5067631006240845,0.5392787901556821,0.5050770517141214,0.5392787901556821,542552000
2015-03-26,0.5050768256187439,0.5072445525970847,0.4927931542576512,0.49640603255488575,311920000
2015-03-27,0.5149518847465515,0.5168787145021697,0.49977791379064984,0.5079670263891387,318288000
2015-03-30,0.5171198844909668,0.5197692911608413,0.5106167014243767,0.5173607239814723,253252000
2015-03-31,0.5041134357452393,0.5161562682967138,0.5036317568980334,0.515674589449508,357276000
2015-04-01,0.5060402750968933,0.5077262657506635,0.4973694250026828,0.5060402750968933,330768000
2015-04-02,0.5072447061538696,0.5103758491511043,0.5029093083094975,0.5089306973947237,192204000
2015-04-06,0.5219372510910034,0.5236232431242839,0.49977840021109454,0.5050772159086054,515864000
2015-04-07,0.5265130996704102,0.5322936470659297,0.5190465042524807,0.5219368066626144,413964000
2015-04-08,0.5303669571876526,0.5322938453203329,0.5219370010595805,0.5269949747364238,366432000
2015-04-09,0.5426504015922546,0.5443363919231007,0.526031280213536,0.5262721195680172,379432000
2015-04-10,0.5481902360916138,0.5484310755020545,0.5412053763660629,0.5431322639238453,258728000
2015-04-13,0.543132483959198,0.5501172890897005,0.5407238591799932,0.5469861457864648,236724000
2015-04-14,0.5385560393333435,0.5431323332644769,0.5332571696538859,0.5409646060195044,220276000
2015-04-15,0.5450595617294312,0.5491541223439035,0.5373521197346588,0.5400015852218125,243560000
2015-04-16,0.5416873097419739,0.5465044442523481,0.5378335906487199,0.5419281492400607,155284000
2015-04-17,0.534702479839325,0.5400013510913795,0.5301261845500405,0.530367024062705,293636000
2015-04-20,0.5320530533790588,0.5404830102603805,0.531089580514244,0.5371110275078519,231624000
2015-04-21,0.531330406665802,0.5385561076407515,0.5286809427776504,0.5385561076407515,230456000
2015-04-22,0.5373519062995911,0.5380744822886454,0.5262724843671298,0.5344616597681524,207420000
2015-04-23,0.5351839065551758,0.5402419359099859,0.5214550845844756,0.5274765289605237,259380000
2015-04-24,0.5306078195571899,0.5351840565468012,0.5245863734935609,0.534943217080181,240960000
2015-04-27,0.534702479839325,0.5440959099305585,0.527717617149066,0.5322939124383504,248456000
2015-04-28,0.5373519062995911,0.5392787947453288,0.528681051855718,0.5337390837790982,234484000
2015-04-29,0.5332573056221008,0.538797016155244,0.531089577824408,0.5334981451246975,195156000
2015-04-30,0.534702479839325,0.537351886752964,0.5294036085872704,0.530607921000146,218844000
2015-05-01,0.5479495525360107,0.5496355437381515,0.536629235654144,0.5390378027178834,256968000
2015-05-04,0.5445775985717773,0.5510807823515375,0.5428916071038025,0.547467902473893,200720000
2015-05-05,0.5306078195571899,0.5433732300843086,0.5281992526166914,0.5426506542596825,292928000
2015-05-06,0.5322935581207275,0.5385558406797704,0.5253087000798923,0.5334978123072228,316484000
2015-05-07,0.5416873097419739,0.5433733010781275,0.5284401611260582,0.5301261524622118,534564000
2015-05-08,0.5017049312591553,0.5260314962178795,0.49351581559670893,0.506040385968518,1146552000
2015-05-11,0.49688783288002014,0.5019458637329687,0.49086644414524616,0.4947201053716136,544144000
2015-05-12,0.5017049312591553,0.5057994890903784,0.49303407926519227,0.4932749761433318,388800000
2015-05-13,0.5045952200889587,0.5091715141219199,0.4997780866094505,0.5053177958533611,308524000
2015-05-14,0.5127844214439392,0.515433885498959,0.5048361441284207,0.5060404564124789,293052000
2015-05-15,0.5130253434181213,0.5173607415180304,0.5098942002363308,0.5149521742570202,215824000
2015-05-18,0.5123026371002197,0.5154337794850361,0.5094123341527712,0.5118209008007255,324972000
2015-05-19,0.5091085433959961,0.5146738936619811,0.5081406112440852,0.512980041241415,253808000
2015-05-20,0.5091085433959961,0.5153998139306362,0.5086245773200406,0.5093504975886958,196824000
2015-05-21,0.505479097366333,0.5115284155669882,0.504995131141674,0.5093506540918835,239692000
2015-05-22,0.5047531723976135,0.5086247290888244,0.5035433433825577,0.5066889795885057,212592000
2015-05-26,0.5016076564788818,0.5057211684214232,0.49773609885925835,0.5023335771382229,259732000
2015-05-27,0.5284664630889893,0.5308861790020475,0.503301371440722,0.5049951668108049,432332000
2015-05-28,0.5357256531715393,0.5374194486754986,0.5274986299549991,0.5284665048586069,327656000
2015-05-29,0.535483717918396,0.5391132633586939,0.5347577972922195,0.53572567223026,335168000
2015-06-01,0.5415328741073608,0.546856271765943,0.5354836136545194,0.5388712041233564,372660000
2015-06-02,0.5308862328529358,0.5410490637948865,0.5304022665450014,0.538145381328448,224304000
2015-06-03,0.5250789523124695,0.536451613066714,0.5241110196473785,0.5323381011571311,250788000
2015-06-04,0.5345157980918884,0.536209593513861,0.5219332518822867,0.5219332518822867,323712000
2015-06-05,0.5386291146278381,0.5410488297395842,0.5272564016811281,0.5328217522072002,313320000
2015-06-08,0.5262887477874756,0.5405650902383901,0.5202394863176232,0.5369355448945953,342812000
2015-06-09,0.5289502739906311,0.5328217721619698,0.5258046384584977,0.5267725130013323,256888000
2015-06-10,0.5195134282112122,0.5260466542533614,0.5166097465522268,0.5226590641115904,529460000
2015-06-11,0.5250789523124695,0.5287084978895069,0.5195135990958369,0.5195135990958369,283052000
2015-06-12,0.5108025074005127,0.5248368359673737,0.5095926206549586,0.5216911996576233,323728000
2015-06-15,0.5098347067832947,0.5122544229358201,0.504269353863428,0.5081408535550016,306548000
2015-06-16,0.5161257386207581,0.5168516589767724,0.5037852079496397,0.5088665927511773,256892000
2015-06-17,0.5221750736236572,0.5250787551474354,0.5146739732746504,0.5158838021158478,233544000
2015-06-18,0.5308862328529358,0.5342738239367247,0.5250789256106427,0.5265307668438619,299404000
2015-06-19,0.5291923880577087,0.5352416490456564,0.5243529561911193,0.5308861834419573,355656000
2015-06-22,0.5270146727561951,0.5330639919666977,0.5190296037050582,0.5301603095151631,514236000
2015-06-23,0.5134643316268921,0.5320961431156064,0.5093508193000793,0.5279826307887935,414064000
2015-06-24,0.5083826780319214,0.5153998695930629,0.5059629627719308,0.5127381424236795,253368000
2015-06-25,0.5122542381286621,0.5153998737611452,0.508382682143255,0.508382682143255,350460000
2015-06-26,0.5018495917320251,0.5086248317315608,0.49967188752733965,0.5081408654135279,421296000
2015-06-29,0.48684731125831604,0.5011236520112101,0.4861213907377811,0.4960422083674653,391724000
2015-06-30,0.48660531640052795,0.49192871450810066,0.48321772564597176,0.4897509528699239,315916000
2015-07-01,0.4936226010322571,0.5057211828829322,0.48926713464224963,0.4987040457929529,302892000
2015-07-02,0.4941064715385437,0.49725210797860536,0.49096083509848204,0.49338055099925426,145764000
2015-07-06,0.4880569875240326,0.4967679733525113,0.4844274437483254,0.4899927942028935,214776000
2015-07-07,0.4788621664047241,0.48708921673777766,0.46361795238182607,0.4851534673373276,594252000
2015-07-08,0.4754745364189148,0.47910410950971166,0.4716029802506183,0.4762004568061307,332492000
2015-07-09,0.4696671962738037,0.485153420752692,0.46676354360665334,0.4829756596183674,357588000
2015-07-10,0.4778943657875061,0.4822498603042763,0.4745067461210006,0.4757166041064762,216708000
2015-07-13,0.4810399115085602,0.48370158126696533,0.47789427557109565,0.4827337065994151,212472000
2015-07-14,0.48128196597099304,0.48224986968537575,0.47499072163131145,0.48176593225082953,249216000
2015-07-15,0.4778943657875061,0.4832177351545409,0.47353887127073596,0.48007209862324635,265732000
2015-07-16,0.4885411262512207,0.4885411262512207,0.4791042167947865,0.4807980121807241,282848000
2015-07-17,0.48563751578330994,0.4873313114194299,0.4793462418831001,0.4868474027751597,220372000
2015-07-20,0.47668445110321045,0.48757320052262787,0.4754745932616403,0.48563739336177214,188412000
2015-07-21,0.4788621664047241,0.48563737584215494,0.475716530361065,0.475716530361065,149720000
2015-07-22,0.4696671962738037,0.47547453045338683,0.46385989093950303,0.47547453045338683,356472000
2015-07-23,0.4754745364189148,0.4824916995230089,0.4696672021664701,0.4706351056311856,169916000
2015-07-24,0.4699092507362366,0.4793461305494336,0.46797347238229475,0.47886219317226986,188844000
2015-07-27,0.4672475755214691,0.47257094463003374,0.4619242064129045,0.465795734471275,192420000
2015-07-28,0.47741037607192993,0.4805559834133985,0.46361797347194883,0.46845740488379156,198308000
2015-07-29,0.48321762681007385,0.4870891830336522,0.47450663972966434,0.47644241784145347,232680000
2015-07-30,0.4844275712966919,0.48926700273221513,0.4820078267336436,0.4820078267336436,190180000
2015-07-31,0.48273375630378723,0.48660528421790167,0.47983010315687963,0.4863633299487436,218340000
2015-08-03,0.49096083641052246,0.4914447449776235,0.480314069111499,0.48660531316314615,397132000
2015-08-04,0.49289676547050476,0.4943486070814221,0.4873314110890542,0.48926721913381027,260100000
2015-08-05,0.4979780912399292,0.5054791941699392,0.4970101586052437,0.5049952278525965,234628000
2015-08-06,0.49483227729797363,0.5003976283478848,0.48660519899121507,0.49676802649334956,655676000
2015-08-07,0.5560512542724609,0.5654881056720314,0.5294343223222144,0.5434687088189317,1405248000
2015-08-10,0.5754090547561646,0.57952256644537,0.5487921193944615,0.5521797681596164,662304000
2015-08-11,0.5725053548812866,0.5780707076304558,0.5669400021321175,0.5669400021321175,435008000
2015-08-12,0.5739572644233704,0.5780707764773474,0.5633105239489246,0.5633105239489246,384048000
2015-08-13,0.5691176056861877,0.5758928434361805,0.5676657649047203,0.5746829568881023,276884000
2015-08-14,0.5696016550064087,0.5729892455307165,0.5652461320260921,0.5686337225503999,214652000
2015-08-17,0.565972089767456,0.5686337599701996,0.5589548962977742,0.5686337599701996,273880000
2015-08-18,0.5608207583427429,0.5681104490123653,0.5564469091809825,0.5642226024019044,287084000
2015-08-19,0.5586339235305786,0.5664096180010023,0.5525591513630624,0.5600918734854482,249248000
2015-08-20,0.538465678691864,0.5549889542134707,0.5357927515849545,0.5523160850398723,426932000
2015-08-21,0.5216994285583496,0.5435685026923339,0.521213425959823,0.5345778891194721,382664000
2015-08-24,0.5032318234443665,0.5304466741288237,0.4859795261652578,0.4925402377183678,682284000
2015-08-25,0.4927835464477539,0.5272881025833186,0.4927835464477539,0.525344150473349,622684000
2015-08-26,0.5299608111381531,0.5304468135018572,0.5049328770398223,0.5088207221495872,614976000
2015-08-27,0.5498862862586975,0.5501292586087344,0.5323910025229677,0.5355498748067334,463764000
2015-08-28,0.5523160099983215,0.5557178535631232,0.5459982674160881,0.5498861134615628,320944000
2015-08-31,0.5462411642074585,0.5535309107437046,0.5440542981798799,0.5496430652354718,219352000
2015-09-01,0.5238862633705139,0.5394376503722251,0.5199984745533999,0.5304470373493497,353408000
2015-09-02,0.539680540561676,0.5399235128424418,0.5292319793557824,0.5382225910104713,344044000
2015-09-03,0.5411384701728821,0.5503721117013983,0.5401665231523285,0.5476991849782474,262556000
2015-09-04,0.5285031199455261,0.5404096333016611,0.5282601476117226,0.5319049643520454,287972000
2015-09-08,0.5511009097099304,0.5532878334846938,0.5391944598916736,0.5413813257331467,238448000
2015-09-09,0.540166437625885,0.5574186827923372,0.5389514605925875,0.55280192069237,289392000
2015-09-10,0.5486711859703064,0.5554749316500558,0.5345778079526894,0.537007704709748,357076000
2015-09-11,0.5503722429275513,0.5540170596069927,0.5404096242748907,0.5425965490425454,301584000
2015-09-14,0.5513442158699036,0.5547460603781099,0.54842831604383,0.5530451381240068,192460000
2015-09-15,0.5574188828468323,0.5603347824266114,0.5498862195101554,0.5515871416205884,327976000
2015-09-16,0.5613065361976624,0.5644654070093356,0.5523159261695517,0.5564467438617487,173508000
2015-09-17,0.5664094090461731,0.5761289945818774,0.5651944318875602,0.5710261716223229,268712000
2015-09-18,0.5659235119819641,0.5707833056548037,0.5552319774883789,0.5586338214727046,326412000
2015-09-21,0.5717551708221436,0.5729701480328003,0.5637365066183755,0.5666524055773101,281840000
2015-09-22,0.5562037825584412,0.563250498964024,0.5532878839262564,0.5593626534322095,228356000
2015-09-23,0.5588767528533936,0.562278596588624,0.5545029620414267,0.556689828480757,161632000
2015-09-24,0.5695682764053345,0.5754000161018726,0.546727204199503,0.5554748427109598,382440000
2015-09-25,0.5736992359161377,0.5848767735520582,0.5681104670981775,0.5766150775168256,369692000
2015-09-28,0.5661665797233582,0.5773441186417303,0.562521762820983,0.5736993017393551,395584000
2015-09-29,0.5761290788650513,0.57710102597415,0.5642225674619942,0.5722412324953481,380736000
2015-09-30,0.5989702939987183,0.5996992690540779,0.5780731635672814,0.5814750085367416,556380000
2015-10-01,0.5873066782951355,0.6006710828251862,0.5702973413660113,0.5989701607189366,489296000
2015-10-02,0.6026149988174438,0.6026149988174438,0.5780730000512562,0.5841477711498101,386144000
2015-10-05,0.6176801323890686,0.6252127922027761,0.6033437293823751,0.6065025998053173,482024000
2015-10-06,0.6256990432739258,0.6283719124122689,0.6086897654299678,0.611119662264819,453216000
2015-10-07,0.6322597861289978,0.6385775297580071,0.6169514296176726,0.627157019936327,310152000
2015-10-08,0.6359047293663025,0.6376056516147176,0.6188953910155135,0.6295869850531499,460068000
2015-10-09,0.6334746479988098,0.638577413260569,0.6215681377880692,0.6325026430537394,423248000
2015-10-12,0.6402782797813416,0.6439231531776773,0.6295867477075852,0.6342035100985476,227588000
2015-10-13,0.6414930820465088,0.6453808686985528,0.6329884183952792,0.6351753418370151,298444000
2015-10-14,0.6648204922676086,0.675269055541504,0.6414934686313151,0.6422223856178813,612148000
2015-10-15,0.6665213704109192,0.680128804794397,0.659231679626911,0.6660353678519936,526048000
2015-10-16,0.6769698858261108,0.6832876289853854,0.6670072685621361,0.6687082484332019,448396000
2015-10-19,0.6757547855377197,0.6823155577325561,0.6679791520845213,0.6791566867276231,294712000
2015-10-20,0.6747828722000122,0.6779417433622481,0.6677361551509243,0.6728389782232367,264824000
2015-10-21,0.6660352945327759,0.6830446290896677,0.6648203751691729,0.6789137526268213,386280000
2015-10-22,0.6900911927223206,0.6922781167921355,0.6728389462159089,0.6738108931580606,306884000
2015-10-23,0.6947080492973328,0.6993248699296384,0.6857174382308908,0.6961659987531452,381776000
2015-10-26,0.6915491819381714,0.696894977327892,0.6852314395503112,0.6951940555978221,247436000
2015-10-27,0.6910632252693176,0.6954370156507846,0.6876613239356206,0.6881473263928061,208268000
2015-10-28,0.6966519951820374,0.6966519951820374,0.6852314298326281,0.695437018001617,217036000
2015-10-29,0.6725958585739136,0.6925210298857578,0.6713809394833329,0.685474371707145,327168000
2015-10-30,0.6893623471260071,0.6942221986134431,0.6747829664636256,0.6798857902487753,301160000
2015-11-02,0.6973811388015747,0.6981101137602743,0.6874185775882126,0.6915493970652974,190088000
2015-11-03,0.6925211548805237,0.697137975711276,0.6847455206708027,0.6932501296397637,376768000
2015-11-04,0.6811006665229797,0.6956800462617587,0.6779417951195804,0.6905772807331777,442264000
2015-11-05,0.6733249425888062,0.6864464300851896,0.6713810485547581,0.6845024781178389,478800000
2015-11-06,0.7666332125663757,0.7761098280597131,0.7245959895010339,0.739904346092843,1172272000
2015-11-09,0.7632311582565308,0.7654180822912582,0.752539568264506,0.7591003403686882,492568000
2015-11-10,0.7486518621444702,0.7573995013033784,0.7326145333420224,0.7532686250320662,552260000
2015-11-11,0.7413623332977295,0.7544837659153958,0.7386894059620449,0.7491379691773425,619896000
2015-11-12,0.7386893630027771,0.7464650563635025,0.7355304911958145,0.7396613101895396,291080000
2015-11-13,0.7241100668907166,0.7425772973527184,0.720465192093398,0.7394184251728154,292940000
2015-11-16,0.7386893630027771,0.7391753655628147,0.7277547978350891,0.7335865968222894,344280000
2015-11-17,0.7386893630027771,0.7450071066167023,0.7355304911958145,0.7406333153096147,257048000
2015-11-18,0.7568606734275818,0.7578363692828225,0.7336889727014323,0.7417380855107999,350216000
2015-11-19,0.7590559124946594,0.7666171774822239,0.7534459229383089,0.759543760429107,254072000
2015-11-20,0.7656415700912476,0.7700320272153034,0.7600315803127032,0.7646659323369986,239744000
2015-11-23,0.7541780471801758,0.7719836625698185,0.7514950275670282,0.7719836625698185,242552000
2015-11-24,0.7602757811546326,0.7668614108338083,0.7507631791054633,0.754177941434916,195428000
2015-11-25,0.7592999935150146,0.7678369564641689,0.7566169746010759,0.7588122036142817,138300000
2015-11-27,0.7656415700912476,0.768080693553515,0.7568607139964264,0.7607633231667126,86996000
2015-11-30,0.7736907005310059,0.7771055199767233,0.7656415871112643,0.76637332998154,327244000
2015-12-01,0.7988138794898987,0.7995456224909575,0.7797886777689754,0.7805204207700343,409496000
2015-12-02,0.7927160263061523,0.8083264076908913,0.7910086453854231,0.8000333980321207,294240000
2015-12-03,0.791008472442627,0.8073505932423196,0.7871058634113671,0.7990575853966978,246656000
2015-12-04,0.8232051134109497,0.8246685994031059,0.7910086541967218,0.7910086541967218,458756000
2015-12-07,0.8075945973396301,0.8229610813912294,0.8051554738100635,0.8229610813912294,333588000
2015-12-08,0.8185706734657288,0.8219854349822064,0.7924720559422269,0.7975941982169434,314488000
2015-12-09,0.797838032245636,0.8232049630680791,0.7895450240090486,0.8183267160873464,372676000
2015-12-10,0.8044235110282898,0.8088139089199772,0.7975939321205495,0.800276949823621,236596000
2015-12-11,0.7924719452857971,0.8019845437419514,0.7907645647659676,0.7963745542539595,227320000
2015-12-14,0.7944231629371643,0.7988136195146353,0.7849105651725939,0.7932036304345002,275892000
2015-12-15,0.804179847240448,0.8097898376576725,0.7990577048325332,0.8034481043031321,307296000
2015-12-16,0.8090580701828003,0.8117411469226842,0.798813785677665,0.8058872036016979,236356000
2015-12-17,0.7968622446060181,0.8185704570333778,0.7963744548916631,0.8102774503565421,254160000
2015-12-18,0.7839349508285522,0.7993014329996336,0.7829593131667805,0.791252320521768,395896000
2015-12-21,0.8024724125862122,0.803204155474423,0.7853985475523101,0.7924720233694861,284216000
2015-12-22,0.8032044172286987,0.8112535334688311,0.798326168486395,0.8049117984731738,130012000
2015-12-23,0.8063749670982361,0.8095458333470715,0.8029602059543484,0.8044236916312401,122524000
2015-12-24,0.8090580701828003,0.8110094040075608,0.8027163370205954,0.8039359279302327,52448000
2015-12-28,0.8083263635635376,0.8083263635635376,0.789301221375942,0.8005212023739103,142024000
2015-12-29,0.8214976191520691,0.8239367427514375,0.8066189244886163,0.8088141531740359,203660000
2015-12-30,0.8144242167472839,0.8278394268308105,0.8141803218113304,0.8207659503084674,180344000
2015-12-31,0.8039360642433167,0.8168634276802623,0.8039360642433167,0.8132047706375899,148528000
2016-01-04,0.7895452380180359,0.7946673812901927,0.7814961225027569,0.7875939619581591,358076000
2016-01-05,0.8022283911705017,0.8156435978011876,0.7927157932771035,0.8044236194889668,490272000
2016-01-06,0.7690564393997192,0.7927159327047139,0.7600316296653422,0.7890572181970888,449344000
2016-01-07,0.7385672330856323,0.7549093526083934,0.7288106821931906,0.7497871532130369,645304000
2016-01-08,0.722713053226471,0.7488116709022518,0.7212495673813569,0.7480799279796948,398472000
2016-01-11,0.7239323854446411,0.7290545844835402,0.7110050276495524,0.7234445957335991,409372000
2016-01-12,0.7361282706260681,0.7468604623528515,0.7310061278609904,0.7368600136144079,469356000
2016-01-13,0.7136883735656738,0.7466165757977854,0.7129566305691112,0.7417382697696006,481672000
2016-01-14,0.6992974281311035,0.7073465418262822,0.6785648484548448,0.6990534750638024,600236000
2016-01-15,0.6612472534179688,0.6792968206736095,0.649783374443428,0.671247704261134,841452000
2016-01-19,0.6666130423545837,0.6939312465334057,0.6639299660214566,0.6749060499310269,457140000
2016-01-20,0.6702717542648315,0.678808715591986,0.6451487763980053,0.6539296326291868,481180000
2016-01-21,0.6780770421028137,0.6885652800418526,0.6636861945335958,0.6775892522448521,481456000
2016-01-22,0.6939313411712646,0.6985656935120718,0.6895408837473546,0.6910043695553245,257996000
2016-01-25,0.6931996941566467,0.7017366571151822,0.6917362081462347,0.6936875422112183,270728000
2016-01-26,0.700029194355011,0.7029561662769669,0.6875896799932993,0.6946631567024925,227944000
2016-01-27,0.691736102104187,0.7012487015602966,0.6785648463362159,0.6990534728812036,231700000
2016-01-28,0.6841747760772705,0.6997851540609177,0.6707595684258331,0.6973460306836825,276776000
2016-01-29,0.7144198417663574,0.7158833273156915,0.6873455917168148,0.6900286097884043,310504000
2016-02-01,0.7146638035774231,0.7183224593424428,0.7075903287708908,0.7136881659169702,289884000
2016-02-02,0.6844187378883362,0.7110052027456883,0.6795404906568933,0.7073465463987532,341908000
2016-02-03,0.6878334283828735,0.6939312658699495,0.6719791555923951,0.6897847619661847,326772000
2016-02-04,0.6880776882171631,0.7036880730773535,0.6812481048604264,0.6888093732146892,348140000
2016-02-05,0.644661009311676,0.6910044197816747,0.6427097335280818,0.6834431534286238,600428000
2016-02-08,0.6151476502418518,0.63807540319171,0.6061228395051664,0.6349045363173721,608852000
2016-02-09,0.6217330694198608,0.6475877855882781,0.6049031027936358,0.6078300737384684,425372000
2016-02-10,0.620269775390625,0.6436853757165507,0.6168550136698918,0.6256358710612764,335800000
2016-02-11,0.6170989274978638,0.6234406612609691,0.6044154599716531,0.6044154599716531,340144000
2016-02-12,0.6275869607925415,0.6288065514188217,0.6036835195276417,0.6268552180474297,340816000
2016-02-16,0.6583200693130493,0.6592957652915341,0.6346605758240406,0.6366118514744207,485352000
2016-02-17,0.6746624708175659,0.6810042059865554,0.6639302767685158,0.6666133543574352,771468000
2016-02-18,0.7327134013175964,0.7556412092317825,0.7292986399750451,0.7300303828560623,1068660000
2016-02-19,0.7424700856208801,0.7490557732361631,0.7232009871783254,0.7288109786002503,525628000
2016-02-22,0.7688125371932983,0.777349499507014,0.751738670719165,0.7532021566190361,449668000
2016-02-23,0.770763635635376,0.7780810047459082,0.7590558101665561,0.7627145237984624,369380000
2016-02-24,0.7761297225952148,0.7773493132706855,0.7463723963224845,0.7675928204800571,336852000
2016-02-25,0.777837336063385,0.7817399459795406,0.7639343354866382,0.7790569271042531,349616000
2016-02-26,0.7727149724960327,0.7834471030843291,0.7649097548936618,0.7814958277603788,361964000
2016-02-29,0.7676967978477478,0.7838536786733059,0.7672072307713209,0.7738168532244722,323344000
2016-03-01,0.8017240166664124,0.8017240166664124,0.7684310125493818,0.7696550466613304,348700000
2016-03-02,0.8063753843307495,0.8093130201987003,0.795848933624156,0.7973177515581314,233812000
2016-03-03,0.7992761135101318,0.8088233123781399,0.7885048220016013,0.8053961097914105,302004000
2016-03-04,0.7968282103538513,0.8061306269623473,0.7907081548853654,0.805396217971522,175304000
2016-03-07,0.7916873097419739,0.7978073649192087,0.7814056427248951,0.7924217186978489,239968000
2016-03-08,0.7772439122200012,0.7882599865110853,0.7747959021958896,0.7836087499557243,274940000
2016-03-09,0.7767541408538818,0.7853221445012689,0.7667172615403245,0.7840981689938482,222788000
2016-03-10,0.775530219078064,0.785811883306209,0.759862968454588,0.7814054307662229,286084000
2016-03-11,0.7887495756149292,0.7889944174798202,0.7777335593800968,0.7870359743865145,277400000
2016-03-14,0.7907078862190247,0.7938903046428888,0.7814054144061434,0.7850774581125846,190312000
2016-03-15,0.7867911458015442,0.7916871657065068,0.772837494908917,0.7865463623158444,226216000
2016-03-16,0.81029212474823,0.8129849767899526,0.7772439582816153,0.7809160027179798,363644000
2016-03-17,0.8034376502037048,0.8112712470491839,0.7924215762115647,0.8073544778090249,353680000
2016-03-18,0.8276728987693787,0.8384441300313773,0.807843978874282,0.8129848402216104,545512000
2016-03-21,0.830120861530304,0.8303656449826948,0.8115159767500761,0.8203288230528318,337780000
2016-03-22,0.8286520838737488,0.8345272955693024,0.8183704196326631,0.8274281081878716,242012000
2016-03-23,0.8428506255149841,0.8489706210388105,0.8286521331770266,0.8323241771834499,429008000
2016-03-24,0.8440744876861572,0.8455433050910671,0.8325688486229496,0.8352616416218498,244956000
2016-03-28,0.8526426553726196,0.8563146409722275,0.8416265818434785,0.8426057741123633,265388000
2016-03-29,0.8663516044616699,0.8683099891853184,0.8470123072636929,0.8489706919873413,261812000
2016-03-30,0.8754090070724487,0.8874042708728433,0.8690441708369271,0.8695337960724091,376700000
2016-03-31,0.8722266554832458,0.8812842852919114,0.8653722518545758,0.8793259009309067,379884000
2016-04-01,0.884956419467926,0.8854460447908491,0.8602314787809218,0.8668410996320058,348292000
2016-04-04,0.8763882517814636,0.8969515790635922,0.8729610500228264,0.8923003433253546,393940000
2016-04-05,0.8751643896102905,0.883242828154334,0.8651275081180535,0.8685547686861023,339568000
2016-04-06,0.8763882517814636,0.8768778770463344,0.8477465453676126,0.8641482038112216,453376000
2016-04-07,0.8673307299613953,0.8785915871671908,0.8636587442963348,0.8707579321461609,378104000
2016-04-08,0.8729611039161682,0.8800603496867352,0.8643930406254625,0.874429921436307,255936000
2016-04-11,0.8783468008041382,0.8927900766670015,0.8754091655896035,0.8781019589594873,387524000
2016-04-12,0.8773675560951233,0.8825083590482179,0.8602314295211623,0.8812843249935823,292764000
2016-04-13,0.8993997573852539,0.8996445408810344,0.881284436298735,0.881284436298735,350716000
2016-04-14,0.9018477201461792,0.9057645476990889,0.8932796562263668,0.8969517002963323,416564000
2016-04-15,0.9089468121528625,0.9170252493703875,0.8986651488673352,0.9016027836246717,436972000
2016-04-18,0.9050300717353821,0.9072332980138904,0.8962172249865045,0.9072332980138904,307320000
2016-04-19,0.8888732194900513,0.9101708989888244,0.8832427910936315,0.9084572979592824,309152000
2016-04-20,0.8923006057739258,0.8976862518109504,0.8864253926931888,0.8874045851457834,200172000
2016-04-21,0.8913211822509766,0.8967068268918009,0.8874043550908456,0.8925451579081181,178280000
2016-04-22,0.8878941535949707,0.9003789878862629,0.8849565180604708,0.8942589916762762,223540000
2016-04-25,0.8923006057739258,0.8971966264020682,0.8856909837624504,0.8881389940765216,191972000
2016-04-26,0.8930349349975586,0.9079678374361879,0.889118107171604,0.8976861716887026,214536000
2016-04-27,0.913353443145752,0.9138430685208602,0.8891181251986241,0.8908317264637545,352396000
2016-04-28,0.8861802220344543,0.9131083838640947,0.8839770544247814,0.907722739825137,381224000
2016-04-29,0.8697788119316101,0.8844668725392564,0.8602315550270906,0.8825084878043027,321904000
2016-05-02,0.8812847137451172,0.8866703609039446,0.8739406812731791,0.8781022938374259,256076000
2016-05-03,0.870758056640625,0.8749196682264307,0.8631692423800578,0.8712476820363773,224024000
2016-05-04,0.8509292006492615,0.8609660252704411,0.8421163519833914,0.8602316163511878,525764000
2016-05-05,0.8560699224472046,0.8661068044689695,0.8497050846688081,0.8580283654987222,246884000
2016-05-06,0.8648828864097595,0.8670861132516481,0.8528876180908163,0.8546012195127838,183240000
2016-05-09,0.863658607006073,0.8707577937273869,0.8565593619196085,0.8670858086460383,333336000
2016-05-10,0.880305290222168,0.8817741080043839,0.8607212087663992,0.8690444317120676,269676000
2016-05-11,0.8827531337738037,0.8925451726533222,0.8781018977964857,0.8829979756014006,328176000
2016-05-12,0.870758056640625,0.8930349907569105,0.8550908027237383,0.8891181626863969,670540000
2016-05-13,1.0031955242156982,1.00368509122459,0.954724888425471,0.9593760668357715,2110256000
2016-05-16,1.032815933227539,1.0477488871281553,0.9924237561403705,0.995606173629974,973032000
2016-05-17,1.0350197553634644,1.0423637277088205,1.0149459897101305,1.02816523331604,628392000
2016-05-18,1.0614582300186157,1.073453555911956,1.0281652211532166,1.0281652211532166,541072000
2016-05-19,1.0661094188690186,1.0736982910270076,1.0558278114784496,1.0572965124796774,398880000
2016-05-20,1.0852041244506836,1.089610578424162,1.0710056283563747,1.0727192298910024,391084000
2016-05-23,1.086917519569397,1.0940167079031735,1.0803078982295837,1.0898551549938313,413636000
2016-05-24,1.1133017539978027,1.1167379727461377,1.0872854549849162,1.0902307184643822,415788000
2016-05-25,1.1086387634277344,1.1214013791629331,1.0998029713416826,1.1167381809898858,458076000
2016-05-26,1.1204197406768799,1.1285191585149434,1.10741158830161,1.1106022716024673,309964000
2016-05-27,1.1265554428100586,1.1282734936723184,1.1179650714653218,1.1216467093416822,277416000
2016-05-31,1.1466811895370483,1.1491356147336234,1.1307277768596156,1.131464151231962,412524000
2016-06-01,1.148890495300293,1.1599350604654695,1.1378458131016511,1.1412819156463903,387132000
2016-06-02,1.156989574432373,1.1668070408371367,1.143735889455854,1.1550259875246753,329208000
2016-06-03,1.1407907009124756,1.1471720661972467,1.1206649285733907,1.1456995514700892,461076000
2016-06-06,1.1349003314971924,1.1525717962229909,1.129009804244112,1.14373600534337,322512000
2016-06-07,1.1371095180511475,1.1481542010221037,1.1366186796628523,1.1417728338403723,193400000
2016-06-08,1.1334277391433716,1.141527155881611,1.1241011096791087,1.1373546794265101,234616000
2016-06-09,1.1628801822662354,1.1645982333282365,1.127046412077696,1.1295008376139555,472168000
2016-06-10,1.133918285369873,1.1594437417363108,1.1324456538846235,1.1491354383729804,400024000
2016-06-13,1.1483995914459229,1.1707343760224398,1.1351460190262006,1.1351460190262006,475588000
2016-06-14,1.1506085395812988,1.156008112542585,1.1329370715775409,1.145699804971003,298344000
2016-06-15,1.1623891592025757,1.1724520448280817,1.1474175403182791,1.1601802701978212,301036000
2016-06-16,1.1670527458190918,1.1690162161743227,1.142509073795057,1.153799174629459,246456000
2016-06-17,1.1466811895370483,1.1687705481724837,1.1420178752903039,1.1685251290595131,471000000
2016-06-20,1.1672979593276978,1.1822695790696138,1.1643526957970234,1.1650890701964116,293768000
2016-06-21,1.1601804494857788,1.1753974898295585,1.1584622813979248,1.1722068068666023,212508000
2016-06-22,1.1591988801956177,1.1702435631303925,1.1572354096153956,1.1626349829693745,202620000
2016-06-23,1.1901233196258545,1.1913505320047004,1.1695065963882187,1.1702429706288917,297880000
2016-06-24,1.1223829984664917,1.162389241734547,1.1118292738758007,1.1412816755197244,1017684000
2016-06-27,1.1103569269180298,1.121647028814338,1.0939125539334411,1.1130566550228516,449088000
2016-06-28,1.1265554428100586,1.1326912718704512,1.1110928680162822,1.1314641762784352,381920000
2016-06-29,1.144963264465332,1.1537990557033244,1.1334277456547153,1.1363730094007127,318932000
2016-06-30,1.1537988185882568,1.1609164403171481,1.1375999883477104,1.1469264989154313,430940000
2016-07-01,1.1452083587646484,1.1623889810540176,1.1412814195728345,1.1474173644642816,218488000
2016-07-05,1.1621438264846802,1.164107296527468,1.1297461611616373,1.1388272539970714,371084000
2016-07-06,1.1695069074630737,1.176379228392517,1.1481539213385399,1.1540444486970782,273104000
2016-07-07,1.1999411582946777,1.2041136348688473,1.1719613861368867,1.1773609584386497,395400000
2016-07-08,1.2480467557907104,1.2539372831053173,1.2080405113514687,1.2127038259699585,481932000
2016-07-11,1.2767630815505981,1.2860895950737572,1.2644911869199444,1.2659638189569613,448776000
2016-07-12,1.2959070205688477,1.307687958373076,1.2747993363291628,1.2909982867309653,436760000
2016-07-13,1.2954161167144775,1.3057245401068847,1.2934526465080265,1.2983613805408796,324604000
2016-07-14,1.3086695671081543,1.3204506213353602,1.2914890580825462,1.3022883187796714,316892000
2016-07-15,1.2934523820877075,1.299342908536312,1.272344818358111,1.2919797504755564,428616000
2016-07-18,1.300079584121704,1.3113696854251284,1.2951708495129746,1.3094062149883294,252992000
2016-07-19,1.313578486442566,1.3187326394198784,1.296888697758742,1.299343123195622,382652000
2016-07-20,1.3307589292526245,1.3378766690338497,1.3125966266627895,1.3179961985047837,296460000
2016-07-21,1.3062152862548828,1.331986167367751,1.3017973908269345,1.327813691069115,361308000
2016-07-22,1.3418036699295044,1.3418036699295044,1.3013065866948872,1.3108786351897463,315768000
2016-07-25,1.3665927648544312,1.3697834477017234,1.3440125657864317,1.3499030932071086,312528000
2016-07-26,1.389909267425537,1.3970268901676983,1.3766556984389249,1.3786191684677858,514508000
2016-07-27,1.3759194612503052,1.4043901891251682,1.3675746250203493,1.401935763569236,446676000
2016-07-28,1.3788650035858154,1.3891733121223582,1.3746925261114193,1.3791104227842843,221916000
2016-07-29,1.4014450311660767,1.4051265527447026,1.3592298914952199,1.3840189829092742,409588000
2016-08-01,1.392363429069519,1.4124893165877912,1.3832823372548524,1.4073351644172893,301120000
2016-08-02,1.375428318977356,1.3997265648505057,1.362174751598079,1.398990190533087,282748000
2016-08-03,1.3791099786758423,1.3818098230565317,1.3661018290781464,1.3737104069479014,299828000
2016-08-04,1.4046353101730347,1.4110166748240203,1.383036908218467,1.3857366353168958,272712000
2016-08-05,1.4284428358078003,1.4291790931589428,1.4139620546010687,1.420834258012145,371588000
2016-08-08,1.4416964054107666,1.4515138723001972,1.4264792498087435,1.44807777059224,305064000
2016-08-09,1.4453779458999634,1.4593678890727781,1.4416964250247,1.4488140476546676,372344000
2016-08-10,1.4360514879226685,1.4603497392496407,1.4313881729770734,1.458140849868444,375740000
2016-08-11,1.4652584791183472,1.4713944260200673,1.4407148085449195,1.4436600724204214,681064000
2016-08-12,1.5472345352172852,1.5555793719999926,1.4880843032093958,1.5192547608203344,1425744000
2016-08-15,1.5457615852355957,1.5585243154663009,1.5248994390533612,1.548952267793272,573304000
2016-08-16,1.5364350080490112,1.5460069382795347,1.5317716939691286,1.5435526302042142,287652000
2016-08-17,1.5008468627929688,1.539871434427449,1.4888205049166008,1.536435332177058,595212000
2016-08-18,1.5241633653640747,1.5266176738400163,1.4927473742311825,1.4986379018269622,331684000
2016-08-19,1.528090476989746,1.5396259972963748,1.5168003758548703,1.5234271616260513,291560000
2016-08-22,1.534471869468689,1.5366808761186472,1.514591511819855,1.53275381820398,244748000
2016-08-23,1.5468885898590088,1.5569700176404508,1.542462554278468,1.5500851515701082,339764000
2016-08-24,1.5230377912521362,1.5530363299475218,1.5159070516171222,1.5522987157435348,298448000
2016-08-25,1.5129563808441162,1.5242672862026445,1.4940229929444264,1.5235296719886433,406032000
2016-08-26,1.5252509117126465,1.533856997249353,1.5048420605837463,1.516890697584257,300024000
2016-08-29,1.5242670774459839,1.5375450694724764,1.5218082464869427,1.5313979334503216,274652000
2016-08-30,1.5154151916503906,1.5304144012138627,1.5112350264036314,1.5223000593517733,285544000
2016-08-31,1.5082844495773315,1.5225460460742293,1.5038585298620777,1.5183659977599209,388544000
2016-09-01,1.5527905225753784,1.5584459167865,1.5082845141243157,1.5095139884307762,428492000
2016-09-02,1.537545084953308,1.557708061816156,1.5200870449459376,1.5559868449527658,323148000
2016-09-06,1.5520524978637695,1.5520524978637695,1.5350862011867112,1.5429546711127025,306812000
2016-09-07,1.5291848182678223,1.5547573161955843,1.5203328628884973,1.5471347176404011,397988000
2016-09-08,1.5402498245239258,1.542708772629055,1.5102514080355838,1.5277094471357848,315808000
2016-09-09,1.4635330438613892,1.531890234367326,1.4507467899179554,1.523284147001225,697760000
2016-09-12,1.493776798248291,1.4967274891955367,1.4094368211265575,1.4441072638830377,598260000
2016-09-13,1.4721386432647705,1.5073008299541724,1.4637784301303711,1.4900885436780977,471768000
2016-09-14,1.4851707220077515,1.4900885011965546,1.4632866456547649,1.47558103500222,319048000
2016-09-15,1.5414795875549316,1.543200804651556,1.4841873288053937,1.4876298802477632,515212000
2016-09-16,1.5451676845550537,1.5552491143670055,1.527463655916187,1.5468889014193112,902444000
2016-09-19,1.5655765533447266,1.6046729162375801,1.554265649267285,1.5613963881914759,417128000
2016-09-20,1.5513150691986084,1.583526566847884,1.5427089841488797,1.583526566847884,331112000
2016-09-21,1.5948375463485718,1.5977882377177022,1.5557411788303943,1.5559870502363018,336212000
2016-09-22,1.598771333694458,1.6090987509694532,1.5896735076475694,1.6041809723024862,308732000
2016-09-23,1.5970503091812134,1.6054105221960524,1.58991957029332,1.60073873156205,276132000
2016-09-26,1.5820515155792236,1.588444642019664,1.562134521937453,1.5788549523590034,230040000
2016-09-27,1.6361463069915771,1.6386052546970886,1.5751658812332996,1.575903495195505,402752000
2016-09-28,1.6420482397079468,1.6432777139740262,1.6211476461810748,1.63860580556222,319788000
2016-09-29,1.6572930812835693,1.662456849001382,1.62409810166393,1.639343181702375,336684000
2016-09-30,1.6848329305648804,1.7013074861147193,1.6565556103532124,1.6663911694053284,429932000
2016-10-03,1.6831116676330566,1.7091760291991558,1.680161093591739,1.6848330019267417,242596000
2016-10-04,1.6794229745864868,1.7138474247828743,1.6668825981206212,1.6855702271481143,281624000
2016-10-05,1.6777018308639526,1.7108969257901816,1.6725381806974093,1.6936846413192745,305440000
2016-10-06,1.655818223953247,1.6678667444122397,1.629262117060306,1.6575394411616746,360212000
2016-10-07,1.6437697410583496,1.6713093362360476,1.639097831838572,1.6668832984621837,286260000
2016-10-10,1.6499165296554565,1.661227433713073,1.6344254604519162,1.652375360668448,287876000
2016-10-11,1.6260654926300049,1.646966087013352,1.613525112550172,1.6445072556295535,388540000
2016-10-12,1.6334421634674072,1.6420482488797945,1.6059025728986482,1.6194264381537025,419920000
2016-10-13,1.6068860292434692,1.6179510630001672,1.566314316968322,1.6142627574976405,390116000
2016-10-14,1.6226229667663574,1.6376221773834705,1.6130332786876005,1.6265571436580495,330636000
2016-10-17,1.6132792234420776,1.6376222518452201,1.6110662634960184,1.6223771691353308,195328000
2016-10-18,1.63786780834198,1.6472116236494618,1.6290158530105923,1.6356548488214082,269372000
2016-10-19,1.6344256401062012,1.642048239857645,1.6184428263930704,1.6268031576038768,199060000
2016-10-20,1.665407657623291,1.6708172974719975,1.6302455848522943,1.6536050095655008,312084000
2016-10-21,1.6607356071472168,1.6636861807640775,1.6449986673614911,1.6595061330782164,279508000
2016-10-24,1.738682508468628,1.7406495966872488,1.6718005710426822,1.6720465596629759,339836000
2016-10-25,1.767205834388733,1.7777791256110813,1.727371852560591,1.7357320666264064,397460000
2016-10-26,1.774336576461792,1.7937618233043355,1.7507311642326158,1.7524523812155555,333792000
2016-10-27,1.7379447221755981,1.7913026772577199,1.7308139836400607,1.7878602436716604,388664000
2016-10-28,1.7349942922592163,1.7728611820911393,1.7317977297718334,1.7463051966569478,290856000
2016-10-31,1.7497477531433105,1.7613045297346759,1.739666204958014,1.740649807811178,252388000
2016-11-01,1.6978652477264404,1.765730683352047,1.6791776130255662,1.7561409945843554,473224000
2016-11-02,1.6907339096069336,1.734010432464154,1.6877832189406765,1.7108968843269616,295848000
2016-11-03,1.6710628271102905,1.7000777571404733,1.6386054636526755,1.6986024117788459,309664000
2016-11-04,1.661473274230957,1.6899964638461793,1.6371302496840205,1.659997928750921,328780000
2016-11-07,1.7524524927139282,1.7635175267363237,1.7089300880920375,1.7101595623721082,487580000
2016-11-08,1.7497477531433105,1.7647469638470723,1.7335190681853736,1.7590914526273365,429884000
2016-11-09,1.7202411890029907,1.7433548625482216,1.6897510206864577,1.702291284571026,456532000
2016-11-10,1.6663910150527954,1.7581077178299176,1.641556248333935,1.7578618464637559,869280000
2016-11-11,2.1630876064300537,2.182758726679528,1.9302304918411075,1.9550653808178253,2175344000
2016-11-14,2.056617498397827,2.168497073841809,2.0561257556054975,2.166038125381929,1348796000
2016-11-15,2.119319200515747,2.1503011057965113,2.06374804602339,2.07260011945999,626092000
2016-11-16,2.253082275390625,2.2759498328176035,2.1232528360689495,2.1475958559417636,987984000
2016-11-17,2.2717702388763428,2.33078358647386,2.228985339094854,2.2698030334904797,832988000
2016-11-18,2.295621156692505,2.3194721991729272,2.2572624164691018,2.271769879713921,576060000
2016-11-21,2.286278247833252,2.3199650945225194,2.2720165330168665,2.3135719686216496,436436000
2016-11-22,2.3027524948120117,2.3049654546499023,2.271524599437203,2.294146409610084,330368000
2016-11-23,2.3140809535980225,2.3456017310368176,2.2845300926463836,2.3079243774522435,443236000
2016-11-25,2.3187594413757324,2.3419075998909253,2.300289951102526,2.325162138508615,195564000
2016-11-28,2.317528009414673,2.333042155005901,2.304968737874744,2.311617791613449,278736000
2016-11-29,2.29634952545166,2.3256542544322825,2.278619108770835,2.314818777991895,444568000
2016-11-30,2.2704930305480957,2.3187594997770784,2.2680304004697334,2.304968912247847,440500000
2016-12-01,2.1581997871398926,2.269754403590708,2.0875239882970913,2.2680306093469653,1035524000
2016-12-02,2.17814564704895,2.186764614034428,2.0961419299884274,2.123968981191214,478292000
2016-12-05,2.262612819671631,2.280589597773427,2.1916906654250154,2.2160701412692054,602284000
2016-12-06,2.2997970581054688,2.3081699047141733,2.2549781862426905,2.270738686721305,498796000
2016-12-07,2.34116792678833,2.3468317859212293,2.2680295323702278,2.2862526591860552,480804000
2016-12-08,2.302013874053955,2.3793387230120433,2.291424987119524,2.3441240042338714,381544000
2016-12-09,2.2611351013183594,2.321468125865324,2.233800519541448,2.3197443318739626,382312000
2016-12-12,2.206219434738159,2.2150847610421063,2.155736698463188,2.2126221312605705,601332000
2016-12-13,2.2451283931732178,2.2727093337472506,2.2175476874485187,2.2185326455531627,387796000
2016-12-14,2.375153064727783,2.3914060516215154,2.254979222698998,2.2788662238684814,983980000
2016-12-15,2.4308063983917236,2.461096088452176,2.3788459880340955,2.3862336428527167,746548000
2016-12-16,2.472670316696167,2.4798116150181424,2.406673193796165,2.458387250353563,1089528000
2016-12-19,2.502713441848755,2.522906489801455,2.437947639397064,2.4551858133707114,744656000
2016-12-20,2.5898890495300293,2.6135296897289324,2.564031901158339,2.5753598595938527,848056000
2016-12-21,2.60614013671875,2.60909524394879,2.5539336337366767,2.6014612365086185,576136000
2016-12-22,2.6376616954803467,2.6810028861636677,2.623378634965371,2.6305201652228587,718612000
2016-12-23,2.7034125328063965,2.7048902043482363,2.6169762627850868,2.619685014146113,647692000
2016-12-27,2.8890910148620605,2.8900759727649925,2.7388738967485207,2.7595596566550897,1194272000
2016-12-28,2.690361261367798,2.953364039027718,2.6765709116030547,2.9452375493664547,2295764000
2016-12-29,2.7440457344055176,2.7455234063549687,2.531525648873178,2.5832397049668114,2175368000
2016-12-30,2.628551721572876,2.756113217105124,2.617716475579737,2.7420765043200728,1212932000
2017-01-03,2.512071132659912,2.619439299024829,2.447305333164635,2.570926479918963,1501996000
2017-01-04,2.57068133354187,2.5980159231941164,2.5002516468401983,2.546301853704682,1199220000
2017-01-05,2.5054216384887695,2.605894611837689,2.4884298252038497,2.574127492534865,984296000
2017-01-06,2.5389134883880615,2.5672330284627556,2.492124458408783,2.5327569134700934,822856000
2017-01-09,2.641848564147949,2.6595792159415192,2.548763464204225,2.548763464204225,916248000
2017-01-10,2.621901750564575,2.6888835834663674,2.601215991116085,2.6549001880749112,880920000
2017-01-11,2.5896425247192383,2.6152533144620413,2.5647705709861452,2.6103282890457598,525664000
2017-01-12,2.547286033630371,2.578314559782131,2.502467155788635,2.566740481063856,625616000
2017-01-13,2.54703950881958,2.5857018057941867,2.537927826594289,2.5512256971711915,457820000
2017-01-17,2.489908456802368,2.541376160540737,2.4766105823190068,2.5364511349188064,580612000
2017-01-18,2.535219669342041,2.5421148457131393,2.440656881489454,2.4684839439225295,654424000
2017-01-19,2.5896425247192383,2.6216560118977417,2.5359585499501596,2.538174823129953,644872000
2017-01-20,2.5613231658935547,2.630029048476144,2.5394063197827474,2.6122983920712524,492024000
2017-01-23,2.587919235229492,2.607866167435872,2.5536894681965348,2.556152098809546,369904000
2017-01-24,2.6430797576904297,2.6492363315789857,2.5832392216194906,2.5980147641027447,428052000
2017-01-25,2.6544079780578613,2.691592842604154,2.6184544284123565,2.685436268100216,522760000
2017-01-26,2.7002124786376953,2.707600135016842,2.6275665255028944,2.657117385868843,458800000
2017-01-27,2.7524189949035645,2.7553741043958935,2.68051187857206,2.707107629153663,471996000
2017-01-30,2.7093238830566406,2.7337033600558334,2.6573636974600703,2.731487086664881,496004000
2017-01-31,2.6886379718780518,2.7100623363803122,2.664504620414469,2.682974110712364,362756000
2017-02-01,2.8061017990112305,2.8102879867418133,2.7053824744872688,2.7231128876763746,590004000
2017-02-02,2.8415637016296387,2.8501829069081888,2.7595601866535437,2.7900960011526825,483240000
2017-02-03,2.8166909217834473,2.8541221364898703,2.804870723599257,2.843040539233325,372744000
2017-02-06,2.8888444900512695,2.889336968974111,2.8073332396646085,2.8073332396646085,506768000
2017-02-07,2.933664321899414,2.9777443704131943,2.9033746271442804,2.9230751996135895,746224000
2017-02-08,2.92085862159729,2.938096561997288,2.8659430995597863,2.9156872394772906,449580000
2017-02-09,2.8659427165985107,2.931939830031249,2.8467348626333453,2.927014570661201,842568000
2017-02-10,2.79797625541687,2.972326277566185,2.7728579463061993,2.9533645434013907,1651092000
2017-02-13,2.6689372062683105,2.8068411893935346,2.6645044255872357,2.792312002129143,1180724000
2017-02-14,2.6787869930267334,2.712524264042176,2.617468789601527,2.659332549698083,850632000
2017-02-15,2.6842050552368164,2.7039056246997086,2.6536692430241278,2.6817426601909395,373020000
2017-02-16,2.6411097049713135,2.6950400212524057,2.6019546955580246,2.693808706538544,647176000
2017-02-17,2.640618085861206,2.645050867638549,2.5805314059514455,2.6275665672125146,563740000
2017-02-21,2.7351813316345215,2.7391213997441266,2.6649977675756937,2.665244124579149,551952000
2017-02-22,2.730988025665283,2.7566311277978808,2.7120021316946263,2.747261514699767,433772000
2017-02-23,2.4777629375457764,2.623238163170763,2.457791074465518,2.601293662991342,1592888000
2017-02-24,2.5016801357269287,2.5149947898198013,2.359656845208708,2.3934366985141073,1029904000
2017-02-27,2.574418067932129,2.5894586932048127,2.5041461823265454,2.5199265760139045,715400000
2017-02-28,2.502173900604248,2.593897437253338,2.484914202779895,2.584034484044283,625360000
2017-03-01,2.5344736576080322,2.57343141688114,2.4930501608142492,2.5591303273777637,504804000
2017-03-02,2.4410245418548584,2.5357069014297804,2.4383123712683568,2.521652477657923,754332000
2017-03-03,2.4269702434539795,2.4353534226811244,2.372478520321904,2.4304221822791034,864692000
2017-03-06,2.408230781555176,2.4188332648489874,2.346588753996947,2.3907244212734886,883568000
2017-03-07,2.4346134662628174,2.4540924639677093,2.395409273327779,2.408230826586633,603400000
2017-03-08,2.43017578125,2.4977354987385874,2.4279567110681763,2.482941305616891,638712000
2017-03-09,2.429682970046997,2.4521205775460366,2.401574117340854,2.4141492417784316,478060000
2017-03-10,2.443983554840088,2.467900696715974,2.4257376575347798,2.456065577283112,499740000
2017-03-13,2.511296510696411,2.5211592265030816,2.453599517411828,2.454339285762394,774136000
2017-03-14,2.509570360183716,2.533487262050806,2.4772698095247807,2.524117882584532,522016000
2017-03-15,2.5285556316375732,2.539404546022996,2.473570821236236,2.5211586552450416,615036000
2017-03-16,2.559623956680298,2.5601172924028957,2.5251045648417083,2.539158989438443,523100000
2017-03-17,2.6153483390808105,2.6165812079943196,2.559623745860428,2.577130108199134,1119688000
2017-03-20,2.69868803024292,2.7026333045640483,2.6168274679833314,2.6328545276554887,748568000
2017-03-21,2.611402750015259,2.7112630036722845,2.603512672093823,2.681428190937113,913484000
2017-03-22,2.6646618843078613,2.6693466920583524,2.596362405314903,2.6003074446980277,616764000
2017-03-23,2.640498161315918,2.6767437555776104,2.6308821128165722,2.656771655042277,533940000
2017-03-24,2.649867057800293,2.6947424872889707,2.6239775226023876,2.6868524104131257,439500000
2017-03-27,2.669099807739258,2.673044846802414,2.553952495726283,2.6032660718799345,506644000
2017-03-28,2.6552929878234863,2.6848811439275324,2.6449371684589345,2.670333616207111,432444000
2017-03-29,2.646662473678589,2.675017753430691,2.644443403678584,2.6626892993636937,349992000
2017-03-30,2.697455644607544,2.7122498380976516,2.6481420582167323,2.653813067743887,525532000
2017-03-31,2.685866594314575,2.7095373006963475,2.6727986073831933,2.6878392315616217,440808000
2017-04-03,2.6723053455352783,2.7036194608879462,2.6486346405824666,2.6863597678145896,445232000
2017-04-04,2.4849131107330322,2.574663970268276,2.474064196174899,2.5495139679585206,1271280000
2017-04-05,2.466421127319336,2.524118121910284,2.4533529051281207,2.466174459481665,747048000
2017-04-06,2.4844210147857666,2.4965028028379663,2.4264773424488473,2.4715994582397514,635120000
2017-04-07,2.473818063735962,2.508337686830194,2.4587774396804285,2.4908313250224237,429068000
2017-04-10,2.410696029663086,2.481214321805571,2.4065043237298434,2.474557113981268,756332000
2017-04-11,2.4193265438079834,2.4385588747554636,2.3756839737901276,2.380615214082827,618148000
2017-04-12,2.399355173110962,2.4336281383198592,2.394177263415727,2.419327278468128,414092000
2017-04-13,2.3544790744781494,2.396888776876378,2.3544790744781494,2.375190942720995,506892000
2017-04-17,2.4466958045959473,2.4469422372989325,2.3621228286216014,2.367300737132801,497292000
2017-04-18,2.448174238204956,2.454338580779541,2.4065043170415152,2.432393850417895,370116000
2017-04-19,2.457791805267334,2.4898454628534177,2.4511343588305983,2.46568188571867,380828000
2017-04-20,2.4967494010925293,2.501434209513152,2.4511341859597042,2.472339157788991,404016000
2017-04-21,2.5071046352386475,2.509816805481031,2.4745576517473378,2.486392768833292,341896000
2017-04-24,2.538419485092163,2.5514874747489897,2.5177078478342136,2.5386659178333795,371820000
2017-04-25,2.582554340362549,2.5971018624000712,2.531514796899994,2.5529661958169276,388440000
2017-04-26,2.5648021697998047,2.598581794111588,2.5628295322933545,2.5961162911606848,327004000
2017-04-27,2.604746103286743,2.6131292834951916,2.554199648734342,2.572199113328207,319700000
2017-04-28,2.5717053413391113,2.6047454232550895,2.566034098246857,2.5978415465991236,348248000
2017-05-01,2.6294026374816895,2.6345807811935456,2.5754042465955735,2.582554792535078,307732000
2017-05-02,2.551487445831299,2.603760109303401,2.5288031711719876,2.602527240174056,629972000
2017-05-03,2.5704727172851562,2.580088764929595,2.529788986586212,2.5445829422154547,336904000
2017-05-04,2.560609817504883,2.5877322243033514,2.5527195046109696,2.576636640807235,209788000
2017-05-05,2.560856580734253,2.568007126279278,2.533487502596974,2.549021462584145,228428000
2017-05-08,2.5339808464050293,2.5741712438808233,2.522638593602529,2.5726919422869488,365240000
2017-05-09,2.538172483444214,2.587239634254819,2.5312686052660673,2.5396520202799393,847672000
2017-05-10,2.9906246662139893,3.003692887607403,2.8113698191910705,2.8180270286533995,2129096000
2017-05-11,3.119086265563965,3.215987674202228,2.9565980304786685,2.9600499687127226,1939792000
2017-05-12,3.15336012840271,3.1955234028012334,3.1013343720329147,3.1222926752997475,962620000
2017-05-15,3.311657190322876,3.314122928576423,3.1900990691427547,3.194537445028288,1087540000
2017-05-16,3.373297929763794,3.3888318866303413,3.2882321092626126,3.362695447495046,1120700000
2017-05-17,3.1491682529449463,3.325217836774207,3.1449765457987438,3.306478606105791,1271368000
2017-05-18,3.2810819149017334,3.289958429036576,3.132647852753852,3.193057012142317,1156032000
2017-05-19,3.356858968734741,3.411654548042013,3.3376063788292822,3.382282160943465,1018372000
2017-05-22,3.428438425064087,3.44275434225173,3.389686324519008,3.400546902765279,836608000
2017-05-23,3.3822810649871826,3.4504055374875837,3.3496998057649607,3.4481841307939436,681248000
2017-05-24,3.4202938079833984,3.4820007741622003,3.4081990599470786,3.4792855113491186,815996000
2017-05-25,3.4126415252685547,3.4563300611327223,3.36771882204517,3.4555895136385217,608228000
2017-05-26,3.5010058879852295,3.5859146262382837,3.3842564317356194,3.404496258857719,779140000
2017-05-30,3.5757951736450195,3.61084454187252,3.5308724654514063,3.5469161721095777,989652000
2017-05-31,3.562960147857666,3.6283693779981014,3.506189619482518,3.6207176806880272,887316000
2017-06-01,3.563206195831299,3.5797437549685953,3.5177898755006214,3.5787562799051695,503340000
2017-06-02,3.5454351902008057,3.5864084668389804,3.5395112805825852,3.560244728852984,487456000
2017-06-05,3.653298854827881,3.6661339141001066,3.5175437280399082,3.5291446198367225,817376000
2017-06-06,3.636761426925659,3.69476588428931,3.623432748114296,3.6486090106505538,758728000
2017-06-07,3.680696487426758,3.6994554550305465,3.645647122380062,3.6611972077074006,612612000
2017-06-08,3.9477641582489014,3.949245017791207,3.7465993583348878,3.787819558012561,1161744000
2017-06-09,3.692544460296631,4.159049158150871,3.5234672879499245,4.066242026790177,3692928000
2017-06-12,3.701676368713379,3.744377660004456,3.5076698955579926,3.6007239382701126,1697532000
2017-06-13,3.736973285675049,3.820154234787517,3.5950471006274256,3.811021443481901,1672504000
2017-06-14,3.7448720932006836,3.8026298604821727,3.66539363724414,3.7399356586448547,1184640000
2017-06-15,3.7609150409698486,3.7912746586372794,3.616026923453383,3.627381120099129,963824000
2017-06-16,3.742403268814087,3.81842637541501,3.7083411451138577,3.770541718900664,924960000
2017-06-19,3.8830952644348145,3.8882786259416813,3.7828831378486933,3.786585404414543,778176000
2017-06-20,3.877418041229248,3.992193012446416,3.873222154821162,3.925302697424399,1095444000
2017-06-21,3.9361634254455566,3.9398659277608994,3.8431093662056073,3.9050632534128074,682652000
2017-06-22,3.9090120792388916,3.9576372830747117,3.8850697510569243,3.944308370154155,469132000
2017-06-23,3.796952486038208,3.9324609078713944,3.781895785484872,3.9166638952168724,1088588000
2017-06-26,3.7554850578308105,3.8653233547674932,3.6611968446795897,3.8297801379769107,1063960000
2017-06-27,3.61800217628479,3.7465994476442868,3.6123251948139403,3.7379605116248737,999492000
2017-06-28,3.745612859725952,3.7503026022944925,3.5975160480998394,3.6856336816185173,994948000
2017-06-29,3.6204702854156494,3.720188552562455,3.556294999850541,3.7172268335917615,1064424000
2017-06-30,3.568142890930176,3.651323836270244,3.5419791563358323,3.6377482314377665,731060000
2017-07-03,3.4390523433685303,3.595047537279027,3.4205403016683595,3.5802379980762433,709072000
2017-07-05,3.530872344970703,3.5597511101273605,3.483481303402643,3.502486964323459,820188000
2017-07-06,3.541485548019409,3.5883829668595095,3.4496656606181246,3.5017464412152846,746284000
2017-07-07,3.6224443912506104,3.6407097353800637,3.575300289290965,3.5982553743971706,654972000
2017-07-10,3.7937440872192383,3.8011488569280885,3.669836540307806,3.696000279646235,958492000
2017-07-11,3.847552537918091,3.85520423504278,3.755485715555714,3.7974464682183884,757956000
2017-07-12,4.0111985206604,4.023293030368826,3.8643361462714148,3.9072841315832414,1145208000
2017-07-13,3.964794874191284,4.10474609710608,3.9183913156947616,4.023292942130979,1369132000
2017-07-14,4.071425437927246,4.072906062238126,3.974175020153437,3.9810861695600277,941948000
2017-07-17,4.054147720336914,4.13436696924901,3.9924407506466304,4.105487964314764,930792000
2017-07-18,4.0963544845581055,4.1109173290578065,3.9813323526820366,3.9931801703744516,776640000
2017-07-19,4.075127601623535,4.131897890535368,4.063033090468467,4.105487225635089,687044000
2017-07-20,4.134366512298584,4.134613204563476,4.045755498165492,4.095614641306085,699596000
2017-07-21,4.14917516708374,4.178794710093554,4.099562726783968,4.113878878470933,648332000
2017-07-24,4.101042747497559,4.165958562117612,4.09042933570832,4.156332389705682,652524000
2017-07-25,4.081298351287842,4.095614505552068,4.037609811725018,4.078089468803546,496556000
2017-07-26,4.128441333770752,4.194344398825971,4.0936384328584605,4.138808055151729,640404000
2017-07-27,3.9921927452087402,4.164972391824122,3.8890186712122023,4.153371266893205,782856000
2017-07-28,4.057602882385254,4.082039069638215,3.931474163667702,3.956403500061353,513348000
2017-07-31,4.0111985206604,4.1072145216730105,3.9645482689279024,4.071177684765999,559672000
2017-08-01,4.060070037841797,4.061797824782619,3.973927382996061,4.001818666244579,431384000
2017-08-02,4.057602882385254,4.09512082159271,3.9805929950472776,4.091171862173042,478444000
2017-08-03,4.109189033508301,4.112891299534103,4.040077086044703,4.057108263021993,442420000
2017-08-04,4.127208709716797,4.197801302664501,4.109190287685617,4.131898216728335,589096000
2017-08-07,4.254077434539795,4.254570818984175,4.146706998765068,4.156333644870676,717412000
2017-08-08,4.20347785949707,4.3086261847999285,4.164232138983174,4.292088860545572,755336000
2017-08-09,4.248153209686279,4.250621544084613,4.138561610490842,4.157320575288858,530784000
2017-08-10,4.066239833831787,4.2617273306077355,4.056119807555897,4.249385662910375,1328088000
2017-08-11,3.849526882171631,3.924562520255597,3.774244551836861,3.878652574515585,1497196000
2017-08-14,4.156580448150635,4.160282714729137,3.929498839197511,3.9410997295706225,1279020000
2017-08-15,4.121531963348389,4.1879284414113,4.087222902807149,4.161764934488323,764532000
2017-08-16,4.076362133026123,4.1600369544238225,4.0440280247046125,4.136588476195936,596632000
2017-08-17,3.9855287075042725,4.085000290235291,3.9833075357987098,4.067969580941367,525444000
2017-08-18,3.986268997192383,4.056862047678545,3.940359057008289,4.03983086869939,601204000
2017-08-21,3.9282641410827637,4.02205872648921,3.884328920174787,4.0107047652723855,623672000
2017-08-22,4.015718460083008,4.0216475847857405,3.945557779368937,3.964827316852518,450456000
2017-08-23,4.09600830078125,4.107125350653623,3.9737207521851414,3.9823677653758303,579520000
2017-08-24,4.080938339233398,4.132571152882596,4.054504894440306,4.128123955977943,469700000
2017-08-25,4.046846389770508,4.1152779961109935,4.040422975156015,4.105149055342719,357200000
2017-08-28,4.075504302978516,4.078716010971737,4.010284390015232,4.065869650200142,389496000
2017-08-29,4.068831443786621,4.090571715370545,4.008552585087826,4.016705304732047,324096000
2017-08-30,4.093044281005859,4.104161331711971,4.0582107298063805,4.088597083762428,384400000
2017-08-31,4.1859331130981445,4.189885549037243,4.105890630916627,4.113301683903051,612684000
2017-09-01,4.2111310958862305,4.246705842781778,4.189885105757043,4.198532118661759,445432000
2017-09-05,4.098725318908691,4.16468641223386,4.040670038519264,4.15974539694931,695364000
2017-09-06,4.096254825592041,4.145417126803286,4.061421751476795,4.1315826609190855,397672000
2017-09-07,4.115277290344238,4.147639853686247,4.075008914801589,4.1130536923126,352868000
2017-09-08,4.043881893157959,4.118489539046791,4.019671574240675,4.103666962126179,498856000
2017-09-11,4.175062656402588,4.185685887389013,4.084150039855288,4.089585345662714,567444000
2017-09-12,4.1901326179504395,4.19976726883674,4.124912717795177,4.19976726883674,411488000
2017-09-13,4.208907604217529,4.237811553465769,4.132570663216223,4.164933228846362,580960000
2017-09-14,4.184945583343506,4.263011858360475,4.145418391274253,4.1698756234365035,513712000
2017-09-15,4.44952917098999,4.44952917098999,4.265233456670554,4.270421381099326,1364792000
2017-09-18,4.633330821990967,4.723502701628072,4.566875909933131,4.573793142843224,1684460000
2017-09-19,4.628389835357666,4.690151106835826,4.560946349731899,4.582933535780131,874280000
2017-09-20,4.5910868644714355,4.67952897699628,4.550818479622288,4.632096448835762,724920000
2017-09-21,4.465588569641113,4.513515393191882,4.3877692087374545,4.487328382624456,1075600000
2017-09-22,4.4221086502075195,4.503880921849881,4.412227087982027,4.45422478764327,491232000
2017-09-25,4.224471569061279,4.392462322984361,4.203719869831027,4.391226833534277,874580000
2017-09-26,4.2481865882873535,4.414201085197903,4.208412507519705,4.359110143046139,1125620000
2017-09-27,4.341323375701904,4.354664021722817,4.2677038556038775,4.338605958860897,713720000
2017-09-28,4.340089797973633,4.3524418681507795,4.292656793002539,4.348488960669431,435244000
2017-09-29,4.416426181793213,4.440142209971211,4.378875214843203,4.424084615084365,619092000
2017-10-02,4.4221086502075195,4.495728197152658,4.37269989667748,4.466576858225458,503480000
2017-10-03,4.431249141693115,4.4611416779382544,4.387027846566556,4.428284343413596,390332000
2017-10-04,4.4683074951171875,4.490541605735036,4.400863963416191,4.437426838281446,427848000
2017-10-05,4.465835094451904,4.496221919319482,4.435942559673739,4.492763302297276,437364000
2017-10-06,4.478926658630371,4.492267302754463,4.422106408830011,4.438164469408739,318800000
2017-10-09,4.579970359802246,4.6130746052840506,4.496963072230968,4.51573855818169,563492000
2017-10-10,4.667423725128174,4.766735976570185,4.626167232144283,4.729185009887465,974876000
2017-10-11,4.717080116271973,4.718562515356337,4.638025742724005,4.6839758735281745,529508000
2017-10-12,4.719303607940674,4.770194753738508,4.692128490948991,4.72053862634883,528292000
2017-10-13,4.807250022888184,4.817378961431546,4.7346190875014225,4.78155731247623,628728000
2017-10-16,4.889763832092285,4.892728629837149,4.773899705855443,4.837143384132633,576640000
2017-10-17,4.885317802429199,4.913727938457339,4.850731631821245,4.869012826113845,478596000
2017-10-18,4.881117820739746,4.894952288515025,4.7758769133917385,4.894211560199537,567316000
2017-10-19,4.886552333831787,4.891492877806077,4.7543832406963995,4.803545069448866,570772000
2017-10-20,4.864319324493408,4.9307742500192715,4.855425400948559,4.903599602879934,451620000
2017-10-23,4.857400894165039,4.912491845642332,4.837143015124431,4.886057933372628,428696000
2017-10-24,4.908292293548584,4.910021601793645,4.84060189138394,4.866541515059856,407244000
2017-10-25,4.784274578094482,4.921632046314851,4.722760691870354,4.868764228543667,828160000
2017-10-26,4.834425926208496,4.846036794074794,4.787981512340976,4.811944918704698,322744000
2017-10-27,4.986854076385498,4.987100985853059,4.860613600673474,4.886553702006832,572192000
2017-10-30,5.035768985748291,5.091353772569509,4.97104289425504,4.986854052928754,504056000
2017-10-31,5.1091389656066895,5.1358197838132,5.061953361622765,5.067635575330134,411908000
2017-11-01,5.118776798248291,5.1872084298641425,5.05454498438516,5.171891558342777,502576000
2017-11-02,5.087647438049316,5.133844945800292,5.031074079941591,5.089129837014909,342308000
2017-11-03,5.155586242675781,5.155586242675781,5.072826325374907,5.118776465752901,353640000
2017-11-06,5.178806304931641,5.187452845795196,5.106422271073551,5.118774337678306,389944000
2017-11-07,5.238096714019775,5.259590081209752,5.189429179121508,5.201534335501359,427700000
2017-11-08,5.167197227478027,5.237358158673502,5.1197646909971475,5.2336521604475195,522988000
2017-11-09,5.072330474853516,5.097281991357805,4.950043400160365,5.071095456539959,978564000
2017-11-10,5.339633464813232,5.40213594615253,5.228216059538987,5.264037716113875,1253256000
2017-11-13,5.252920150756836,5.365078273283198,5.237603286503175,5.3396329405273395,582376000
2017-11-14,5.291212558746338,5.306529425080058,5.21833422454635,5.2620612250663426,529292000
2017-11-15,5.18745231628418,5.237355810004245,5.133596859031673,5.236120320749201,501948000
2017-11-16,5.22772216796875,5.291707053116871,5.218828716103121,5.261567609348659,441768000
2017-11-17,5.2215471267700195,5.320118200368911,5.2064776376200745,5.284790824425731,515664000
2017-11-20,5.2887420654296875,5.300847223312574,5.200299491899664,5.237109255568532,396100000
2017-11-21,5.337410926818848,5.3490222687552755,5.296648717708606,5.328517473864212,399176000
2017-11-22,5.313430309295654,5.364604364296588,5.280797701577879,5.364604364296588,356640000
2017-11-24,5.363614082336426,5.364603349134628,5.30527091766763,5.32974560458883,180752000
2017-11-27,5.293900966644287,5.373504908559656,5.290687027216757,5.372269031910659,422896000
2017-11-28,5.209105014801025,5.308486274657715,5.148042528939202,5.299092009792155,512752000
2017-11-29,4.855832576751709,5.194519338607821,4.727526804829547,5.1918000329450456,1396788000
2017-11-30,4.961888313293457,5.010590148670049,4.861518727407207,4.924558805608327,823768000
2017-12-01,4.88698148727417,4.947549809155839,4.7581815604906845,4.927277851021323,811548000
2017-12-04,4.6145477294921875,4.95175143988543,4.561149012075899,4.945570644202645,1240844000
2017-12-05,4.641247272491455,4.763866851278657,4.464240178847123,4.509233430866469,981488000
2017-12-06,4.6788249015808105,4.70057981590424,4.569554753420891,4.590815505787302,467032000
2017-12-07,4.74631404876709,4.786116241951885,4.700084450441946,4.7455723344184895,542600000
2017-12-08,4.733953475952148,4.815287901729101,4.725548008571821,4.796251823887119,466876000
2017-12-11,4.812323093414307,4.815289952119391,4.7322249813078265,4.748046655972543,372748000
2017-12-12,4.717883586883545,4.792048882545591,4.694398169264545,4.768810545835548,455016000
2017-12-13,4.602683067321777,4.760159977080616,4.595266392479959,4.758924100371328,554280000
2017-12-14,4.609850883483887,4.680802257628915,4.56362128027844,4.59625388589069,438164000
2017-12-15,4.735684394836426,4.755956350678538,4.588837670049454,4.653855800100561,670036000
2017-12-18,4.89241886138916,4.895385246858326,4.746560966431779,4.776226707237225,477704000
2017-12-19,4.84816837310791,4.88821765437953,4.819738499490322,4.883026124541412,373100000
2017-12-20,4.8652262687683105,4.896622527988584,4.809602399386484,4.887475816521041,288820000
2017-12-21,4.842729091644287,4.8936555875078716,4.834323624062236,4.868686737240153,300904000
2017-12-22,4.827402591705322,4.836796856574138,4.728021331814188,4.805894756366202,466276000
2017-12-26,4.881047248840332,4.888711001828573,4.742111371280177,4.77202466887576,355080000
2017-12-27,4.874372959136963,4.943593826460121,4.853112678444961,4.8676984720629015,329488000
2017-12-28,4.880059242248535,4.9290081539900426,4.873878916976199,4.898106056099769,240248000
2017-12-29,4.783645153045654,4.906264756973044,4.783645153045654,4.906264756973044,279964000
2018-01-02,4.928266525268555,4.931975097719363,4.808366704007385,4.84001004539694,355616000
2018-01-03,5.252614974975586,5.283022911178578,5.037042002246591,5.045694552012825,914704000
2018-01-04,5.280301570892334,5.390560484814146,5.258052029072682,5.33394783508857,583268000
2018-01-05,5.325048446655273,5.362377941770757,5.218250546808225,5.295135151461175,580124000
2018-01-08,5.488213539123535,5.562378395789262,5.403665149857094,5.4486588860313265,881216000
2018-01-09,5.486728191375732,5.533204868930787,5.405146688959202,5.493650229669954,497000000
2018-01-10,5.529744625091553,5.533205644723922,5.339882235713851,5.394269754440875,582664000
2018-01-11,5.539632797241211,5.593773227918815,5.518124496307322,5.56237650284136,406032000
2018-01-12,5.512440204620361,5.56213083346744,5.471896759438468,5.527767713884781,359916000
2018-01-16,5.441488742828369,5.624429112773191,5.356940833635393,5.538892408082142,702348000
2018-01-17,5.555455207824707,5.565343633291384,5.362131798241989,5.456073962053945,538408000
2018-01-18,5.548531532287598,5.6029190351369484,5.505021247091064,5.536170414688821,408632000
2018-01-19,5.6887054443359375,5.712932584000922,5.611821290895013,5.638767736018307,609380000
2018-01-22,5.777209281921387,5.778939791980217,5.639015086686578,5.696616552157048,550944000
2018-01-23,5.906256198883057,5.928999908468613,5.812066478674216,5.830607454015546,475228000
2018-01-24,5.829371452331543,5.945316084199526,5.773747584445746,5.909469539169948,579972000
2018-01-25,5.8429694175720215,5.927023171509084,5.82813654085626,5.883759946422527,409884000
2018-01-26,6.015525817871094,6.01577289884531,5.87387061742999,5.886725901017889,516356000
2018-01-29,6.102546215057373,6.133695865743513,5.948283276709119,6.000940289789049,455116000
2018-01-30,6.00044584274292,6.091916263648078,5.893895465289292,5.960644112582629,570832000
2018-01-31,6.076589107513428,6.162373369865873,6.043214781928341,6.075847392963274,478576000
2018-02-01,5.9455647468566895,6.10378384332571,5.885243966827495,5.896615824401125,519224000
2018-02-02,5.773006439208984,5.883018309442739,5.714910812825561,5.859038250068228,718464000
2018-02-05,5.283023357391357,5.765837561240878,5.067944528466754,5.611821690864884,1165204000
2018-02-06,5.57671594619751,5.579682332372059,5.043221931368157,5.053110828340442,1114800000
2018-02-07,5.656319618225098,5.808852512114168,5.604404321683094,5.675602779461113,802932000
2018-02-08,5.377458572387695,5.815031831130374,5.377211019926578,5.781905068076385,1144000000
2018-02-09,5.737406253814697,5.905760796527867,5.377458828346535,5.8899391285741425,1674604000
2018-02-12,5.6372833251953125,5.821460008132088,5.563118490129852,5.818493150673497,1093172000
2018-02-13,5.751003742218018,5.797233345312291,5.568557554081794,5.600943078650049,625524000
2018-02-14,5.968307018280029,5.9972315222991,5.699582428847461,5.710707201814138,744988000
2018-02-15,6.093893527984619,6.140123133709007,5.970779771567889,6.05161957557638,698900000
2018-02-16,6.028133869171143,6.180419206023918,6.018986686540401,6.066699718966789,637656000
2018-02-20,6.157675266265869,6.226648576040035,6.046921698036113,6.0506302700600525,686240000
2018-02-21,5.970531940460205,6.229121034663457,5.966823839825248,6.222198995329635,892292000
2018-02-22,5.990073204040527,6.076157982179501,5.9245202107298685,6.004420824337526,534364000
2018-02-23,6.083579063415527,6.083579063415527,5.999225872981544,6.049936775391485,415300000
2018-02-26,6.099659442901611,6.134291147269622,6.037321903217607,6.129838566968247,469312000
2018-02-27,6.086796760559082,6.157297292320378,6.06379120964858,6.072943605648538,455436000
2018-02-28,5.986364841461182,6.137260489141736,5.974738211846735,6.09768125645618,523116000
2018-03-01,5.744189262390137,6.038065282747844,5.643014652370157,5.984138423890417,1040120000
2018-03-02,5.851297855377197,5.857729725788804,5.487910859944339,5.63658039274114,913428000
2018-03-05,5.829283237457275,5.868862461194918,5.67764497674849,5.801082934384353,620776000
2018-03-06,5.990321636199951,6.0096167807084235,5.871583954901183,5.914626352576446,636808000
2018-03-07,5.982405662536621,6.034600925571789,5.886178593560381,5.887415237939275,581208000
2018-03-08,5.9660797119140625,6.009864286952542,5.921800195990279,6.009864286952542,411912000
2018-03-09,6.06873893737793,6.081601739121654,5.997496227771388,6.013574965861866,505524000
2018-03-12,6.178324222564697,6.258472099922457,6.101886750916875,6.110050209664757,605060000
2018-03-13,6.12761116027832,6.29557584596733,6.086300355484429,6.221117220455329,619772000
2018-03-14,6.153092384338379,6.197866373031405,6.09075483417703,6.170655473985037,505496000
2018-03-15,6.167933464050293,6.249070735097421,6.125880477813714,6.166696819670506,401952000
2018-03-16,6.196135997772217,6.2151834420964205,6.146661711992,6.184262131439224,399456000
2018-03-19,5.9616265296936035,6.168180580127958,5.862678467454943,6.139238572709406,713772000
2018-03-20,6.173871040344238,6.212708094702211,5.964595497157013,5.964595497157013,554696000
2018-03-21,6.14863920211792,6.233734590134205,6.118212369579902,6.167438934509641,438688000
2018-03-22,5.98265266418457,6.131817165746001,5.945299966079538,6.085311601035697,551196000
2018-03-23,5.762988090515137,5.998731848995828,5.751856404293622,5.996258088521984,735620000
2018-03-26,6.047712326049805,6.048948970611515,5.8354685439074405,5.887416108289084,611424000
2018-03-27,5.578697681427002,6.184260453732798,5.438438793995544,6.128602015284877,1409000000
2018-03-28,5.4755449295043945,5.674430509483498,5.367938916608579,5.544313883932259,945904000
2018-03-29,5.728850841522217,5.825572375141897,5.459464318760033,5.543817521864454,916628000
2018-04-02,5.468122482299805,5.804546371347869,5.380306105086153,5.658350565665797,922092000
2018-04-03,5.57449197769165,5.698177178832927,5.475543911142948,5.6350979338523794,667432000
2018-04-04,5.596506595611572,5.606896104387986,5.293725075285527,5.318709437603305,789168000
2018-04-05,5.476284980773926,5.667996909469089,5.40479505841176,5.654886405356222,701240000
2018-04-06,5.2999114990234375,5.481728923775231,5.270721779495073,5.373627973333602,662988000
2018-04-09,5.328606605529785,5.490881644087578,5.308569283326123,5.362991080732623,499524000
2018-04-10,5.6378173828125,5.664780564312448,5.5017634157776,5.558906185732981,761676000
2018-04-11,5.596506595611572,5.664286108930182,5.563853718936707,5.622975308274972,460244000
2018-04-12,5.803308963775635,5.821119755928088,5.645239303998829,5.689518813970573,593920000
2018-04-13,5.72662353515625,5.875293074687441,5.678386392170087,5.866882384608885,503036000
2018-04-16,5.726377010345459,5.759772068510178,5.632128766535358,5.733303350839929,350792000
2018-04-17,5.876037120819092,5.897311087255618,5.722914953028464,5.778573394126844,447224000
2018-04-18,5.8470940589904785,5.918336762188418,5.758041033859258,5.825572860136426,391364000
2018-04-19,5.665771007537842,5.766203415613488,5.610360284087309,5.732808357753259,471996000
2018-04-20,5.657608985900879,5.741467260658246,5.626440448654156,5.657114045005151,386200000
2018-04-23,5.538129806518555,5.726625876008202,5.512156022265951,5.6754204830275965,427508000
2018-04-24,5.471833229064941,5.659834310078603,5.406527461266923,5.563854949887461,414596000
2018-04-25,5.35952615737915,5.4812325144591725,5.2021986921755765,5.442147764671248,588492000
2018-04-26,5.57127571105957,5.579439167873963,5.455259033244982,5.521306975804389,375824000
2018-04-27,5.598733425140381,5.696939775045615,5.5564332090002555,5.677150164373744,400848000
2018-04-30,5.563359260559082,5.664781068969113,5.544064591679023,5.615059574473137,327844000
2018-05-01,5.618770122528076,5.62149111702441,5.4965688300785995,5.555195952175189,253788000
2018-05-02,5.598238468170166,5.659833348821961,5.572016988609368,5.615307082557776,268248000
2018-05-03,5.763482093811035,5.789703575257757,5.584880659696481,5.63014957624899,443144000
2018-05-04,5.913636684417725,5.916852620332294,5.717472142774318,5.734787994896487,400660000
2018-05-07,6.151607036590576,6.208749820964347,6.008379459798583,6.018274502147228,687616000
2018-05-08,6.194154262542725,6.196875257334085,6.102874252950048,6.151853574659141,506616000
2018-05-09,6.327239990234375,6.329466516379094,6.186981110478701,6.214192005968908,596760000
2018-05-10,6.434845447540283,6.443997841561665,6.362365639705321,6.380176430607122,994080000
2018-05-11,6.296319007873535,6.426436088848092,6.197618641746434,6.253029373607263,1214456000
2018-05-14,6.3168511390686035,6.394278487687708,6.293103883483099,6.3344147000781295,523140000
2018-05-15,6.074428081512451,6.255998259899748,5.9739956552292846,6.2532767926755914,963528000
2018-05-16,6.085559844970703,6.147649686384115,5.998980100987584,6.035838336202746,553828000
2018-05-17,6.12761116027832,6.221364454930545,6.071210559708946,6.08728976520681,519784000
2018-05-18,6.083825588226318,6.242884616442196,6.078878068611847,6.179558158298435,483716000
2018-05-21,6.041774272918701,6.185001843853502,5.9490103778908185,6.181291439035289,640624000
2018-05-22,6.00368070602417,6.080365410492757,5.943074740481439,6.055133802958922,518264000
2018-05-23,6.127194404602051,6.128432286032591,5.946749816485776,5.9474924509214135,442956000
2018-05-24,6.130905628204346,6.173232476048299,6.070262671888333,6.123480229863059,437372000
2018-05-25,6.170260906219482,6.186597440794493,6.1078853044493915,6.143528438016123,292112000
2018-05-29,6.153183937072754,6.221253248895542,6.106402219022261,6.152193915246618,352684000
2018-05-30,6.262094497680664,6.270757778986238,6.162095209402943,6.186847644038906,390996000
2018-05-31,6.242292881011963,6.316797575177459,6.219520961320823,6.23016428672442,493868000
2018-06-01,6.376698017120361,6.382886480200845,6.278431379761643,6.287094661538182,421968000
2018-06-04,6.555656433105469,6.577685714080431,6.378677190441144,6.410855019964954,642024000
2018-06-05,6.561102867126465,6.598726530315697,6.514073288139925,6.55887496386654,391712000
2018-06-06,6.563082218170166,6.5663001429459635,6.454667046564452,6.471003585739468,371356000
2018-06-07,6.50739049911499,6.5712513936413925,6.417044041454236,6.559370187191497,369448000
2018-06-08,6.492042541503906,6.534616304382778,6.415805210438967,6.434617037797069,360456000
2018-06-11,6.450956344604492,6.521005244341861,6.438085113628912,6.479421485242379,265372000
2018-06-12,6.499467849731445,6.51159644076021,6.427191078311611,6.477438570401233,319160000
2018-06-13,6.49501371383667,6.575953779485196,6.4858551859758435,6.500954316758097,338208000
2018-06-14,6.6066484451293945,6.663331338226554,6.5252131124411,6.540064859463891,430016000
2018-06-15,6.5658063888549805,6.620756621493251,6.518529416673355,6.549469845965589,432260000
2018-06-18,6.5615973472595215,6.5791712953958426,6.494518535226833,6.521745785467801,356268000
2018-06-19,6.439816951751709,6.525707609834143,6.312342539855125,6.458380925227257,594932000
2018-06-20,6.4927849769592285,6.545754673527847,6.442537485711738,6.480903773505965,369780000
2018-06-21,6.364074230194092,6.543033542170059,6.356400970822104,6.524716957917615,359516000
2018-06-22,6.211599349975586,6.398232387826539,6.19625330380635,6.384865913156691,434160000
2018-06-25,5.918779373168945,6.108877246899996,5.8301660500099235,6.105164547183315,665816000
2018-06-26,5.9898176193237305,6.080411448241831,5.938332715310094,6.032144468757382,478884000
2018-06-27,5.834621429443359,6.099718766614931,5.829175601421387,6.033382585467172,453892000
2018-06-28,5.961849212646484,5.973730419916381,5.817047766228988,5.824721026252735,338012000
2018-06-29,5.863827705383301,6.03956903963706,5.862589824374035,6.026945674867508,392300000
2018-07-02,5.996005058288574,5.9997177569654045,5.773728942223304,5.794273422846518,357572000
2018-07-03,5.862343788146973,6.036600366310155,5.8539278949520925,6.030659763591027,222732000
2018-07-05,6.008135795593262,6.01308590489407,5.878680877080173,5.91754194974374,306216000
2018-07-06,6.1219964027404785,6.130412296814515,5.962343691226932,5.983630813851425,296352000
2018-07-09,6.169519424438477,6.205905671047215,6.090807273391409,6.196252369748297,303880000
2018-07-10,6.26853084564209,6.29056013180557,6.141551209403484,6.181897553593382,360016000
2018-07-11,6.126946449279785,6.210361804078836,6.1163026528401065,6.175708681050563,367508000
2018-07-12,6.218530654907227,6.266550258620246,6.162343016312985,6.172244179686721,345508000
2018-07-13,6.171253681182861,6.23709509565278,6.129174681101911,6.23709509565278,246988000
2018-07-16,6.143531799316406,6.196501990025121,6.131155815972334,6.143531799316406,197036000
2018-07-17,6.279420375823975,6.294519505661241,6.06877802511534,6.09427309138612,362136000
2018-07-18,6.23016357421875,6.285856429863127,6.1791739121311835,6.2719951808340175,277640000
2018-07-19,6.238330841064453,6.27199440984088,6.196252324320576,6.2113509806798115,235752000
2018-07-20,6.210115432739258,6.274718967860776,6.199224247099796,6.235857891804553,222352000
2018-07-23,6.17348051071167,6.185361715839446,6.021748466095487,6.183629059763035,301584000
2018-07-24,6.156154632568359,6.308134081443769,6.138580210335063,6.221500795903618,354620000
2018-07-25,6.234372615814209,6.246996457874374,6.107640364523494,6.165561133411981,319112000
2018-07-26,6.30788516998291,6.3447661924542755,6.197489962075434,6.21432174708483,325124000
2018-07-27,6.238083362579346,6.351449101820067,6.184123170484769,6.344518478258682,295420000
2018-07-30,6.042788505554199,6.258134061124621,6.007887522732283,6.252193458258903,340340000
2018-07-31,6.060858249664307,6.135610331028359,5.993532040582283,6.032393114086684,283988000
2018-08-01,6.100708484649658,6.147490670835771,6.036847597216381,6.092293063786336,283556000
2018-08-02,6.203430652618408,6.207390739420515,5.970511169517146,6.029421473661982,269668000
2018-08-03,6.24006462097168,6.263827033302697,6.211104712070844,6.227936027377469,214288000
2018-08-06,6.287837982177734,6.291303295266516,6.180908051373321,6.227442390597964,207508000
2018-08-07,6.360114097595215,6.378678542637714,6.30986706321565,6.336599543039704,258132000
2018-08-08,6.396499156951904,6.441548689271029,6.326450276110314,6.361351258878166,262100000
2018-08-09,6.347982406616211,6.417041239799451,6.3403091504721605,6.414318562867024,204280000
2018-08-10,6.306647300720215,6.339072987179923,6.2549150125004624,6.266053581858429,256396000
2018-08-13,6.339569091796875,6.460360724220098,6.313579248547438,6.315311904764067,375208000
2018-08-14,6.47100305557251,6.4851121626801564,6.361845258568456,6.445013216312816,466220000
2018-08-15,6.412837028503418,6.525707553680187,6.334124384188572,6.491796588157246,591136000
2018-08-16,6.372241973876953,6.485112956093847,6.312093783023849,6.48263766555961,801260000
2018-08-17,6.059867858886719,6.261599558523721,6.0328875217171865,6.260856924129382,1143188000
2018-08-20,6.13461971282959,6.267292074334021,5.9088782218015945,6.019273912852223,854388000
2018-08-21,6.270262241363525,6.27471757519107,6.1311540383026,6.150955889179859,673988000
2018-08-22,6.505410194396973,6.5103607759306446,6.234124841517208,6.237590154168091,749856000
2018-08-23,6.604912757873535,6.670258904026647,6.452933348959665,6.466794595463258,720684000
2018-08-24,6.738082408905029,6.752686294113966,6.6088753453738045,6.61333067995877,531512000
2018-08-27,6.8291707038879395,6.903427535696273,6.7363494280708105,6.767784628210213,505776000
2018-08-28,6.7915472984313965,6.846002751127458,6.671498292747922,6.823230359318655,475384000
2018-08-29,6.897049903869629,6.922063400202053,6.763066407189008,6.783869654946075,420108000
2018-08-30,6.880208969116211,6.97704374244422,6.843307767354182,6.865844619286061,346608000
2018-08-31,6.951286792755127,6.964165060576474,6.850241776811747,6.860148354691998,306592000
2018-09-04,7.0260796546936035,7.063723421933758,6.909679728124105,6.938160430564915,391720000
2018-09-05,6.895315170288086,7.043910525259163,6.814330836454758,7.008495408423813,393156000
2018-09-06,6.754150390625,6.881446994105533,6.7212119150171805,6.878970349510498,322796000
2018-09-07,6.732851505279541,6.858414493738516,6.617194621957892,6.6620207987311355,295420000
2018-09-10,6.803929805755615,6.833649068285126,6.7115532777255975,6.755388894724343,220140000
2018-09-11,6.756131649017334,6.8452884880842015,6.736814011098898,6.757617257802112,243112000
2018-09-12,6.642210006713867,6.73582511238472,6.486680191103665,6.7162599468956925,419092000
2018-09-13,6.719974040985107,6.810616968640093,6.690750295161723,6.70808633550243,305536000
2018-09-14,6.846031188964844,6.912156128684418,6.773467351839708,6.81036854958199,386936000
2018-09-17,6.784117221832275,6.869559807635637,6.7648000551812215,6.820523378015662,205528000
2018-09-18,6.712048530578613,6.890858212028519,6.7053621096281,6.788080057030872,299520000
2018-09-19,6.735824108123779,6.753655666633902,6.643447574952542,6.693474569987457,224860000
2018-09-20,6.594659328460693,6.656078517446754,6.540669601987979,6.613728975056813,430584000
2018-09-21,6.524571895599365,6.652116517962707,6.491385891060575,6.606547288141593,435128000
2018-09-24,6.580294609069824,6.583761817348175,6.406438204867244,6.493613929739359,293912000
2018-09-25,6.647408962249756,6.6724224565072445,6.560728298080709,6.646418398968016,280388000
2018-09-26,6.610509395599365,6.6927323091105935,6.5946594344359095,6.6523638930926,268548000
2018-09-27,6.622395992279053,6.666974650087891,6.590943598014401,6.645675884543633,214428000
2018-09-28,6.959706783294678,6.981996111045321,6.726412354859124,6.754398012100401,709396000
2018-10-01,7.166254997253418,7.233122511977839,6.998837506764681,7.037472312262081,622060000
2018-10-02,7.094930648803711,7.250459992695899,7.072641315342117,7.138766274961946,383964000
2018-10-03,7.101120471954346,7.172693751697925,6.997103762678176,7.165263818045466,320552000
2018-10-04,6.916862487792969,7.089232792272537,6.8398404008149924,7.064962336908496,391220000
2018-10-05,6.683319568634033,6.954258228447809,6.625862647195452,6.892096013348278,426636000
2018-10-08,6.582026958465576,6.715514924106728,6.441109059770754,6.600106037095058,408612000
2018-10-09,6.576332092285156,6.656077879498464,6.508473538428222,6.561472223939249,273500000
2018-10-10,6.084728717803955,6.516150462653945,6.082499596022799,6.470333247557232,684940000
2018-10-11,5.8232011795043945,6.131041059295213,5.801654891488775,5.997552610324311,725436000
2018-10-12,6.10577917098999,6.180077085676831,5.935142481918509,6.080270631244149,608236000
2018-10-15,5.829391956329346,6.092405629140085,5.828401393083541,6.092405629140085,449760000
2018-10-16,6.088196754455566,6.0993414201351985,5.892794057086273,5.942078014376701,408712000
2018-10-17,6.019595623016357,6.1884992254729685,5.970559184697679,6.150359458532834,329668000
2018-10-18,5.9321699142456055,6.1273250388130425,5.871741306766248,6.088938234268209,524020000
2018-10-19,5.675596237182617,6.006963523568632,5.63919055510305,5.987398835098779,613608000
2018-10-22,5.7263665199279785,5.827906586779276,5.623588366961172,5.727852601163914,368844000
2018-10-23,5.474746227264404,5.552263371734845,5.367014297910738,5.459143316885474,626436000
2018-10-24,4.938563346862793,5.4829172919328055,4.924694516717264,5.436357512909501,884288000
2018-10-25,5.147340774536133,5.194643603184509,4.796655810976235,4.840986949323859,951720000
2018-10-26,4.910825729370117,5.073041916840247,4.782786099754351,4.911320774810144,664784000
2018-10-29,4.597042083740234,5.055458418159861,4.359041899960511,5.051991210550828,758016000
2018-10-30,5.027472972869873,5.037379550666025,4.597042276379911,4.620074644621499,807192000
2018-10-31,5.221388816833496,5.2649768987474665,5.0524852946490615,5.192165080440219,745772000
2018-11-01,5.401684284210205,5.411095341566935,5.131240737001087,5.257794257429685,566528000
2018-11-02,5.322681903839111,5.498024341065091,5.206034468391037,5.392274045360888,452960000
2018-11-05,5.244669437408447,5.332836176667664,5.083938864720117,5.30955581546362,379332000
2018-11-06,5.227086067199707,5.320948666439074,5.1899368749067065,5.236744649352382,299012000
2018-11-07,5.29469633102417,5.384348677369721,5.230057476796495,5.293705767827161,483812000
2018-11-08,5.101523399353027,5.236249457172779,5.048028729178163,5.2355064165961185,511352000
2018-11-09,5.093598365783691,5.183993770495799,4.978932504644819,5.012614021861589,413240000
2018-11-12,4.694124698638916,5.0242539023239985,4.672330415819614,5.00221209676428,617116000
2018-11-13,4.936087131500244,5.0574398781904035,4.785758163668603,4.791950011125851,644712000
2018-11-14,4.883583068847656,5.1235643739854275,4.775604117475924,5.109200026041026,526580000
2018-11-15,5.012365818023682,5.084434609245321,4.841728660841647,4.8776392950916305,840708000
2018-11-16,4.07225227355957,4.226543446138136,4.0024121485691655,4.044762142251206,1963520000
2018-11-19,3.583622455596924,4.007614005727063,3.581888851770885,4.006871437548716,1697820000
2018-11-20,3.6920976638793945,3.8203848449310898,3.301539790287708,3.3201141544358785,1692032000
2018-11-21,3.5838704109191895,3.8461410828758407,3.5566280280522804,3.8293003242207058,1025496000
2018-11-23,3.591052532196045,3.7047278285543395,3.536320008340477,3.5491982770342383,411968000
2018-11-26,3.790417432785034,3.8008190554545203,3.629686854474979,3.7121572676729935,814832000
2018-11-27,3.807258129119873,3.8884902188876285,3.7285026836209276,3.7644130807754865,738060000
2018-11-28,3.964273691177368,3.969474502368306,3.792398454420789,3.924895850805073,804524000
2018-11-29,3.9010586738586426,4.003691907112057,3.8708141298555643,3.966506007857268,549172000
2018-11-30,4.051537990570068,4.062197793651984,3.8604017729293556,3.9107268337841234,729564000
2018-12-03,4.215404033660889,4.330432877684511,4.148469133745996,4.27886825607698,890804000
2018-12-04,3.894860029220581,4.175738014736769,3.8797375249651904,4.170779770110979,812112000
2018-12-06,3.9241130352020264,3.9290710434368714,3.7386788933452997,3.7542969384549214,692308000
2018-12-07,3.659349203109741,3.938492131897453,3.6100159377771313,3.928327870622595,681676000
2018-12-10,3.764708995819092,3.789499746439385,3.6107589498672916,3.6144776333869713,629472000
2018-12-11,3.6737277507781982,3.864615698659635,3.59464548948545,3.8564347832301142,671912000
2018-12-12,3.69132924079895,3.787516883141969,3.5901833531322156,3.6794296411597522,654136000
2018-12-13,3.6910808086395264,3.8023909445402873,3.655134479873292,3.738183188098606,471384000
2018-12-14,3.6305923461914062,3.7332255710317366,3.607041152502089,3.649433064720698,471820000
2018-12-17,3.5594429969787598,3.672736260981906,3.5014328001530988,3.600595584328574,662868000
2018-12-18,3.6427388191223145,3.726779075147386,3.5760519455272304,3.603321580263225,564372000
2018-12-19,3.433753728866577,3.6625715674947257,3.3821891188746425,3.609023612340748,745364000
2018-12-20,3.3492178916931152,3.515315316189248,3.2894723634968916,3.4253252500893248,749588000
2018-12-21,3.212125062942505,3.408715008848187,3.1846074211946065,3.375743345539681,863740000
2018-12-24,3.150398015975952,3.2222909410067113,3.0864380022714974,3.1357715186250195,463840000
2018-12-26,3.2996370792388916,3.3006286338053847,3.0854456890133535,3.196507838814262,695100000
2018-12-27,3.251790761947632,3.2817875322578445,3.1032947150243366,3.2473285301751025,637044000
2018-12-28,3.3132717609405518,3.4059889685610223,3.230471044610633,3.272367180055687,628728000
2018-12-31,3.3095529079437256,3.389130707577157,3.278812356119745,3.356655053696355,465140000
2019-01-02,3.376983404159546,3.433010250221647,3.2240251353597276,3.238651627517134,508752000
2019-01-03,3.1729562282562256,3.3507052459793867,3.165519097139286,3.316742024101778,705552000
2019-01-04,3.376239776611328,3.4144172229901493,3.2153483666881577,3.2460886819625787,585620000
2019-01-07,3.5549798011779785,3.591917917037865,3.3821888189513465,3.433505654011213,709160000
2019-01-08,3.466478109359741,3.6387733656129213,3.3938414171322027,3.6365420131825394,786016000
2019-01-09,3.5346524715423584,3.582002629378568,3.467221797344799,3.5177946256763466,617260000
2019-01-10,3.6003472805023193,3.60902397316226,3.4548261413772305,3.5153154560127566,523156000
2019-01-11,3.689593553543091,3.71240095974809,3.550269993885523,3.5780354085235424,874764000
2019-01-14,3.729506492614746,3.754793022301829,3.6137341183468847,3.6372853095467237,730168000
2019-01-15,3.715376138687134,3.801647525137596,3.697030962334933,3.7622302794111397,617012000
2019-01-16,3.689840793609619,3.7756163840452683,3.6843870087593555,3.7426449589014434,470104000
2019-01-17,3.7612388134002686,3.8011518373038555,3.6296003784225475,3.6568702549730676,493436000
2019-01-18,3.890397548675537,3.91642786002907,3.759502917198431,3.811067526306895,651336000
2019-01-22,3.6881062984466553,3.8718051248869383,3.657861758814869,3.860153532195278,661552000
2019-01-23,3.7009973526000977,3.8321400049732044,3.6697612593247873,3.7433894974450577,591020000
2019-01-24,3.9129579067230225,3.930559063641579,3.780823689667241,3.7855339283477747,708972000
2019-01-25,3.970223903656006,3.9883210734512042,3.750826750296248,3.8534599692729863,1154572000
2019-01-28,3.421358823776245,3.511348896826582,3.2475764843949433,3.385164483654863,2511528000
2019-01-29,3.2624504566192627,3.423589870614671,3.247823965057454,3.375247928204983,1153932000
2019-01-30,3.4059882164001465,3.420366700036279,3.2589795281082385,3.3385575563328587,974228000
2019-01-31,3.56365704536438,3.5993556057019305,3.380949782690653,3.402765635236416,842852000
2019-02-01,3.58795166015625,3.639020494598922,3.5346519465207686,3.5822498677131627,625048000
2019-02-04,3.698269844055176,3.735455730742588,3.5817537032540603,3.6038173230506687,528592000
2019-02-05,3.717360019683838,3.754050143586116,3.6764554337469946,3.7101706571791215,542424000
2019-02-06,3.792970657348633,3.8574264238034544,3.7451247279340616,3.750578513726454,702464000
2019-02-07,3.6546385288238525,3.7488430529325694,3.611750845807799,3.746611937324655,637120000
2019-02-08,3.673232078552246,3.6838918804604934,3.573077745173492,3.5874562310822453,461604000
2019-02-11,3.6305923461914062,3.683396290434083,3.5822503974162645,3.6291047779467327,495180000
2019-02-12,3.7476041316986084,3.7632224164653842,3.6546391529236506,3.6690178762694337,591060000
2019-02-13,3.789996385574341,3.8631288564722226,3.763470290563186,3.777105230147522,605372000
2019-02-14,3.8309004306793213,3.8591618604799955,3.7458683708743217,3.7890042996285453,827264000
2019-02-15,3.9005625247955322,4.062445269128536,3.8777551155326657,4.039638096287828,1516748000
2019-02-19,3.883208990097046,3.963778826670554,3.8708138488600423,3.8899025744165323,551892000
2019-02-20,3.9305591583251953,3.9977418264303024,3.9013064074232053,3.9124619872803987,540988000
2019-02-21,3.861640691757202,3.967744582570565,3.8470141998365723,3.9432020733846347,448548000
2019-02-22,3.9464244842529297,3.965265435947853,3.8998181186262215,3.9134530552089353,401740000
2019-02-25,3.9340295791625977,4.097399875374152,3.9253526503709284,4.029969445289696,656020000
2019-02-26,3.8946123123168945,3.985346162492454,3.861144867868001,3.9293193180145027,488464000
2019-02-27,3.8527159690856934,3.9067594652894875,3.7956973369119775,3.8802336125862644,500256000
2019-02-28,3.828148126602173,3.8688468342508746,3.805813738379342,3.8465122093622433,324944000
2019-03-01,3.882495880126953,3.9246832162652767,3.8197108091107466,3.8780288130854856,357188000
2019-03-04,3.8906848430633545,3.943791460804945,3.8341037350030662,3.9209605496575777,409992000
2019-03-05,3.884232759475708,3.922449550991744,3.820703141892115,3.8750506002161145,362924000
2019-03-06,3.773303747177124,3.8837357777195898,3.7705740442945035,3.875298406688872,403524000
2019-03-07,3.7040672302246094,3.759407506394355,3.657909114121381,3.749729058125882,450104000
2019-03-08,3.7383131980895996,3.748984221273664,3.593386413370437,3.614728459738566,422416000
2019-03-11,3.9988832473754883,4.021713920598748,3.71473759404681,3.7618885148316314,859728000
2019-03-12,4.033130168914795,4.079536070908694,3.950491917364302,4.0266777127384925,579576000
2019-03-13,4.184508323669434,4.21379145284702,4.063157002925212,4.070602034749385,768900000
2019-03-14,4.1085710525512695,4.205602604685603,4.100877994521936,4.193690742360727,519384000
2019-03-15,4.214040279388428,4.256723901168707,4.148277009826492,4.151751263614789,661484000
2019-03-18,4.192698001861572,4.299407760456572,4.165648050280749,4.245556356360159,486992000
2019-03-19,4.360456466674805,4.404877698902246,4.270373873198143,4.287248621196402,854972000
2019-03-20,4.327947616577148,4.4428465182643775,4.2932045970185815,4.389491623226425,719148000
2019-03-21,4.564693450927734,4.590998856980265,4.346062985080759,4.351026340687899,824312000
2019-03-22,4.404876708984375,4.586034905106406,4.390979693756557,4.537395351809043,747644000
2019-03-25,4.312561511993408,4.428452990653888,4.246302174787017,4.36417927990448,525212000
2019-03-26,4.389242649078369,4.510345483093209,4.332909563202776,4.454260896302469,703508000
2019-03-27,4.380060195922852,4.461209104969056,4.31057512314032,4.414803205645676,474372000
2019-03-28,4.398674488067627,4.464437310607178,4.345567610344844,4.406119050117075,480264000
2019-03-29,4.455997943878174,4.4803181938808985,4.4150514487343315,4.4654281289817,456896000
2019-04-01,4.523499011993408,4.553774724450476,4.47610005369348,4.547818792273322,483824000
2019-04-02,4.5413665771484375,4.5857878083922925,4.504638878986136,4.5475710087734535,440920000
2019-04-03,4.68083381652832,4.7398966173094035,4.586035893648766,4.590999249680457,783504000
2019-04-04,4.671899795532227,4.714335397681236,4.609114719215145,4.665447338520244,457376000
2019-04-05,4.738654613494873,4.75602635620326,4.678599721268177,4.715079386959449,481744000
2019-04-08,4.759501934051514,4.784566268743381,4.684060430821694,4.708132188891862,424192000
2019-04-09,4.696715831756592,4.737166278663912,4.654528257804142,4.72599896575498,439972000
2019-04-10,4.767191410064697,4.79300027871253,4.691502403739844,4.695969232288236,444772000
2019-04-11,4.753296375274658,4.801191854240975,4.703912268394467,4.769675068980152,374600000
2019-04-12,4.715327739715576,4.795980608365704,4.706642104424839,4.7920098293763855,471708000
2019-04-15,4.583553791046143,4.712598195926281,4.5438478931340445,4.707634840354359,440092000
2019-04-16,4.670658588409424,4.6895189606848335,4.590006191352661,4.622763580392764,394964000
2019-04-17,4.647828102111816,4.72649534954194,4.625493474723939,4.705649823535029,351004000
2019-04-18,4.623259544372559,4.688526295440458,4.595465511369635,4.654528304832472,380988000
2019-04-22,4.677109718322754,4.692743857747559,4.568166793760471,4.599683098315762,279936000
2019-04-23,4.731707572937012,4.762976340842555,4.680586325300699,4.6902645393356766,346856000
2019-04-24,4.744114875793457,4.784813349232688,4.681329801891096,4.7421292496106355,318204000
2019-04-25,4.638397693634033,4.726247097600911,4.558737873538937,4.703912471281764,499296000
2019-04-26,4.419519424438477,4.489004991984418,4.300649740171459,4.484537687357756,868988000
2019-04-29,4.450290679931641,4.478084711463845,4.355244274724534,4.427459530221901,391920000
2019-04-30,4.491733551025391,4.5172939298826655,4.398920800745768,4.418029196784141,362920000
2019-05-01,4.478580951690674,4.586283290364905,4.478332452616644,4.544095720899642,354280000
2019-05-02,4.54608154296875,4.587772593757041,4.445079671119755,4.488259823245239,394684000
2019-05-03,4.541614532470703,4.564445209856069,4.480070061840967,4.55451897244162,336824000
2019-05-06,4.463194847106934,4.475354735160598,4.318019794360678,4.3552440090825275,422176000
2019-05-07,4.295934677124023,4.414804355692643,4.247791165108241,4.414804355692643,555220000
2019-05-08,4.316035270690918,4.3961916172272915,4.256476423790654,4.268388287837035,419168000
2019-05-09,4.2234697341918945,4.2567236422367785,4.104600562047052,4.247045432034035,660248000
2019-05-10,4.189472198486328,4.258213200204973,4.069857989647031,4.192698426677271,569500000
2019-05-13,3.9321281909942627,4.080529244233169,3.916245785820489,4.057450068746482,656912000
2019-05-14,4.0212178230285645,4.056456882018139,3.933120175554626,3.9718332513000205,524880000
2019-05-15,3.9601707458496094,3.9966504146683235,3.9063195694990247,3.965630152884189,502320000
2019-05-16,3.9753074645996094,4.017991554775288,3.912274615539307,3.9547102066648607,781088000
2019-05-17,3.884481430053711,4.06266192509531,3.845023793258878,3.9333694900856724,1022068000
2019-05-20,3.765859842300415,3.840804806416889,3.7410435381120637,3.7857127909847694,572064000
2019-05-21,3.8480005264282227,3.863882929348564,3.787945404864032,3.8266587176075335,361848000
2019-05-22,3.777026891708374,3.8353448948121587,3.766107605028576,3.8092879902335954,325868000
2019-05-23,3.655923366546631,3.7147376505618173,3.5961162696232405,3.7147376505618173,591844000
2019-05-24,3.6020724773406982,3.710022843642258,3.595371995524703,3.674783781003165,357584000
2019-05-28,3.5569064617156982,3.6524489011476025,3.554921072680236,3.6196915203898934,428356000
2019-05-29,3.4827065467834473,3.544250538707785,3.4479637722032397,3.5092597383800683,559800000
2019-05-30,3.456122875213623,3.521712423887185,3.417862226175406,3.4859362848892492,394300000
2019-05-31,3.3654403686523438,3.4745079022361622,3.3637012589005266,3.4071792396318887,389720000
2019-06-03,3.3237016201019287,3.415377816073251,3.2943850641893366,3.3766203112800697,478644000
2019-06-04,3.5527689456939697,3.5579862758756993,3.365689511986895,3.3878010880336507,641836000
2019-06-05,3.510035753250122,3.6320224561896626,3.4737627571280982,3.6265565811110236,511616000
2019-06-06,3.5721473693847656,3.5967434537795993,3.5117751406941786,3.5142596511023725,408140000
2019-06-07,3.614880323410034,3.64916567019704,3.5589800181816815,3.5781104659604397,348856000
2019-06-10,3.687674045562744,3.756244960655996,3.6710281121890653,3.6710281121890653,402780000
2019-06-11,3.7453131675720215,3.785312926813548,3.7058104998942736,3.7475491318653398,383872000
2019-06-12,3.632270574569702,3.7080464735024403,3.6171154421703386,3.701835198298818,358892000
2019-06-13,3.68345046043396,3.7018352667303276,3.6367425703957896,3.6543822132026853,308080000
2019-06-14,3.5935139656066895,3.6146318326887616,3.5487939576780514,3.5902842912448576,394428000
2019-06-17,3.6032025814056396,3.6402209762075755,3.5689170055443293,3.591773977139895,276040000
2019-06-18,3.7982325553894043,3.8536357625554243,3.6536374159713,3.6645689299172894,581920000
2019-06-19,3.8041951656341553,3.844940092005507,3.778108281375568,3.8335117237315703,331644000
2019-06-20,3.8285419940948486,3.908789813762645,3.8141322635189936,3.8948769377672123,350168000
2019-06-21,3.7704057693481445,3.862827593085385,3.7639461858862915,3.813635435245714,434428000
2019-06-24,3.79276704788208,3.822332155583483,3.7445685844216965,3.7917733384094867,282948000
2019-06-25,3.7634499073028564,3.8727659883014587,3.7607170882054692,3.7977354851308696,311868000
2019-06-26,3.956740617752075,4.017858483785668,3.8779835808193477,3.890902750597126,584072000
2019-06-27,4.055373191833496,4.074503399227054,4.006429335736305,4.042454023040567,445440000
2019-06-28,4.0802178382873535,4.10854068621403,4.033510183336779,4.0993480457661455,397668000
2019-07-01,4.128417015075684,4.321707489992657,4.09090152014995,4.28742190631154,709756000
2019-07-02,4.030529022216797,4.132888674896865,4.017361543065561,4.111770572605332,400228000
2019-07-03,4.043447971343994,4.05959705175763,3.9835728354097175,4.053882630539049,246636000
2019-07-05,3.980839967727661,3.9895355169510505,3.917486138960805,3.985063587903578,396552000
2019-07-08,3.905809164047241,3.9400947426650323,3.875747442475692,3.9212128435384774,329788000
2019-07-09,3.9082939624786377,3.936368267434606,3.8509030973287963,3.863573721657893,342860000
2019-07-10,3.976616144180298,4.034006766119606,3.93785863796451,3.9517715160104028,452076000
2019-07-11,4.131148338317871,4.1718932558582615,4.012391330714075,4.0496580293653075,682560000
2019-07-12,4.1641926765441895,4.235248350308452,4.158975346633324,4.158975346633324,506392000
2019-07-15,4.155745506286621,4.20145945794279,4.127423128501158,4.185310850156466,289840000
2019-07-16,4.15102481842041,4.178105174932756,4.095372830579117,4.1408384684179715,341444000
2019-07-17,4.216367244720459,4.223323685913579,4.123448524358621,4.152765090493061,348204000
2019-07-18,4.228043079376221,4.290899820350118,4.170155359366945,4.226801061071026,442192000
2019-07-19,4.184813499450684,4.272763177319047,4.178850769267074,4.266303829378748,344896000
2019-07-22,4.2563652992248535,4.26928446749446,4.198725896647237,4.206179426989189,315940000
2019-07-23,4.364191055297852,4.366178474059461,4.2799679064719625,4.295620369303317,428176000
2019-07-24,4.438725471496582,4.4444398940635494,4.331397252238146,4.407421486524873,366236000
2019-07-25,4.307544231414795,4.409903852870786,4.284190408509909,4.397232995361022,392700000
2019-07-26,4.349533557891846,4.396241224292371,4.3346269667553345,4.3346269667553345,274160000
2019-07-29,4.343320846557617,4.359469923833802,4.255122878283953,4.342327137380465,248160000
2019-07-30,4.358973503112793,4.371147271681989,4.28245219823454,4.296862168200312,197772000
2019-07-31,4.191769123077393,4.3284143252014635,4.149533402256762,4.327420142137795,359416000
2019-08-01,4.097361087799072,4.292638969549373,4.045187314937343,4.202204777428455,421212000
2019-08-02,4.004691123962402,4.074007695039552,3.957238295063743,4.004691123962402,428348000
2019-08-05,3.746307611465454,3.8223318291537214,3.6993514073238907,3.8210895739510824,589156000
2019-08-06,3.785064220428467,3.866554299337405,3.7373628610752765,3.821088904182659,361272000
2019-08-07,3.8233249187469482,3.8352503772102997,3.706804100698316,3.724195196844107,372560000
2019-08-08,3.9318957328796387,3.93313798792632,3.823573604329803,3.8809644606453158,309300000
2019-08-09,3.8305304050445557,3.8943808514754075,3.7800959826754443,3.8909026317903614,341816000
2019-08-12,3.762704849243164,3.830530369406477,3.7408415850434666,3.778356837680249,279200000
2019-08-13,3.8769888877868652,3.922951373665097,3.7222076630151775,3.7612134737148106,351956000
2019-08-14,3.7284185886383057,3.7999708611744225,3.684692305171079,3.7887908037821605,419880000
2019-08-15,3.6961214542388916,3.7671768872418476,3.6618361113938542,3.7473012780983,477200000
2019-08-16,3.964193820953369,4.0133857486541995,3.8976103218634126,3.9589764916981913,1007960000
2019-08-19,4.242947101593018,4.258847864286129,4.061333902213321,4.077482973642871,815112000
2019-08-20,4.170651435852051,4.237980089757165,4.149533338828632,4.237482998232929,463188000
2019-08-21,4.254129409790039,4.309284306296547,4.215123593272236,4.236738311589228,427244000
2019-08-22,4.260341644287109,4.306303907872529,4.22108703837855,4.26381986451658,303488000
2019-08-23,4.035745143890381,4.238228187022557,4.015869539733784,4.183818702873682,568056000
2019-08-26,4.110527992248535,4.138602530545175,4.072267578338995,4.114503303275129,318208000
2019-08-27,4.019845962524414,4.151521698798528,3.990529402740289,4.148788879474909,290968000
2019-08-28,4.009401321411133,4.062123853700246,3.9541918190476877,3.993485282144662,255612000
2019-08-29,4.153144359588623,4.185474015673862,4.097437284155335,4.100918946723606,357976000
2019-08-30,4.165826320648193,4.249138122626399,4.1476718737087,4.199399690907395,290616000
2019-09-03,4.082764148712158,4.126036372481835,4.0598847893046806,4.092960580893258,296140000
2019-09-04,4.1969122886657715,4.20437319495573,4.143443646106377,4.143443646106377,227728000
2019-09-05,4.469976902008057,4.4761940885888105,4.297385108269852,4.2991259394861,695676000
2019-09-06,4.442870616912842,4.503551173277764,4.4048208732378376,4.446600835126917,376976000
2019-09-09,4.4888763427734375,4.5754212556438505,4.4724627260060785,4.4739550023506185,417524000
2019-09-10,4.555526256561279,4.582135831740526,4.446350534575092,4.456049382728147,352812000
2019-09-11,4.584126949310303,4.63237312302588,4.541103270212947,4.570200296995046,361512000
2019-09-12,4.5826334953308105,4.68534300411401,4.574675478100688,4.630631102023406,327840000
2019-09-13,4.5246901512146,4.553041042727407,4.4809203288259996,4.515985992549405,324592000
2019-09-16,4.481666088104248,4.516234165118404,4.439139991604027,4.449584981118431,231832000
2019-09-17,4.503052234649658,4.507280034934073,4.441874119348141,4.488379448135824,223048000
2019-09-18,4.475945949554443,4.5117577482728235,4.389401480829896,4.496090264211417,258152000
2019-09-19,4.400343418121338,4.5003174155050045,4.3896494012540614,4.481913935069581,245476000
2019-09-20,4.294650077819824,4.422974981792765,4.284454117212806,4.399349477724203,350244000
2019-09-23,4.348117351531982,4.393627987782096,4.2911670361485745,4.294897727212279,249712000
2019-09-24,4.290670394897461,4.409047393511585,4.255107631817105,4.379453262443288,317268000
2019-09-25,4.432424545288086,4.452071273482749,4.245408506956188,4.2901730119704755,308432000
2019-09-26,4.410289287567139,4.431428284943209,4.359307613630581,4.422724131418001,234564000
2019-09-27,4.271521091461182,4.419243660966023,4.210840080665567,4.3685105279319885,362056000
2019-09-30,4.328968048095703,4.3391644793870325,4.266049103704264,4.297384535763089,186184000
2019-10-01,4.327228546142578,4.501312646724245,4.3225036353085935,4.3520977711315325,366008000
2019-10-02,4.303354263305664,4.317280914728532,4.230985007369558,4.305343649411506,293372000
2019-10-03,4.509022235870361,4.515239423704227,4.277490688760907,4.307830963836632,450588000
2019-10-04,4.525436878204346,4.554782466760526,4.446104272332882,4.511261193434012,265524000
2019-10-07,4.584126949310303,4.683851930785341,4.5816399793481475,4.590344137045182,480984000
2019-10-08,4.40755558013916,4.492359210475812,4.389401127543962,4.492359210475812,444436000
2019-10-09,4.4940996170043945,4.543589504862352,4.455552774681767,4.484400767760316,292412000
2019-10-10,4.551796913146973,4.60277861262749,4.4866400063489715,4.491862501080784,309124000
2019-10-11,4.625410079956055,4.708721444252566,4.616954476435423,4.635855069831758,446404000
2019-10-14,4.638838768005371,4.659728746039414,4.585618655483492,4.616705067845868,200040000
2019-10-15,4.883549213409424,4.9561674775995606,4.715185248065224,4.729112369846669,664124000
2019-10-16,4.829832077026367,4.95442671626193,4.818392398516744,4.84947880108782,428944000
2019-10-17,4.831822395324707,4.9193615349174875,4.77735857266491,4.874348480439834,263436000
2019-10-18,4.737320899963379,4.864899668511856,4.66296224843454,4.832320976582029,307440000
2019-10-21,4.87459659576416,4.888026134243323,4.779845111256999,4.798745697236115,261868000
2019-10-22,4.864650726318359,5.036744965587818,4.856941261862474,4.9315484621583225,328720000
2019-10-23,4.851718425750732,4.865893631533016,4.750749730863077,4.7825822795460935,279916000
2019-10-24,4.8957366943359375,4.929309599382195,4.858930206909556,4.893000695631441,232020000
2019-10-25,5.086731910705566,5.107621888597469,4.968603449664109,4.976312914030075,423092000
2019-10-28,5.1426873207092285,5.195160817812477,5.1011554471025145,5.130501026468561,330792000
2019-10-29,5.046443939208984,5.135226822789439,5.027046237422174,5.1287606059664865,211236000
2019-10-30,5.048431873321533,5.079021168401791,4.980290433289985,5.073301091653049,205960000
2019-10-31,4.999191761016846,5.048432621386472,4.919362075375267,5.027542645655289,209732000
2019-11-01,5.03823709487915,5.070566754236402,4.938760198276227,4.963877977109576,283640000
2019-11-04,5.234950542449951,5.2473853893637274,5.096181161014931,5.119309075026829,376716000
2019-11-05,5.212817668914795,5.260814805613796,5.164820057874853,5.234702336865044,300868000
2019-11-06,5.163577556610107,5.214310224843128,5.0760379234743285,5.188695336038116,269012000
2019-11-07,5.181234359741211,5.264794745082253,5.136469850653474,5.250121954851984,280340000
2019-11-08,5.167306423187256,5.198890410986019,5.126769725533212,5.164322344682457,189100000
2019-11-11,5.177254676818848,5.2003825913508255,5.080264766074003,5.166560660798432,243436000
2019-11-12,5.212817668914795,5.26877329790565,5.180487539124105,5.215553193115959,283504000
2019-11-13,5.186952590942383,5.209085808578838,5.120551989351349,5.1814810694268445,300188000
2019-11-14,5.2172956466674805,5.219534062259519,5.135973661939729,5.195908081371989,518080000
2019-11-15,5.078026294708252,5.2667826542626015,4.989740549058636,5.215054833764426,1053628000
2019-11-18,5.2792181968688965,5.3058277744765405,5.067581977545123,5.070566056348818,574588000
2019-11-19,5.172529220581055,5.271757070400809,5.1143356544169425,5.2481315725735955,414564000
2019-11-20,5.251862525939941,5.335671461810984,5.13696717967048,5.14965058310742,472588000
2019-11-21,5.226992607116699,5.303092068928658,5.205356494921944,5.247385471771006,288388000
2019-11-22,5.244650363922119,5.296129164582115,5.22102438971042,5.2496238288195185,224100000
2019-11-25,5.501299858093262,5.506273797518019,5.359794459543421,5.372726417443207,506476000
2019-11-26,5.396600723266602,5.488367672442759,5.390134507414551,5.483642287883037,385244000
2019-11-27,5.431443214416504,5.476489490194554,5.405062737577762,5.442145122688888,215784000
2019-11-29,5.394111156463623,5.428953468775326,5.370219013912225,5.40058214285917,141556000
2019-12-02,5.207703113555908,5.400581393435698,5.192522025879976,5.387141946442765,372036000
2019-12-03,5.168132781982422,5.172114489013946,4.98670308268692,5.024034196907252,465232000
2019-12-04,5.211935043334961,5.274153732856538,5.183314503117947,5.251754966653496,273424000
2019-12-05,5.195012092590332,5.249515633114968,5.164400222417688,5.233836590939642,184884000
2019-12-06,5.280374526977539,5.313226456044387,5.254242796153633,5.264198012481317,232236000
2019-12-09,5.280374526977539,5.335127267398112,5.248767711987913,5.257478288929215,211880000
2019-12-10,5.3254218101501465,5.377187801107265,5.257727566372665,5.310488984126515,256388000
2019-12-11,5.409045219421387,5.414520780724694,5.3333875352250235,5.335876340419063,233796000
2019-12-12,5.576536655426025,5.5947045015481045,5.37121526284886,5.38017457953969,404348000
2019-12-13,5.574545860290527,5.698734503784872,5.520539797455136,5.57952346947821,454704000
2019-12-16,5.603415489196777,5.67583814092192,5.593958221025733,5.622081287471226,320976000
2019-12-17,5.681561470031738,5.704208972288633,5.61262306177845,5.622080328336072,321196000
2019-12-18,5.711923599243164,5.772400162182076,5.7079414177507655,5.7164032567403344,343548000
2019-12-19,5.8600053787231445,5.873444829336286,5.741541026700463,5.74651863616392,445360000
2019-12-20,5.957314491271973,5.982699535294677,5.907290617285012,5.9264538879845015,603044000
2019-12-23,5.943626403808594,6.018039896284689,5.932924972502659,5.985935127675997,355060000
2019-12-24,5.9386491775512695,5.955821596103844,5.8938516464908,5.928196483595949,138864000
2019-12-26,5.952836513519287,5.980959107765898,5.923220066661542,5.942134604679745,182852000
2019-12-27,5.895097255706787,5.98145683875349,5.868716303748757,5.968017387348438,254644000
2019-12-30,5.781858444213867,5.878421971488268,5.750500361530669,5.873195624374401,258056000
2019-12-31,5.856022357940674,5.865479623924466,5.727354077773596,5.746517347751293,231004000
2020-01-02,5.970754146575928,5.970754146575928,5.891363512424235,5.941884868219942,237536000
2020-01-03,5.875186443328857,5.918988548422026,5.826157991152776,5.851045561653233,205384000
2020-01-06,5.899825096130371,5.905051443474641,5.7557269623863725,5.781858699107725,262636000
2020-01-07,5.971251487731934,6.017044442487873,5.883149809298522,5.928196075296092,314856000
2020-01-08,5.982450485229492,6.023763779470867,5.926951529563478,5.967020184390604,277108000
2020-01-09,6.048154830932617,6.1205774820472,5.994397977935121,6.068811482955992,255112000
2020-01-10,6.080507755279541,6.185781859126946,6.066322091859231,6.155419203881554,316296000
2020-01-13,6.271146297454834,6.296282606868379,6.140984617283319,6.16363259678268,319840000
2020-01-14,6.154175281524658,6.2537250915044345,6.140984569750498,6.228339569543208,359088000
2020-01-15,6.111616611480713,6.189265596413675,6.085733616503059,6.166866832502594,263104000
2020-01-16,6.195239543914795,6.201212580149905,6.141731430548025,6.165125624680976,284192000
2020-01-17,6.203949928283691,6.221869036427009,6.156414852642917,6.21440262269456,253792000
2020-01-21,6.170601844787598,6.204199999194537,6.136505739519911,6.16736635092024,217916000
2020-01-22,6.224606513977051,6.311214823727861,6.196981400554024,6.215895935392397,239240000
2020-01-23,6.2930474281311035,6.301509269273523,6.175827715920401,6.264676098533878,244516000
2020-01-24,6.2338151931762695,6.4583003373897805,6.179560391908617,6.408525194546055,373512000
2020-01-27,5.977972984313965,6.028992300814649,5.779619542671013,5.9291932600615365,470536000
2020-01-28,6.171347141265869,6.20370064856638,5.990663647306005,6.043923016293822,310976000
2020-01-29,6.110870361328125,6.192999003620118,6.071049967628455,6.156912053677501,258848000
2020-01-30,6.117590427398682,6.131029877336464,5.9580619920465185,6.013063007373622,290504000
2020-01-31,5.884145736694336,6.083743301311046,5.842334960195534,6.071797229542552,370420000
2020-02-03,5.981207370758057,6.000619381873088,5.8597562708457405,5.865978044936921,255564000
2020-02-04,6.150440692901611,6.169604437177896,6.073040925853949,6.1230647969327805,271544000
2020-02-05,6.240784645080566,6.281600002852796,6.1574113388102445,6.271396044736984,208220000
2020-02-06,6.32764196395874,6.32764196395874,6.193996500071519,6.275129742702018,218284000
2020-02-07,6.261440753936768,6.309722522519821,6.2360552299053404,6.287572492182964,189752000
2020-02-10,6.544658660888672,6.5454048749076525,6.27910900335557,6.284086611627218,529608000
2020-02-11,6.6671061515808105,6.781837531508206,6.590950532170923,6.652920487059736,638556000
2020-02-12,6.782833099365234,6.789304086608207,6.681043216849115,6.7198677162340585,374644000
2020-02-13,6.739030838012695,6.806227140199574,6.697468796769711,6.724845173517911,528016000
2020-02-14,7.212142467498779,7.341059519682939,7.11781899548029,7.149177081897548,1041924000
2020-02-18,7.380878925323486,7.399295984825902,7.0894466884047596,7.108858700139689,620164000
2020-02-19,7.832088947296143,7.849759318235343,7.503325584326226,7.503325584326226,694332000
2020-02-20,7.682765007019043,7.8724073813015805,7.375404488233525,7.78405694442259,810052000
2020-02-21,7.318660259246826,7.595658094730664,7.2337940614080205,7.570521784732128,768180000
2020-02-24,6.8012495040893555,7.015033220439057,6.669843655720504,6.724347196251177,856916000
2020-02-25,6.521762371063232,6.938378621692745,6.4199725063465785,6.876408676352782,1055496000
2020-02-26,6.661131858825684,6.855254315100791,6.520517981060398,6.522010883834573,747732000
2020-02-27,6.290335655212402,6.648929741547789,6.197947835314814,6.347610964321762,906416000
2020-02-28,6.725382328033447,6.784899065666702,6.0211436012907065,6.037828046786443,1133252000
2020-03-02,6.883760452270508,6.9126474759438485,6.499517154839416,6.895464783839426,890744000
2020-03-03,6.621288776397705,6.999306519580371,6.535873577697565,6.939540911663828,652792000
2020-03-04,7.084970951080322,7.094433875085668,6.653910847652948,6.728618217428023,597408000
2020-03-05,6.805566310882568,7.052348512985512,6.76099087219597,6.885502676379965,540328000
2020-03-06,6.625024795532227,6.683545501636067,6.424809580590504,6.626020817874118,515412000
2020-03-09,6.112036228179932,6.459673198416253,5.931245111708743,5.9740769221666445,614160000
2020-03-10,6.5015082359313965,6.5015082359313965,6.125731896825356,6.388451401363497,580648000
2020-03-11,6.137685775756836,6.389946856189542,6.040566703714004,6.361558080137427,499964000
2020-03-12,5.386630535125732,5.879946119674955,5.3739301811778155,5.614486920815418,816540000
2020-03-13,5.997485160827637,6.001967498882198,5.468808182759905,5.739994622297284,634836000
2020-03-16,4.890824317932129,5.630424859985046,4.831058699125566,5.289511138473872,726972000
2020-03-17,5.410536766052246,5.499936546857381,4.756351898864725,5.003134146835945,833632000
2020-03-18,5.050695896148682,5.228000649705168,4.499358017592098,4.982961645343882,874268000
2020-03-19,5.303456783294678,5.397089536939655,4.815868441215396,5.029281317213403,765512000
2020-03-20,5.123661518096924,5.735512301243073,5.108221984216086,5.453617551932971,804636000
2020-03-23,5.296483516693115,5.390863877993336,4.943617068293397,5.122665029285088,643876000
2020-03-24,6.20517110824585,6.291831706746178,5.6789843958835755,5.702641471566112,1101644000
2020-03-25,6.116518974304199,6.51993702228171,6.067710076601476,6.320220043105337,793432000
2020-03-26,6.405884265899658,6.529897835657393,6.2255909210386315,6.323706009766051,696108000
2020-03-27,6.29357385635376,6.5523092762191855,6.19271912359753,6.225590232425137,638828000
2020-03-30,6.613818168640137,6.623032205750341,6.314989641822439,6.35906683290393,602252000
2020-03-31,6.564263343811035,6.858111316861136,6.418584266504884,6.653911531793764,949960000
2020-04-01,6.053016662597656,6.512714411716045,6.008441698800573,6.366288693106729,656912000
2020-04-02,6.361807346343994,6.375005474274907,6.034092229865185,6.082153516472062,675764000
2020-04-03,6.073934555053711,6.365789947234799,5.936473522309856,6.324203053403894,663212000
2020-04-06,6.6837944984436035,6.72065017554929,6.29855470911675,6.35607939382513,727884000
2020-04-07,6.45045804977417,6.929081612249947,6.40737688491891,6.905424067111904,784520000
2020-04-08,6.6476850509643555,6.672587506427425,6.489555004994916,6.559530672108475,542444000
2020-04-09,6.548076629638672,6.796353134002259,6.485073584152493,6.773443194720866,525564000
2020-04-13,6.719903945922852,6.728619736451353,6.399908565162236,6.488311854794166,398408000
2020-04-14,7.07102632522583,7.105142347092595,6.82050841584251,6.848150054899666,530948000
2020-04-15,6.993581295013428,7.076506230285129,6.857614476584827,6.90293659106936,366148000
2020-04-16,7.33872652053833,7.445806762036778,7.135772595346985,7.148970722910891,745620000
2020-04-17,7.279458045959473,7.442319315033417,7.145483321026608,7.420903174994001,539120000
2020-04-20,7.148224353790283,7.308844733258896,7.103898266386023,7.1529560542577055,449388000
2020-04-21,6.7114362716674805,7.091446120002381,6.65167065420219,7.030186706457266,735160000
2020-04-22,7.12581205368042,7.168644344068322,6.858111901168331,6.903682897076167,483356000
2020-04-23,7.0725202560424805,7.299878868796105,7.047368909886649,7.167896641934298,424160000
2020-04-24,7.2114739418029785,7.213465986100305,6.987601696004184,7.062309056851469,352328000
2020-04-27,7.397994518280029,7.557867748351384,7.321295094747298,7.345948667480106,479388000
2020-04-28,7.255552768707275,7.5752992244995125,7.250074408163372,7.545416178407989,442904000
2020-04-29,7.432358741760254,7.485151719845998,7.315068455671368,7.390273596385241,379160000
2020-04-30,7.278461456298828,7.432358038462716,7.264516196423109,7.378319681469513,375916000
2020-05-01,7.0418901443481445,7.194292483570223,6.993579499567315,7.080986751472618,342096000
2020-05-04,7.253809452056885,7.267505828091796,6.994575754670369,6.994575754670369,317556000
2020-05-05,7.314820289611816,7.477432690608223,7.253809290895876,7.357901461463599,368896000
2020-05-06,7.415674209594727,7.520513510750665,7.356406846446579,7.394258543064645,323464000
2020-05-07,7.591983318328857,7.655235248420218,7.503580043298903,7.554878755504124,373732000
2020-05-08,7.781988620758057,7.788214116659685,7.629835164045799,7.663702298727556,339216000
2020-05-11,8.034002304077148,8.080818687995855,7.748371824835125,7.77700949132875,469060000
2020-05-12,7.772026538848877,8.140581362852945,7.762314728379577,8.091772948717608,493060000
2020-05-13,7.749615669250488,8.046949472924325,7.565088875981364,7.886578477433536,625852000
2020-05-14,7.999133586883545,8.004611944504038,7.657472921285801,7.811120571123081,602312000
2020-05-15,8.457589149475098,8.467300485063323,7.843247666290746,7.858936085271432,987660000
2020-05-18,8.716073989868164,8.881674894814699,8.646596579808966,8.726284047612651,774460000
2020-05-19,8.771108627319336,9.05200681717185,8.728525237656509,8.755917983642572,717320000
2020-05-20,8.934967041015625,9.00768188667525,8.85403418096202,8.955884932236916,587536000
2020-05-21,8.74098014831543,9.017146733214183,8.703377331498277,9.01615118571963,761068000
2020-05-22,8.990996360778809,9.057486181890054,8.679219108082181,8.790781187022999,1038764000
2020-05-26,8.683700561523438,9.14588900952472,8.638129582307922,9.120986082397753,770780000
2020-05-27,8.491954803466797,8.599034084910985,7.965518321925909,8.591314793554313,1175892000
2020-05-28,8.45385456085205,8.726285899870943,8.346524488362034,8.379395599557078,734896000
2020-05-29,8.840836524963379,8.840836524963379,8.451861551510003,8.521090089361191,745256000
2020-06-01,8.771857261657715,8.806222645268207,8.655563458390905,8.798752240118027,389876000
2020-06-02,8.790781021118164,8.802734236486176,8.624184566222704,8.761894954765905,391320000
2020-06-03,8.735249519348145,8.831621909819457,8.666020989747482,8.787794083509207,365440000
2020-06-04,8.736244201660156,8.912383407437606,8.64755067242944,8.697876295563406,424280000
2020-06-05,8.889217376708984,8.965951317079053,8.677949089907083,8.764150747814513,481748000
2020-06-08,8.774615287780762,8.859072050015294,8.655776508944166,8.846615376117425,387736000
2020-06-09,9.01478099822998,9.078311257559477,8.721048943535084,8.769630627027317,468488000
2020-06-10,9.334425926208496,9.467216327764026,9.121911673712983,9.136113250908178,632180000
2020-06-11,8.765893936157227,9.229288393906904,8.755679218308117,9.118422400608619,583652000
2020-06-12,8.9016752243042,9.155546372764283,8.673216375848513,9.130882024444821,570908000
2020-06-15,9.14208984375,9.150560607728753,8.71357353848224,8.784827556045682,400004000
2020-06-16,9.037203788757324,9.23477038751409,8.808246985074005,9.193164514152052,535716000
2020-06-17,9.204126358032227,9.266908669502051,9.038947864267794,9.08229864167295,408304000
2020-06-18,9.186189651489258,9.250466921441895,9.083046458766479,9.195158418164446,254408000
2020-06-19,9.229291915893555,9.412408005152296,9.195409794102758,9.210607376486328,524160000
2020-06-22,9.49387264251709,9.498357500699983,9.24124749036034,9.267905738300618,398468000
2020-06-23,9.417387962341309,9.609223760973583,9.375035085564633,9.518039245168492,375108000
2020-06-24,9.203628540039062,9.523520864959455,9.112942026842921,9.443547070941973,449372000
2020-06-25,9.457252502441406,9.472201083879558,9.150564710368807,9.323466072431236,376072000
2020-06-26,9.123404502868652,9.467214124005583,9.093508303321151,9.467214124005583,592084000
2020-06-29,9.168251037597656,9.172735896063203,8.869286133575109,9.138105831903935,342248000
2020-06-30,9.464969635009766,9.493370874414582,9.234517964062155,9.281853679864449,367892000
2020-07-01,9.497112274169922,9.542705009505953,9.380516406718849,9.487894507092104,326648000
2020-07-02,9.579079627990723,9.703897268706609,9.545196562472253,9.605736929256501,364056000
2020-07-06,9.80529499053955,9.874555120077645,9.678982404276315,9.708131608857562,315892000
2020-07-07,9.837684631347656,10.035250331547491,9.816757188984752,9.911927631799411,357800000
2020-07-08,10.180747032165527,10.189716751183488,9.931111711651702,9.959263970260519,365480000
2020-07-09,10.472733497619629,10.533522858711208,10.19818394553141,10.344427963094862,494548000
2020-07-10,10.443086624145508,10.61847890023209,10.342933337817453,10.552208677085298,497676000
2020-07-13,10.017562866210938,10.755009139002913,9.990406608173963,10.558440369980536,457076000
2020-07-14,10.341190338134766,10.366851638295143,9.751731237272898,10.040232450582947,542676000
2020-07-15,10.191957473754883,10.396996976392158,10.021049087895884,10.378312439988601,403984000
2020-07-16,10.099777221679688,10.171528314447539,9.861352646599135,9.980440433918838,344964000
2020-07-17,10.166296005249023,10.2131337464676,10.052939034613193,10.190213351910279,266284000
2020-07-20,10.47447681427002,10.494906250453667,10.121698390673775,10.238793197768803,284852000
2020-07-21,10.292854309082031,10.523555984968343,10.251248441356298,10.476717308350063,277036000
2020-07-22,10.402728080749512,10.565912705823115,10.255986038250564,10.331723989267228,367292000
2020-07-23,10.094794273376465,10.51060409801743,9.996633928572269,10.41393870623039,411660000
2020-07-24,10.159318923950195,10.328981333279204,9.743260165513863,9.840921543413533,473292000
2020-07-27,10.385536193847656,10.405715681180023,10.182488715413822,10.196939292576193,292132000
2020-07-28,10.180248260498047,10.346173794016433,10.174020398209997,10.338450978671904,271636000
2020-07-29,10.4293851852417,10.479959834976327,10.311294352254272,10.354893188232401,284508000
2020-07-30,10.577369689941406,10.586338454616389,10.259719367553146,10.33919419823882,308880000
2020-07-31,10.578118324279785,10.729345196481006,10.396995248418266,10.526795731850012,386080000
2020-08-03,10.972253799438477,11.06044840939836,10.678271766238865,10.69546229744022,412720000
2020-08-04,11.189003944396973,11.189003944396973,10.86836458429402,11.011867707424818,310336000
2020-08-05,11.247798919677734,11.332505620084278,11.127715156632394,11.205197044278888,249924000
2020-08-06,11.296380996704102,11.31880338730458,11.14017221407124,11.310581622328327,244316000
2020-08-07,11.160849571228027,11.465046292456627,10.99940894476079,11.27345951412212,342516000
2020-08-10,11.126471519470215,11.368882000251494,10.819035809551947,11.29513795421736,427796000
2020-08-11,10.812556266784668,11.098316512695563,10.758492772663406,11.035533253455245,354512000
2020-08-12,11.400769233703613,11.427426529688978,10.920432302149997,10.952820408317251,464412000
2020-08-13,11.403510093688965,11.681298546736729,11.316561436383628,11.50615432938051,374460000
2020-08-14,11.524094581604004,11.664358807033938,11.401020889958053,11.490211514904173,366436000
2020-08-17,12.294425010681152,12.366924042281948,11.776469020888552,11.810351132151725,621300000
2020-08-18,12.218438148498535,12.45287677557738,12.044540832043971,12.40703504191184,503448000
2020-08-19,12.096611022949219,12.27250130164275,12.056250147210688,12.25406576741519,622624000
2020-08-20,12.099101066589355,12.332293735229182,11.837756147522825,11.933674519900297,921388000
2020-08-21,12.639731407165527,12.76454905109329,12.153165555775876,12.159643368535798,999868000
2020-08-24,12.676351547241211,12.867938328289826,12.464335330829451,12.839287128629763,490564000
2020-08-25,12.705998420715332,12.717209139608553,12.530356221656858,12.587159668378531,289076000
2020-08-26,12.728920936584473,12.82409136442748,12.633999509151844,12.755080235422875,321244000
2020-08-27,12.584670066833496,12.805655066718726,12.523132755342244,12.73739094301535,317604000
2020-08-28,13.102375030517578,13.102624030874669,12.598868747372684,12.631256851072234,537160000
2020-08-31,13.328347206115723,13.52815485178674,12.99275924123955,13.137258377321622,500840000
2020-09-01,13.777427673339844,13.949632578291991,13.394139355571934,13.437502163161502,511316000
2020-09-02,14.30126953125,14.68032067693343,13.856176456399352,14.65739247517934,874012000
2020-09-03,12.974467277526855,13.840727142576302,12.838148176341802,13.785153007039172,945128000
2020-09-04,12.582703590393066,13.133461413536873,11.667846759486407,12.74344435701428,1463684000
2020-09-08,11.875439643859863,12.510431332094637,11.667348039280267,11.697502261061345,795728000
2020-09-09,12.674912452697754,12.76886502863657,12.193185421465744,12.360905048543636,736200000
2020-09-10,12.272933006286621,13.024057300031474,12.12863879167486,12.94829670555492,698684000
2020-09-11,12.126147270202637,12.612608590860168,11.858244411196186,12.446135301009607,636928000
2020-09-14,12.831664085388184,13.2730180953872,12.591424721305764,13.039756630255994,1201744000
2020-09-15,12.950041770935059,13.256821236776068,12.787306500721442,13.238130162189842,727556000
2020-09-16,12.475042343139648,13.051469093855214,12.474295118524273,12.916396361282892,556384000
2020-09-17,12.42420768737793,12.55005993877379,11.996809323344806,12.094001793478489,792512000
2020-09-18,12.1508207321167,12.592672993531387,11.950953315876442,12.554045465543362,698460000
2020-09-21,12.47778606414795,12.483019489295126,11.866967870062911,11.887403420828344,721044000
2020-09-22,12.597906112670898,12.608123888333473,12.117177260031074,12.535354084103151,646452000
2020-09-23,12.085525512695312,12.68687406505385,12.04116641481339,12.53585102033723,647012000
2020-09-24,12.30906867980957,12.52987072793665,11.976122083308846,12.034188858042343,731240000
2020-09-25,12.833160400390625,12.842880024908961,12.207141098410291,12.408254808000864,588016000
2020-09-28,12.993902206420898,13.010599730507748,12.709800926062767,12.999135631045021,573808000
2020-09-29,13.184051513671875,13.400367358569484,12.892474170877144,12.896710345478045,621460000
2020-09-30,13.48784351348877,13.579553477522746,13.108792330522316,13.116019306510315,689184000
2020-10-01,13.571576118469238,13.719358341774951,13.418310444661264,13.714624017312177,525004000
2020-10-02,13.021068572998047,13.476876636179565,13.009853546705289,13.18330571184835,552496000
2020-10-05,13.599488258361816,13.601232733408866,13.181061420646227,13.19426999628857,479820000
2020-10-06,13.693191528320312,14.09741348387712,13.621917127514193,13.786396879631232,784420000
2020-10-07,13.919977188110352,14.074738298386073,13.819793915449065,13.955614871417309,418084000
2020-10-08,13.795119285583496,14.040094914623563,13.714624359696066,14.03062436412646,378900000
2020-10-09,13.719361305236816,13.780667968269627,13.617683584761515,13.723598431479486,346892000
2020-10-12,14.181147575378418,14.30176637112015,13.868636537321477,13.94539343424756,434744000
2020-10-13,14.203327178955078,14.303261347469597,13.9745509443215,14.251425250890234,344604000
2020-10-14,14.050811767578125,14.297530937265298,13.915988081551372,14.24544575809428,276100000
2020-10-15,13.925957679748535,13.961594409547011,13.72434482502913,13.767209481431077,267224000
2020-10-16,13.767956733703613,14.07697982965037,13.749016580868137,13.99249684204658,242392000
2020-10-19,13.455194473266602,13.93941224406965,13.364480823563948,13.859166394923227,298068000
2020-10-20,13.602478981018066,13.75624280985995,13.464415427510037,13.54067417932236,229212000
2020-10-21,13.482110023498535,13.748019370402716,13.43500919480444,13.58204420681316,219596000
2020-10-22,13.318872451782227,13.568831419286287,13.190029455901735,13.47986321492061,290480000
2020-10-23,13.547404289245605,13.550395089783553,13.249347153880276,13.407596247442646,233484000
2020-10-26,13.09981632232666,13.649577805301476,12.997390459978721,13.384665762754866,336896000
2020-10-27,13.354513168334961,13.39962044326866,13.149909542923867,13.264048592896252,250520000
2020-10-28,12.587190628051758,13.218195337375095,12.569247726617979,13.156390531397943,376520000
2020-10-29,12.982937812805176,13.151155583949004,12.709801518732187,12.798022516795879,320080000
2020-10-30,12.494484901428223,12.89571515549581,12.261222419524849,12.809488644305967,416820000
2020-11-02,12.541086196899414,12.796278653138547,12.355921817146161,12.6178430986326,299652000
2020-11-03,12.978452682495117,13.063682887469264,12.563016632474788,12.668433313890562,272900000
2020-11-04,13.75075912475586,13.783905100563205,13.294951096689376,13.347036272004377,410228000
2020-11-05,14.115357398986816,14.293792964075415,13.946890534905274,14.117850049572407,319028000
2020-11-06,14.51608943939209,14.542754714559118,13.851192528563923,14.06526480662683,383348000
2020-11-09,13.587774276733398,14.645179920761693,13.567837827664581,14.506618224863628,582976000
2020-11-10,12.729741096496582,13.56360312015557,12.588437650213546,13.56360312015557,644068000
2020-11-11,13.375696182250977,13.39264278268389,12.90742679884248,13.012594400822232,404744000
2020-11-12,13.414323806762695,13.722598689302842,13.274017628340097,13.436503832434182,365812000
2020-11-13,13.255077362060547,13.625655192905109,13.018076883230666,13.58428594217903,346312000
2020-11-16,13.472640991210938,13.606467432541349,13.114523521877004,13.130971023574494,413776000
2020-11-17,13.379931449890137,13.55338264099066,13.261805306020042,13.509770768324225,312028000
2020-11-18,13.3864107131958,13.562852697914124,13.143429609551601,13.422795610021868,510924000
2020-11-19,13.39787769317627,13.444978524071423,13.058700374675698,13.171094964124507,565936000
2020-11-20,13.046488761901855,13.451956129803182,13.023809633893343,13.411584125731357,341088000
2020-11-23,13.098572731018066,13.340307533900381,12.974464979112954,13.129724206448,361356000
2020-11-24,12.91689682006836,13.120502239825685,12.844376096717541,13.101063940439783,346500000
2020-11-25,13.193021774291992,13.227662195341338,12.97894952410503,12.99140992255428,259916000
2020-11-27,13.219438552856445,13.365228168197541,13.12897493434627,13.332830370269797,167276000
2020-11-30,13.359247207641602,13.370213157845031,12.931350792165748,13.223178161034154,286952000
2020-12-01,13.347785949707031,13.486098591334457,13.186545104830103,13.44971368699047,296948000
2020-12-02,13.501797676086426,13.630390679939252,13.192525541134518,13.308409069816136,283360000
2020-12-03,13.357710838317871,13.620956200375707,13.290902903796256,13.548663195020822,199520000
2020-12-04,13.51949691772461,13.521241908096885,13.350481049154592,13.410059870301074,202244000
2020-12-07,13.567856788635254,13.692001198908406,13.46141238072456,13.56237266927651,223244000
2020-12-08,13.311843872070312,13.559882637157383,13.243539139085321,13.546171860855974,271920000
2020-12-09,12.89378833770752,13.375656669962579,12.831466989157484,13.262481458552282,401300000
2020-12-10,12.935172080993652,13.031396655684688,12.812772649418692,12.832217643916875,207764000
2020-12-11,12.976054191589355,12.982785004370417,12.786347593211344,12.930185195475408,209264000
2020-12-14,13.270710945129395,13.350482212225353,13.040122096463001,13.050592039608777,270156000
2020-12-15,13.322310447692871,13.425514015697209,13.14905717380978,13.401333301891295,193016000
2020-12-16,13.204648971557617,13.39884214592736,13.174734036543057,13.38413382690294,223116000
2020-12-17,13.303116798400879,13.341257437063334,13.14083174724949,13.328543256876912,231384000
2020-12-18,13.234065055847168,13.366684324788022,13.033141062616313,13.34075861756635,342064000
2020-12-21,13.294144630432129,13.331786980293364,12.93043721666074,13.037380897577131,302332000
2020-12-22,13.240297317504883,13.29912869656647,13.01668843755986,13.281180494833558,185580000
2020-12-23,12.972064971923828,13.237055302531518,12.967827545846838,13.218109557528855,179144000
2020-12-24,12.956610679626465,13.094964178276724,12.90176852813386,12.999986293991261,97884000
2020-12-28,12.863126754760742,13.02516265137732,12.726768366040222,13.02516265137732,212564000
2020-12-29,12.906255722045898,13.035136828772556,12.805544564367517,12.888058370495152,170372000
2020-12-30,13.10817813873291,13.175983627972645,12.859890209570766,12.953122162932514,225396000
2020-12-31,13.017685890197754,13.113411217008528,12.878085702431163,13.09895299632336,192424000
2021-01-04,13.076017379760742,13.613477268003745,12.925448959611947,13.066794130908479,560640000
2021-01-05,13.366436958312988,13.40507590033229,13.049595161288442,13.062308392629653,322760000
2021-01-06,12.578445434570312,13.207143187349473,12.550027288519626,13.184707458538943,580424000
2021-01-07,13.30585765838623,13.339511720637944,12.849665861110775,12.930433708618178,461480000
2021-01-08,13.238799095153809,13.38263668450352,13.004720314461348,13.324304563885628,292528000
2021-01-11,13.582566261291504,13.921096308910437,13.324306724946876,13.380395567585643,518344000
2021-01-12,13.446205139160156,13.715184682231852,13.30685507063491,13.71318959260482,291476000
2021-01-13,13.493070602416992,13.586054330700227,13.346740574387052,13.45143998616844,210028000
2021-01-14,13.162518501281738,13.560876476777679,13.142825311605426,13.536197464827335,283120000
2021-01-15,12.822746276855469,13.287164861102264,12.81177803540383,13.190192825920246,277780000
2021-01-19,12.988020896911621,13.056573821043251,12.807288385767938,12.97904584526776,226188000
2021-01-20,13.327547073364258,13.392111717368742,13.019430270891426,13.07427241809494,258572000
2021-01-21,13.827860832214355,13.959234338724334,13.215117300403254,13.380143916011178,337780000
2021-01-22,13.673306465148926,13.802187566902738,13.588300226138271,13.70072801662627,246820000
2021-01-25,13.614226341247559,13.788975499046002,13.19866753200428,13.74235905033523,251112000
2021-01-26,13.39684772491455,13.605748262959864,13.34923373913582,13.541681919123254,163980000
2021-01-27,12.880827903747559,13.19492712938978,12.757181781831777,13.192184594045496,371272000
2021-01-28,13.013696670532227,13.30162199857024,12.923455463539968,12.95910366922323,228316000
2021-01-29,12.952622413635254,13.296636595811426,12.874596137407885,13.037628651929008,271552000
2021-02-01,13.199164390563965,13.232817502593113,12.865869347591303,13.01593946153721,217204000
2021-02-02,13.518000602722168,13.533206267613787,13.247525202589054,13.360452226804785,220440000
2021-02-03,13.491828918457031,13.891931992598876,13.477868992687016,13.597026658810046,245408000
2021-02-04,13.625194549560547,13.634417798850047,13.299627828583862,13.492325175349118,201340000
2021-02-05,13.552152633666992,13.697985331998837,13.507032031988212,13.685770399260598,169152000
2021-02-08,14.397478103637695,14.432377906420294,13.688011709534386,13.688011709534386,434624000
2021-02-09,14.222482681274414,14.541567742930555,14.181848652102182,14.299760559735732,287560000
2021-02-10,14.72204875946045,14.862396381578142,14.300507596143618,14.421909473206185,485352000
2021-02-11,15.207158088684082,15.228597220621056,14.882339786927213,14.937432032198304,450828000
2021-02-12,14.918484687805176,15.247541331358724,14.7327663848467,15.006980888440198,374756000
2021-02-16,15.286433219909668,15.328563093363668,14.907270064514945,15.021193700381346,321960000
2021-02-17,14.86339282989502,15.179985402080357,14.737752585064538,15.127634745347793,274756000
2021-02-18,14.786615371704102,14.830738429748369,14.533340707240383,14.686900817071333,233868000
2021-02-19,14.883835792541504,15.133619512638292,14.804313681704349,14.981555252381096,271724000
2021-02-22,14.314716339111328,15.089994124865994,14.284053959471905,14.732518363727369,325884000
2021-02-23,14.101579666137695,14.198053394853817,13.35122992204336,14.035019925437572,391780000
2021-02-24,14.457558631896973,14.46528699059649,13.71668224012593,14.082384712334376,448320000
2021-02-25,13.269462585449219,14.333662277875408,13.17847394109998,14.005353050124018,824436000
2021-02-26,13.675298690795898,13.814897904061295,13.322808775404134,13.713189226576278,500932000
2021-03-01,13.8021879196167,13.885200021705584,13.514512672161931,13.835342740558906,353184000
2021-03-02,13.36793041229248,13.880710314412896,13.357709618961268,13.86026872775047,264116000
2021-03-03,12.768153190612793,13.413054212607022,12.762169821894238,13.387876896937527,377592000
2021-03-04,12.334891319274902,12.937913367179982,12.049210257649234,12.764160832619908,573344000
2021-03-05,12.425881385803223,12.514128448535434,11.645866892554002,12.514128448535434,542840000
2021-03-08,11.560112953186035,12.435602648184473,11.533438850520735,12.414413615899687,543112000
2021-03-09,12.488771438598633,12.585028259142307,12.02893006065592,12.099751648732017,521824000
2021-03-10,12.436904907226562,12.947367629501878,12.426182115532276,12.808218669435043,384376000
2021-03-11,12.960833549499512,13.013451519761361,12.702484861457213,12.91744296360553,299916000
2021-03-12,12.823678016662598,12.856345807578716,12.55834698640387,12.616450011981625,243964000
2021-03-15,13.158087730407715,13.173548832704668,12.735153857472499,12.83240859533205,221988000
2021-03-16,13.25783634185791,13.478529706057202,13.083774566485411,13.322921749363832,272128000
2021-03-17,13.307707786560059,13.419425708592238,12.956841785124572,13.006965499615356,243864000
2021-03-18,12.69051456451416,13.150854487628825,12.685028551725626,13.103474248516884,293896000
2021-03-19,12.813453674316406,12.889013577295337,12.580790435356477,12.717944549061619,299208000
2021-03-22,13.153096199035645,13.360822652046854,12.874298924417953,12.880284356409868,297804000
2021-03-23,13.03788948059082,13.3109506075864,12.988513462737627,13.22092748700998,222048000
2021-03-24,12.611213684082031,13.126166380625975,12.604979968071678,13.118186120651787,245840000
2021-03-25,12.503735542297363,12.68278484979762,12.241147965554994,12.468075982521809,295144000
2021-03-26,12.806971549987793,12.823929009605243,12.342392711032783,12.522937430864202,363968000
2021-03-29,12.915695190429688,13.029658124517944,12.668069335591795,12.78801675063455,273520000
2021-03-30,12.83938980102539,12.942629963313632,12.673059062634387,12.80971472304937,200204000
2021-03-31,13.314692497253418,13.436634761447108,12.949861691430945,12.982778720855652,314776000
2021-04-01,13.777027130126953,13.835130162239196,13.477281731340076,13.538129196852404,308276000
2021-04-05,13.952335357666016,13.978768485040936,13.698474787231888,13.83263715402911,255672000
2021-04-06,13.826650619506836,14.018916004314782,13.738872514596373,13.964553395548302,191744000
2021-04-07,14.107940673828125,14.207688682597572,13.67702665042074,13.845850657061428,251284000
2021-04-08,14.281006813049316,14.435118400784658,14.213176976612907,14.216918348018499,244416000
2021-04-09,14.363798141479492,14.371778402447765,14.139364360339467,14.178265873277429,195172000
2021-04-12,15.170762062072754,15.313901610057965,14.103701731984685,14.253823650541044,869324000
2021-04-13,15.640080451965332,15.660529096417902,15.087722573627937,15.193206795688422,676212000
2021-04-14,15.238594055175781,15.680978662596893,15.189218033930018,15.585718757163326,385500000
2021-04-15,16.096681594848633,16.173487680774556,15.592202403913975,15.623124606404787,598480000
2021-04-16,15.8724946975708,16.125108122447834,15.82536274319291,16.0126405831472,335208000
2021-04-19,15.323129653930664,15.76775925819942,15.194703488299082,15.497440653339318,404420000
2021-04-20,15.133109092712402,15.458039540390393,14.925382597533766,15.284726432321392,334132000
2021-04-21,15.321882247924805,15.323877075097695,15.064281282601483,15.080739320235335,216776000
2021-04-22,14.812914848327637,15.399686073698188,14.746332141113498,15.336345317338932,277788000
2021-04-23,15.226873397827148,15.2964478790434,14.862791235395903,14.896705203918978,227500000
2021-04-26,15.439085960388184,15.440083849597968,15.08697376083181,15.146823331502622,197796000
2021-04-27,15.343079566955566,15.63110332965213,15.31589778572029,15.539334614946952,164572000
2021-04-28,15.238343238830566,15.493201692864114,15.177247490188085,15.325873065531082,209416000
2021-04-29,15.286226272583008,15.397695003047144,15.033612775918,15.361286780334229,173196000
2021-04-30,14.97176456451416,15.326371032074357,14.95929618068849,15.136350655609169,201912000
2021-05-03,14.79945182800293,15.20842097412882,14.75032598796852,15.086977164010063,203912000
2021-05-04,14.315169334411621,14.600699789762439,13.975027035475872,14.600450555269253,405324000
2021-05-05,14.422147750854492,14.776255689857118,14.351326163053967,14.672017659441423,292024000
2021-05-06,14.486486434936523,14.534615323972524,14.18225390445764,14.458806188006658,193380000
2021-05-07,14.77501106262207,14.933112300510395,14.63486422135409,14.771021408101264,229328000
2021-05-10,14.229884147644043,14.768775720170076,14.21417381349999,14.750072669633822,268904000
2021-05-11,14.270282745361328,14.318660873982997,13.715431575761658,13.790242830465013,285584000
2021-05-12,13.72391128540039,14.224399880312989,13.674785449771695,13.974279724476874,303408000
2021-05-13,13.630892753601074,14.04534874580516,13.425161115583645,13.998466030075901,285404000
2021-05-14,14.207193374633789,14.291979724154102,13.713936379271763,13.855081122550907,258616000
2021-05-17,14.129887580871582,14.133628001156678,13.818672627064075,14.121408850962863,216980000
2021-05-18,13.980513572692871,14.368037075620663,13.96879289213659,14.231132182866967,186256000
2021-05-19,14.030388832092285,14.044104340700125,13.50920235882469,13.532393535433826,344000000
2021-05-20,14.575765609741211,14.646836455258203,14.234625361004278,14.266544504777983,321592000
2021-05-21,14.954060554504395,15.183732064451174,14.832118286328456,15.125628078585208,672992000
2021-05-24,15.572752952575684,15.705418021198524,15.137848205171483,15.174256423810533,554816000
2021-05-25,15.608412742614746,15.778733156287876,15.443578342578785,15.72636536528284,435408000
2021-05-26,15.660528182983398,15.754042484575189,15.547064658382558,15.69469233324552,370440000
2021-05-27,15.449061393737793,15.710402780852254,15.42113191055747,15.66027906156566,581476000
2021-05-28,16.203655242919922,16.236573213834454,15.462025838962788,15.462025838962788,644536000
2021-06-01,16.223609924316406,16.34704949574134,15.86326820041709,16.229096888512235,472804000
2021-06-02,16.73606300354004,16.87621075424582,16.194678271753585,16.211386490896142,594168000
2021-06-03,16.927085876464844,17.215609998459154,16.541308933559474,16.65876306621484,580008000
2021-06-04,17.534055709838867,17.616596077162153,17.052519499034798,17.06947505300827,617120000
2021-06-07,17.574703216552734,17.76771725198459,17.149526305796652,17.52707469646401,575756000
2021-06-08,17.41311264038086,17.57719836078649,17.207629259933416,17.483185585690848,323848000
2021-06-09,17.31857681274414,17.534832519599075,17.216312069425967,17.47571805921768,381656000
2021-06-10,17.385173797607422,17.452022006490658,17.136744250662534,17.310346354499423,287772000
2021-06-11,17.784507751464844,17.898247503293362,17.403879495985695,17.439547219530038,416308000
2021-06-14,17.977569580078125,17.9982722041519,17.62238417950147,17.865078154683058,321376000
2021-06-15,17.74784278869629,17.975073024219547,17.687481873167364,17.874054743695652,243032000
2021-06-16,17.76954460144043,17.91371508228744,17.54431057593765,17.75009034027756,307124000
2021-06-17,18.614604949951172,18.79194830496863,17.71566527623226,17.73387307540823,809656000
2021-06-18,18.59615135192871,19.330718581922177,18.54152604115206,18.74106970383863,968856000
2021-06-21,18.3851318359375,18.49413314969242,17.782013688431867,18.39311297230315,672384000
2021-06-22,18.843584060668945,18.920409647101682,18.343978923682204,18.429284231032042,580144000
2021-06-23,19.013690948486328,19.10897361319787,18.86453275909637,18.964304575117165,332356000
2021-06-24,19.161603927612305,19.375614096798248,19.044621470468723,19.183804200008918,320924000
2021-06-25,18.987503051757812,19.301285040207212,18.851315628683007,19.236433070795265,278364000
2021-06-28,19.93932342529297,20.03285915279017,19.274845251778927,19.31699836660214,495436000
2021-06-29,19.980974197387695,20.052808221989437,19.612068383220187,19.837053050661908,367632000
2021-06-30,19.956785202026367,20.116419372850345,19.81835223637548,19.953542508047825,326568000
2021-07-01,20.165809631347656,20.409251503208573,19.973249900488703,20.079008558061602,480136000
2021-07-02,20.44017791748047,20.458387624215238,20.24138402006787,20.39353564429944,342764000
2021-07-06,20.651193618774414,20.794365027841287,20.30374010137351,20.690104043459606,446708000
2021-07-07,20.32518768310547,20.827287563769445,20.285529389265694,20.805837070095645,418428000
2021-07-08,19.85725975036621,20.086982890992743,19.655721781967447,19.81111606957633,503300000
2021-07-09,20.00442123413086,20.03435334968637,19.709098258675084,19.916872317591555,296624000
2021-07-12,20.465621948242188,20.48582408605355,20.141613226484793,20.193743724149126,321984000
2021-07-13,20.203720092773438,20.41448760068872,20.068031230618036,20.353875481303678,290708000
2021-07-14,19.7961483001709,20.371081261605372,19.707602218648773,20.31121893436614,380100000
2021-07-15,18.922903060913086,19.801640805909646,18.815399378990502,19.766471657258307,550564000
2021-07-16,18.119491577148438,19.113215466883993,18.03169335944509,18.9870054099986,688224000
2021-07-19,18.736825942993164,18.998475513326806,17.82466431995801,17.87430188517964,749060000
2021-07-20,18.569459915161133,18.794943201970906,18.122483909884977,18.687190244742556,434687000
2021-07-21,19.36564064025879,19.48237382941793,18.699168004217075,18.838847442192375,371017000
2021-07-22,19.54921531677246,19.84154489775066,19.23194135404066,19.597105941674148,323826000
2021-07-23,19.5132999420166,19.654975593030052,19.20600332552339,19.611075532676935,195672000
2021-07-26,19.249906539916992,19.39756711649879,18.870773917905094,19.266867886400917,203943000
2021-07-27,19.164100646972656,19.577154015985894,18.698167007898192,19.220969582862597,248863000
2021-07-28,19.45842933654785,19.601102183245256,18.95159086611591,19.27484982328238,202191000
2021-07-29,19.617063522338867,19.80762698019667,19.283825335460097,19.4743887933179,190781000
2021-07-30,19.454439163208008,19.585138401380597,19.218978436987207,19.37362299502884,183497000
2021-08-02,19.704862594604492,19.915380808627756,19.316751690978577,19.654977627712686,217444000
2021-08-03,19.76971435546875,20.175783766568422,19.17607297987363,19.694885002968523,301811000
2021-08-04,20.227663040161133,20.27156310038773,19.782681342516437,19.94431173895087,231309000
2021-08-05,20.589834213256836,20.685615479502886,20.295508346135612,20.45314818824978,211435000
2021-08-06,20.3194522857666,20.522986511252395,20.163808690158564,20.47709211719844,178497000
2021-08-09,20.248615264892578,20.461127792585444,20.096962239032255,20.399269221353503,146443000
2021-08-10,19.890439987182617,20.383310504258183,19.78966907249903,20.275557520496264,179238000
2021-08-11,19.653974533081055,20.003174938775825,19.385590269145975,19.997188135018266,185925000
2021-08-12,19.859508514404297,19.983223761879053,19.57516002402308,19.824588657900602,151652000
2021-08-13,20.14185905456543,20.167800604611397,19.805629391282583,19.859506824153872,183063000
2021-08-16,19.904403686523438,20.240633343657066,19.408537969464135,20.08898032367069,210876000
2021-08-17,19.413532257080078,19.724819508560007,19.222968770083362,19.640012771943816,204585000
2021-08-18,18.996490478515625,19.589132925621033,18.956580973557177,19.455438367598155,285913000
2021-08-19,19.75275230407715,20.44815982346293,18.719118863786036,19.449446238959755,766555000
2021-08-20,20.76842498779297,20.817312785089932,19.887443664031185,19.945309765245902,675741000
2021-08-23,21.907814025878906,21.946724447846748,20.90211844107872,20.923070353137504,575807000
2021-08-24,21.74319076538086,21.908811733166473,21.485781010020887,21.703283176040937,297299000
2021-08-25,22.162235260009766,22.41864789917261,21.672358134566363,21.68732324562584,347701000
2021-08-26,22.01756477355957,22.288942483035,21.74020025936337,22.149263059479914,237940000
2021-08-27,22.584266662597656,22.670070557019205,22.11633866678472,22.133300012367442,304722000
2021-08-30,22.636146545410156,22.990334740001824,22.499460525203325,22.777822203844707,262580000
2021-08-31,22.33777618408203,22.647121666172822,22.07333584482094,22.647121666172822,259850000
2021-09-01,22.393653869628906,22.649114277468325,22.30983145861661,22.43756166253632,201767000
2021-09-02,22.3487491607666,22.54533403557277,22.24796241655775,22.470491508128045,187834000
2021-09-03,22.794809341430664,22.93750730917341,22.153166206014838,22.27790249793311,280532000
2021-09-07,22.61419105529785,22.85069057355953,22.474485116430305,22.784829827757243,198107000
2021-09-08,22.2918758392334,22.5623040643883,21.930638074162353,22.46550856729171,254434000
2021-09-09,22.130216598510742,22.490455112570046,22.084314109745772,22.264932037922602,196856000
2021-09-10,22.430580139160156,22.578266724683587,22.223018761676062,22.30085332657019,248376000
2021-09-13,22.105270385742188,22.915557731283194,21.81188995971526,22.636147711099213,297500000
2021-09-14,22.195079803466797,22.36272466695094,22.039408757377963,22.22800922879762,199755000
2021-09-15,22.29387092590332,22.31981705301157,21.919661994088578,22.261938841506673,166538000
2021-09-16,22.195079803466797,22.23000581669266,21.88074378110906,22.136204252125346,156033000
2021-09-17,21.853797912597656,22.27390927077693,21.78394589381782,22.25295366514298,294503000
2021-09-20,21.068462371826172,21.38778701785786,20.61841355645307,21.10139179807724,349440000
2021-09-21,21.201181411743164,21.379802756895952,20.905806301905702,21.371820211672656,204688000
2021-09-22,21.89471435546875,21.91367337565563,21.151285132509745,21.32092658519888,268726000
2021-09-23,22.434572219848633,22.48745990832766,21.843820146489403,22.093292745342225,248555000
2021-09-24,22.03441619873047,22.102273534327967,21.814881006880857,22.023439724636706,217655000
2021-09-27,21.61430549621582,21.753012198242896,21.280013132238278,21.664199253926697,245215000
2021-09-28,20.655332565307617,21.37381486341932,20.607433491656852,21.169247409834707,343069000
2021-09-29,20.473718643188477,20.972663870201263,20.423822978492204,20.895826640226495,218394000
2021-09-30,20.672300338745117,21.021562413613808,20.64435952502164,20.724190693278036,221009000
2021-10-01,20.698244094848633,20.814995951669495,20.16037968568149,20.706226639761606,240978000
2021-10-04,19.690378189086914,20.49866906348852,19.513751502545517,20.46074911310151,345635000
2021-10-05,20.407859802246094,20.604444742602162,19.812119023512988,19.907917186053545,279282000
2021-10-06,20.65633201599121,20.676288377439814,20.0376391312872,20.077555660834182,297202000
2021-10-07,21.030542373657227,21.277021060391967,20.927759015939795,21.047504806233384,256919000
2021-10-08,20.78705596923828,21.16126489932197,20.73117434597139,21.056486855696548,151258000
2021-10-11,20.65134048461914,21.01856416379945,20.467728645028984,20.53159470850479,163388000
2021-10-12,20.62739372253418,21.01257912959574,20.484695733535407,20.78406211740241,162134000
2021-10-13,20.894824981689453,20.94571798280508,20.669301932615472,20.87386937593445,180652000
2021-10-14,21.70012664794922,21.70910653549275,21.077442440829326,21.243092625799367,243589000
2021-10-15,21.815879821777344,21.88473450421562,21.616302880257262,21.763989474383635,226994000
2021-10-18,22.17512321472168,22.243977904095235,21.598341475085665,21.70312142601179,189494000
2021-10-19,22.24298095703125,22.331792011817765,21.990514392616486,22.229008647111023,161473000
2021-10-20,22.056367874145508,22.385671566162888,21.935622869851716,22.25794136087667,146276000
2021-10-21,22.644126892089844,22.66308781338826,22.036412424885217,22.05038282865257,187590000
2021-10-22,22.678056716918945,23.08120376239796,22.51340579315989,22.774852206054973,249384000
2021-10-25,23.117130279541016,23.30573075031013,22.72196575698433,22.9245366329956,230235000
2021-10-26,24.66485595703125,25.205714271899417,23.873529604420657,23.93839301304731,485898000
2021-10-27,24.3994197845459,25.0370717258524,24.230775672972076,24.422371980713933,245990000
2021-10-28,24.888381958007812,24.897363747264627,24.471264543468838,24.82551514318421,234204000
2021-10-29,25.5130672454834,25.654767902179138,24.94726386442255,24.948261206819474,292503000
2021-11-01,25.772512435913086,25.83937052261029,25.173777875415453,25.59488846504044,265740000
2021-11-02,26.34530258178711,26.621718639071563,25.745570640273353,25.767525492097906,294112000
2021-11-03,26.541889190673828,26.727497632609634,26.17965600054016,26.613737804003005,239910000
2021-11-04,29.73813819885254,31.298838266325888,27.060797170575963,27.171563087465618,1153631000
2021-11-05,29.689237594604492,31.33375987513204,29.347958100058552,30.123319409166225,851260000
2021-11-08,30.7390193939209,31.03439450585306,29.843910363865678,30.085400440170883,503101000
2021-11-09,30.592327117919922,32.241841813464795,29.900790147535126,32.2139010026745,646746000
2021-11-10,29.396852493286133,30.784918765255455,28.717289384564676,29.29407104741433,636206000
2021-11-11,30.32588768005371,30.525466515020483,29.714181919765508,30.40372414895419,332172000
2021-11-12,30.32588768005371,30.615276800423047,29.567490771834745,29.946690177606644,413054000
2021-11-15,29.961658477783203,30.579352109400386,29.1852998788009,30.48754713787992,384909000
2021-11-16,30.139280319213867,30.325886082311623,29.643329091208063,29.696218678782373,264484000
2021-11-17,29.199270248413086,30.4446385457493,28.739242339156842,30.353829013241555,428508000
2021-11-18,31.60817527770996,32.69088536655633,31.25492201136,32.29871672243403,781711000
2021-11-19,32.91542053222656,33.018203898804174,31.83769881005684,32.17498516255957,533867000
2021-11-22,31.88858413696289,34.57390711561954,31.832702519697552,33.446289928208735,754335000
2021-11-23,31.679025650024414,32.29173061198927,30.814851526268143,31.468470355838214,532163000
2021-11-24,32.605072021484375,32.78568994748824,30.862755024040684,31.39463157257882,435162000
2021-11-26,31.436540603637695,32.64099310849513,31.283863498749785,32.53122455866597,283069000
2021-11-29,33.30558776855469,33.34151112072589,31.96841454748494,32.297720190128416,454964000
2021-11-30,32.6070671081543,33.2826408933307,31.796781690175454,33.099027131565556,622066000
2021-12-01,31.372520446777344,33.22283750124132,31.31762945813344,33.152976935170045,484368000
2021-12-02,32.062156677246094,32.413458348891545,30.963344820067583,31.151970308797033,472890000
2021-12-03,30.631999969482422,32.06514681270487,30.070117274745446,31.93640157961995,544325000
2021-12-06,29.977304458618164,30.18089759304379,27.982276767077416,29.82061499149107,658938000
2021-12-07,32.362548828125,32.384508270203064,30.590079592743436,30.89547307149783,593053000
2021-12-08,31.762746810913086,32.22582532268798,31.35855105329913,31.93540331263959,475551000
2021-12-09,30.42940330505371,32.14099693386837,30.367526251043838,31.6709304355526,488507000
2021-12-10,30.13797950744629,31.242779624748938,29.801649422992952,31.08808701183273,488825000
2021-12-13,28.10503387451172,30.233796207467403,28.060123228578693,30.188885561534377,598344000
2021-12-14,28.280683517456055,28.621005425069747,27.19584390568892,27.643950978334946,667035000
2021-12-15,30.39846420288086,30.439383083328448,27.782672993494028,28.3435563263877,698297000
2021-12-16,28.33058738708496,31.098077489916022,28.03717291445305,31.090093966507315,707366000
2021-12-17,27.74574851989746,28.864520919055607,27.704829638355005,27.92938285109951,713758000
2021-12-20,27.663911819458008,28.088066423723266,27.091053166532397,27.250735034271646,461847000
2021-12-21,29.0172176361084,29.062128280070525,27.34654282285214,28.31761057753916,524385000
2021-12-22,29.34157371520996,29.49626637276533,28.39246340115357,28.83358636542172,395184000
2021-12-23,29.581092834472656,29.999260737951445,29.37250856669955,29.695864054966595,343022000
2021-12-27,30.88350486755371,31.0252228788843,29.58109789794575,29.60105861020263,403686000
2021-12-28,30.26173973083496,31.267735891884268,29.952354442300354,31.249772014643753,420591000
2021-12-29,29.941375732421875,30.48728951276,29.30763749732145,30.212836426014583,343139000
2021-12-30,29.527206420898438,30.39647583779783,29.48129830530272,29.76772672316927,308864000
2021-12-31,29.352550506591797,29.970321747102997,29.272709567584414,29.615028331207352,266530000
2022-01-03,30.061138153076172,30.64996574600368,29.725805474067663,29.75574653768631,391547000
2022-01-04,29.23179054260254,30.40744890598463,28.29266068276136,30.216828510864207,527154000
2022-01-05,27.54914093017578,29.357540102995376,27.47828288572463,28.89146724200374,498064000
2022-01-06,28.12200164794922,28.38148518105102,27.011214536934588,27.585070703215145,454186000
2022-01-07,27.192852020263672,28.365518095345266,27.003229072578133,28.085076387090762,409939000
2022-01-10,27.34554672241211,27.41440984015935,25.593035959641192,26.528174103666952,594681000
2022-01-11,27.761714935302734,28.009223147677293,26.785659911463362,27.268697246348502,404089000
2022-01-12,27.943359375,28.538173737078317,27.553135645796164,28.011223129932247,383413000
2022-01-13,26.522184371948242,28.42339706817921,26.445335836793394,28.322597967784002,540171000
2022-01-14,26.888456344604492,27.142950637215478,26.1579107320568,26.24773202314796,395832000
2022-01-18,25.851518630981445,26.585058455010692,25.718783542206612,26.20780945704016,424270000
2022-01-19,25.017183303833008,26.49024985304365,25.002213722761,26.027173172244265,488315000
2022-01-20,24.102006912231445,25.528167948115197,24.030149493539206,25.253714829631832,435181000
2022-01-21,23.327543258666992,24.77366268646621,23.216763817208136,23.460278334152008,718958000
2022-01-24,23.325550079345703,23.33353360141309,20.846487542973147,22.285621139528853,913982000
2022-01-25,22.279634475708008,22.897405710454315,21.9562789612793,22.501193412508638,664616000
2022-01-26,22.726741790771484,24.009187801451084,22.255679732041738,23.193812088529306,755959000
2022-01-27,21.900386810302734,23.94731106663501,21.631920439455527,23.521159678261036,573353000
2022-01-28,22.794605255126953,22.812569129559332,21.25367335760815,21.968249899217838,543774000
2022-01-31,24.437335968017578,24.460290972976274,23.00618592049365,23.135926717655092,564680000
2022-02-01,24.589035034179688,25.095027394146598,23.842520509649365,25.054108511883626,518925000
2022-02-02,25.19183349609375,25.765689573177465,24.5042017643659,25.742736472228845,543419000
2022-02-03,23.900409698486328,25.027165823091096,23.73274428459632,24.40939643808451,410178000
2022-02-04,24.270671844482422,24.586043852193274,23.585036824296264,23.924361305059936,354829000
2022-02-07,24.678857803344727,25.13195412147848,24.153902167281217,24.323564396360993,376868000
2022-02-08,25.058103561401367,25.179860856231137,23.9323449370335,24.310591474393373,410359000
2022-02-09,26.651926040649414,26.671886749229056,25.302613739727306,25.571078226959134,524282000
2022-02-10,25.772674560546875,26.871486170645973,25.549120732093876,25.943336131869465,513200000
2022-02-11,23.90140724182129,26.10003039508258,23.72575830389794,25.86449932037972,605472000
2022-02-14,24.21877098083496,24.825562419077983,23.707787514804277,23.886432615759617,440424000
2022-02-15,26.44234275817871,26.492242623139074,24.734742881710144,24.8994139589256,699869000
2022-02-16,26.458311080932617,26.52917102458829,25.50121738608982,26.20681300824524,732676000
2022-02-17,24.458297729492188,25.73375786543632,24.116978322985712,25.57906520835988,810595000
2022-02-18,23.595016479492188,24.936345412834687,23.054093778189063,24.61897658197623,761255000
2022-02-22,23.343517303466797,24.016177674838435,22.95429294527255,22.989223238774173,633422000
2022-02-23,22.342510223388672,24.106998291616694,22.25668259013841,23.75469915667704,566511000
2022-02-24,23.700803756713867,23.752700460531262,20.848483782736597,20.973235364784678,735801000
2022-02-25,24.108989715576172,24.168869937955396,23.33453287499,23.673857307735503,528866000
2022-02-28,24.33654022216797,24.61598446694235,23.659888105648218,23.944321576419384,477319000
2022-03-01,23.43034553527832,24.328558568365416,23.086031808300486,24.242729026872464,412056000
2022-03-02,24.17598533630371,24.3646429560286,23.372449827907296,23.71282974706903,389642000
2022-03-03,23.6709041595459,24.281791456450637,23.426348571587415,24.217906685184186,365095000
2022-03-04,22.894315719604492,23.63696301668851,22.44114037112084,23.341501454950432,431415000
2022-03-07,21.31319236755371,22.99113883727511,21.291232991904245,22.775529905926497,450821000
2022-03-08,21.474905014038086,22.332343305523693,20.612474742304823,21.270277613184593,557467000
2022-03-09,22.9721736907959,23.177798676510015,22.206567458744647,22.34631240982393,492742000
2022-03-10,22.616823196411133,22.746586101874037,21.842232493155823,22.49005319391326,428066000
2022-03-11,22.059837341308594,23.10293830541665,22.005934624302842,22.980160740629042,367209000
2022-03-14,21.291234970092773,22.221540369503135,21.120546216146405,21.829254954549043,385354000
2022-03-15,22.931249618530273,22.996132023942444,21.28325099056678,21.47889393725402,491996000
2022-03-16,24.45148468017578,24.552300969340088,23.129891326873263,23.457294382081265,671422000
2022-03-17,24.720991134643555,24.796851321954325,23.862553485348077,24.076165263385313,471941000
2022-03-18,26.404930114746094,26.520720452738885,24.57925510917665,24.753936346817458,730719000
2022-03-21,26.685413360595703,27.10265486766904,25.919807094663252,26.45882662219231,591727000
2022-03-22,26.475801467895508,27.188504706921723,26.02462316522588,26.678431698352043,547007000
2022-03-23,25.587417602539062,26.563639075959117,25.528524804569468,26.078522194510693,502120000
2022-03-24,28.098838806152344,28.268529918250007,25.85991528381523,26.118445344770176,877379000
2022-03-25,27.64167594909668,28.306466021323548,27.221441486555513,27.835323644890032,579016000
2022-03-28,28.167715072631836,28.19865887077309,27.15655559634973,27.705557176871118,425494000
2022-03-29,28.603923797607422,28.89339579270697,27.929151693458024,28.64285248149159,488984000
2022-03-30,27.639678955078125,28.444213951833504,27.453018519672682,28.252563440733994,463487000
2022-03-31,27.23641014099121,28.196661710311588,27.2204403767065,27.73150900758,523440000
2022-04-01,26.663454055786133,27.446029626371523,26.219263094224697,27.32524923988458,517235000
2022-04-04,27.31027603149414,27.507916136883054,26.564633902248794,26.679424670623536,397120000
2022-04-05,25.88387107849121,27.269348924845236,25.773072756151578,27.204466526965444,436615000
2022-04-06,24.362642288208008,25.25401899900753,23.959377188284968,24.888684944472697,703833000
2022-04-07,24.164005279541016,24.67707109021869,23.435332416882506,24.396581634228397,557992000
2022-04-08,23.076988220214844,23.879528064694085,23.020092591188025,23.873538449886215,524781000
2022-04-11,21.87717056274414,22.27943807836627,21.62063763333046,22.17363171495148,575207000
2022-04-12,21.46491813659668,22.683699749756602,21.243321479658512,22.496041696902733,662258000
2022-04-13,22.162649154663086,22.459110293944573,21.416009317470518,21.68851390489682,516943000
2022-04-14,21.219364166259766,22.73560447190071,21.124537508973223,22.46409755288005,569097000
2022-04-18,21.74341583251953,22.047859972637514,21.04069470290414,21.161475105293935,525701000
2022-04-19,22.157657623291016,22.332338819215018,21.275263415595177,21.680525694021107,512781000
2022-04-20,21.442962646484375,22.62880350480131,21.161475516175667,22.476081662618792,468974000
2022-04-21,20.146320343017578,22.351305380675164,19.963652360371036,21.66954608901935,656209000
2022-04-22,19.479537963867188,20.448774194089733,19.46456583016338,20.266106166595836,624713000
2022-04-25,19.865835189819336,19.90875632059273,19.061300069268512,19.167106444428228,641566000
2022-04-26,18.753856658935547,19.75203935812216,18.636071069969407,19.682166873800284,653143000
2022-04-27,18.38153648376465,19.13216882446557,18.25676363846258,18.56420258895358,499460000
2022-04-28,19.746049880981445,20.000587537213033,18.45639800746317,18.932530442416695,570327000
2022-04-29,18.513294219970703,20.091420341877647,18.48334805551463,19.36673991620479,500435000
2022-05-02,19.49750328063965,19.538427232283176,18.35757845927692,18.507305480868084,572049000
2022-05-03,19.566375732421875,19.788971942411177,19.098228203230406,19.364743170731728,475751000
2022-05-04,20.29704475402832,20.362924790823026,18.716921505243764,19.88679240340564,648855000
2022-05-05,18.809755325317383,19.88879023761166,18.46638060148286,19.830896979302434,626331000
2022-05-06,18.641054153442383,19.476532652653702,17.957299794064912,18.701944097729967,633297000
2022-05-09,16.9191951751709,18.221821818374295,16.79641762349791,18.00122470604806,644455000
2022-05-10,17.563018798828125,18.16492343108645,16.994055130388205,17.656847808183255,761474000
2022-05-11,16.599775314331055,17.720735437950946,16.537889624665944,17.315473177135534,670167000
2022-05-12,16.145601272583008,16.75748801691552,15.538707458895326,16.189521927319188,708728000
2022-05-13,17.673824310302734,17.895421017236522,16.562847872141287,16.757493216581477,670437000
2022-05-16,17.232624053955078,17.755671895048422,17.074912165379693,17.47717962452616,521446000
2022-05-17,18.143964767456055,18.33761243130052,17.60195235864929,18.041151322209387,585830000
2022-05-18,16.90721893310547,18.085074867941106,16.833354004544034,17.672825290748634,545161000
2022-05-19,17.092880249023438,17.654856806883604,16.703587720835515,16.906219819291394,621310000
2022-05-20,16.663665771484375,17.37836434024827,15.726371887941493,17.300506956537912,739105000
2022-05-23,16.867292404174805,16.884261708504855,16.14959916192552,16.244425835409945,639889000
2022-05-24,16.124645233154297,16.566841031680042,15.751325247533773,16.47999922956967,588550000
2022-05-25,16.944154739379883,17.079907290972063,15.970926052291802,15.990890166789026,781132000
2022-05-26,17.818559646606445,18.059120906414734,15.992882971425454,16.006857468643506,996575000
2022-05-27,18.776809692382812,18.84668215480725,18.06710157397695,18.15294570090489,738379000
2022-05-31,18.63806915283203,19.165109521892898,18.316653805372184,18.945508098862536,664100000
2022-06-01,18.28670883178711,19.018376635802273,18.089068680481994,18.68997592200463,544514000
2022-06-02,19.556394577026367,19.583345936482782,18.164928787379736,18.258757824402238,648656000
2022-06-03,18.68597984313965,19.296869084599603,18.488339710165604,19.047323404464223,598779000
2022-06-06,18.751855850219727,19.30185500483549,18.530259212120434,19.104214914413042,422406000
2022-06-07,18.89160919189453,18.965474128700176,18.154949381251356,18.43843370634058,388914000
2022-06-08,18.618045806884766,19.14919082607967,18.50522645422863,18.768802321218942,363252000
2022-06-09,18.01900863647461,18.90258723082813,18.012019911507146,18.451313643542257,395574000
2022-06-10,16.94673728942871,17.668575580223607,16.841904493178646,17.571731259755435,465248000
2022-06-13,15.621866226196289,16.28579798543527,15.580931719685918,15.974298882999761,604153000
2022-06-14,15.810561180114746,16.040191246565456,15.387241563186638,15.705729359064668,469680000
2022-06-15,16.500452041625977,16.84090387526414,15.900416682083067,16.06914487895743,563936000
2022-06-16,15.575940132141113,15.916392943958204,15.376261580184906,15.834523928335084,545749000
2022-06-17,15.854491233825684,15.969306274754233,15.303377894797796,15.622863557257194,630334000
2022-06-21,16.539390563964844,16.980680030237714,16.380645564342693,16.44853713036233,483089000
2022-06-22,16.333721160888672,16.635236096967933,16.15400999438934,16.19993563125689,437135000
2022-06-23,16.198938369750977,16.558358811416724,15.827535215459164,16.492464841611433,463680000
2022-06-24,17.098485946655273,17.112463394239207,16.283796893806354,16.473492185505755,472153000
2022-06-27,16.841901779174805,17.302161688571072,16.599292094417013,17.28419095345656,427968000
2022-06-28,15.956329345703125,17.17436904148227,15.919388121687373,16.872854081714543,461149000
2022-06-29,15.517036437988281,15.794589795755158,15.145634199034012,15.788599867062201,482352000
2022-06-30,15.134651184082031,15.541995824627715,14.838128310223647,15.336326385518298,686070000
2022-07-01,14.49967098236084,15.038803524181898,14.368881846227062,14.875067404670956,577610000
2022-07-05,14.939961433410645,14.94695015807397,14.032422215907793,14.152229332482921,651397000
2022-07-06,15.105698585510254,15.294395146665014,14.765245737410277,14.985891441568391,529066000
2022-07-07,15.832524299621582,15.919384429537144,15.364277874149295,15.431170628706305,492903000
2022-07-08,15.812557220458984,16.01123789338775,15.364278161948224,15.405212662806306,467972000
2022-07-11,15.127662658691406,15.502060318211557,15.013845450277405,15.501061520744424,437321000
2022-07-12,15.057771682739258,15.406211017689797,14.85310107596107,15.243472758265565,458483000
2022-07-13,15.139640808105469,15.350302309232742,14.44176424359817,14.56656344936429,521918000
2022-07-14,15.347308158874512,15.448145758029392,14.70434254342208,15.083732275086524,456235000
2022-07-15,15.736681938171387,15.75664931750774,15.420190739657972,15.633847697054403,385935000
2022-07-18,16.075136184692383,16.8698570674019,15.976296187145689,16.275813524039364,670517000
2022-07-19,16.964706420898438,17.08251690860308,16.146023887163786,16.459518688005346,702366000
2022-07-20,17.778398513793945,17.9041974948796,16.774015685938632,16.919781096788945,760538000
2022-07-21,18.021007537841797,18.114856419024587,17.516819500864308,17.856273549154427,557049000
2022-07-22,17.291179656982422,17.93813754600972,17.109470902798687,17.86425701094861,536671000
2022-07-25,16.996654510498047,17.096494261320483,16.622256873127547,16.991661475600253,480748000
2022-07-26,16.506444931030273,16.89182460135965,16.451532969702946,16.86187210310339,397865000
2022-07-27,17.761425018310547,17.9071904085924,16.885832927058424,17.00464126060537,569776000
2022-07-28,17.95511245727539,18.11086201941648,17.41198753684129,17.946128040860202,474646000
2022-07-29,18.133825302124023,18.214694569102246,17.663581188162542,17.784387118127725,435460000
2022-08-01,18.411380767822266,18.81573095811725,17.961104933200836,18.152795986600218,476469000
2022-08-02,18.496238708496094,18.907577522415323,18.06293587544904,18.092888368674423,489527000
2022-08-03,18.862646102905273,18.937526369408964,18.10786017665699,18.15478554991328,418146000
2022-08-04,19.18413543701172,19.243040681587424,18.72986637165179,18.818724113299595,409652000
2022-08-05,18.95849609375,19.19811032548753,18.636015011697438,18.7797827890261,386068000
2022-08-08,17.764413833618164,18.209698361202463,17.214300355633416,17.473882879818,981859000
2022-08-09,17.058555603027344,17.41897579817991,16.69713756258524,17.224289326765735,668263000
2022-08-10,18.06793212890625,18.088898306614105,17.289184304860864,17.669572848171974,597422000
2022-08-11,17.913179397583008,18.676951881347318,17.847285427896846,18.101876890579906,509327000
2022-08-12,18.678943634033203,18.68792995248519,17.92415762973826,18.13082581557374,478094000
2022-08-15,19.001428604125977,19.13321654286925,18.583102920928454,18.67096091199568,457666000
2022-08-16,18.848674774169922,19.11125281035759,18.471281688551823,18.88960928236418,451240000
2022-08-17,18.305545806884766,18.65797938877472,18.115852393296763,18.49324543441833,446799000
2022-08-18,18.742843627929688,18.83469489391409,18.15379125601455,18.271601730397578,415447000
2022-08-19,17.820331573486328,18.490253330046265,17.74145799231606,18.376436118791393,441588000
2022-08-22,17.006635665893555,17.529794039492458,16.938744114151103,17.461902487750006,409593000
2022-08-23,17.153400421142578,17.436944603324772,16.942738927006292,16.961709411115542,369986000
2022-08-24,17.1943359375,17.37804038834426,16.867861541977685,16.98467227619529,522661000
2022-08-25,17.88422966003418,17.91817544800935,16.805964346953886,16.816946359702275,770691000
2022-08-26,16.2338809967041,17.895207590473877,16.210917226715885,17.828315779513094,769127000
2022-08-29,15.775617599487305,16.31175468886111,15.741672771666877,15.994266622399852,496132000
2022-08-30,15.44315242767334,16.013234313197124,15.157611610192205,15.934361699639338,530181000
2022-08-31,15.069753646850586,15.515037314685223,14.93497027531041,15.359287767857783,573710000
2022-09-01,13.914613723754883,14.356901987282448,13.248685287003793,14.186176179149008,1178865000
2022-09-02,13.625080108642578,14.148237660215658,13.569169349058186,14.07735255557611,743157000
2022-09-06,13.443371772766113,13.756867534549574,13.329554567237018,13.708944300191542,535751000
2022-09-07,13.696041107177734,13.819879276342737,13.328522976950122,13.54523882056341,512657000
2022-09-08,13.971677780151367,13.989654808399921,13.351491735146373,13.44137306668779,624873000
2022-09-09,14.368159294128418,14.455045254829914,14.107501412023929,14.138460000064642,486612000
2022-09-12,14.486004829406738,14.527949644682035,14.179406706797371,14.35018325067947,484159000
2022-09-13,13.113801956176758,13.903766352893664,13.081844277875383,13.78392363062557,714956000
2022-09-14,13.110803604125977,13.272591099618708,12.896085084950238,13.23663800536752,588507000
2022-09-15,12.912068367004395,13.21567015624059,12.77325045930142,12.997956185221906,523625000
2022-09-16,13.18071460723877,13.194696210561576,12.600475212066435,12.725311500263086,670751000
2022-09-19,13.36447525024414,13.44536950238442,12.992962670832137,12.994959906915472,569685000
2022-09-20,13.158744812011719,13.465342935530723,13.039901168379119,13.197694249472493,524818000
2022-09-21,13.243635177612305,14.012627364900458,13.092832880405119,13.195698647971133,807679000
2022-09-22,12.544547080993652,13.131777197415316,12.411721867615352,13.052880201675809,759162000
2022-09-23,12.499608039855957,12.594483888456596,12.240947418073999,12.40373404951629,663309000
2022-09-26,12.211986541748047,12.642422835414386,12.198004936367159,12.47464261841831,547343000
2022-09-27,12.396744728088379,12.719321699428077,12.241947974198776,12.490621493735635,553854000
2022-09-28,12.719320297241211,12.806206250600736,12.337820615857858,12.393747031367376,542414000
2022-09-29,12.203997611999512,12.48363067238174,11.930356260034026,12.43169872306821,532763000
2022-09-30,12.123101234436035,12.616454666511402,12.059184927057526,12.071169294217576,565638000
2022-10-03,12.495614051818848,12.661397019747188,12.089146528346182,12.330830178093539,547478000
2022-10-04,13.149755477905273,13.20268651528483,12.862132554319986,12.862132554319986,584182000
2022-10-05,13.19170093536377,13.303554723315088,12.6044716440018,12.894091817678392,507131000
2022-10-06,13.11280345916748,13.638114568042825,13.085838394985783,13.202685736539443,644157000
2022-10-07,12.060185432434082,12.653407390361005,12.00625625011576,12.488623513159082,672478000
2022-10-10,11.654716491699219,12.108121431783047,11.3930595354897,12.02123547777354,698699000
2022-10-11,11.570825576782227,11.83048431565809,11.268221984145713,11.54585774929641,667482000
2022-10-12,11.484939575195312,11.719631475815296,11.330142830208745,11.563836589027906,492590000
2022-10-13,11.9443359375,12.06218142250349,10.798837859501226,10.956630918111395,850103000
2022-10-14,11.212297439575195,12.095139584430672,11.189327796407529,12.041210401485747,713432000
2022-10-17,11.872430801391602,11.932352643403792,11.501917332402892,11.502915474188297,580774000
2022-10-18,11.951326370239258,12.475638376699207,11.602783491739201,12.327832454158484,659362000
2022-10-19,12.035215377807617,12.33382449005694,11.81849959434434,11.863440730045152,523131000
2022-10-20,12.178030967712402,12.752277756580911,12.089146821227374,12.09713671776913,652398000
2022-10-21,12.449673652648926,12.481632285200682,11.871432413251382,12.0821555690685,609494000
2022-10-24,12.582500457763672,12.69335515427323,12.048201240588062,12.491620026626292,517457000
2022-10-25,13.243635177612305,13.282584619897888,12.647416792216164,12.677378194720625,505482000
2022-10-26,12.879109382629395,13.370464612662587,12.691355889781176,12.852145271597061,532953000
2022-10-27,13.158744812011719,13.819878535178242,13.10481562757985,13.612150741855237,583113000
2022-10-28,13.81588363647461,13.831863430742688,13.043896137118422,13.08684004841616,521040000
2022-10-31,13.479324340820312,13.819878330285551,13.2795864472885,13.759956486013305,486341000
2022-11-01,13.525263786315918,13.90676347391886,13.50129505001384,13.792912452696658,432817000
2022-11-02,13.201688766479492,14.191391166061656,13.193699822047904,13.83186295115386,672628000
2022-11-03,13.403422355651855,13.762951481566452,12.939032155387688,13.025918106836965,500065000
2022-11-04,14.137460708618164,14.210365058332465,13.67906125202417,13.967683273201919,612576000
2022-11-07,14.282271385192871,14.393126083132001,13.93572663883021,14.209367030009965,410061000
2022-11-08,14.58287525177002,14.871496291799188,14.197380183254369,14.78161401700318,595292000
2022-11-09,13.757959365844727,14.192390121308478,13.740981430455777,14.143453551229962,454414000
2022-11-10,15.729372024536133,15.752341664941923,14.527947540373134,14.78061644211266,700819000
2022-11-11,16.305622100830078,16.367541196163586,15.461729177310234,15.78630345192753,655487000
2022-11-14,16.273658752441406,16.518338717650273,15.901147120330615,16.196759933471668,527852000
2022-11-15,16.64417266845703,16.975736669946382,16.360544231088024,16.70009908063956,545876000
2022-11-16,15.88916301727295,16.34057071172928,15.852211772174623,16.140833788396282,649547000
2022-11-17,15.656471252441406,16.244700666876913,15.514657001179096,15.694421598690504,710894000
2022-11-18,15.388821601867676,15.981045452536414,15.100199550162154,15.945091392326727,492072000
2022-11-21,15.296941757202148,15.45673207416043,15.060251659699267,15.12716430732762,404739000
2022-11-22,16.016996383666992,16.03697064838447,15.10219563199428,15.307926177427646,472866000
2022-11-23,16.49736213684082,16.50535298403366,16.026980297757902,16.076914044674023,427241000
2022-11-25,16.248689651489258,16.46540447528635,16.150818440742185,16.2966271152818,167934000
2022-11-28,15.806272506713867,16.33557910048079,15.704406802903588,16.005011300506297,303741000
2022-11-29,15.618518829345703,15.9111353323506,15.499675191959904,15.806272346937764,298384000
2022-11-30,16.90515899658203,16.912151586236597,15.580556739527186,15.680450741353981,565298000
2022-12-01,17.1169376373291,17.24679976152075,16.617464704481463,16.98108131969133,470977000
2022-12-02,16.858211517333984,16.91515254992387,16.427666051305167,16.641441188481675,371389000
2022-12-05,16.592491149902344,16.977085530136808,16.454636135070988,16.66141865731802,352255000
2022-12-06,15.970148086547852,16.55552985566231,15.802324959390125,16.512575914907618,352694000
2022-12-07,16.103008270263672,16.168938682471737,15.6504847696813,15.75537458146814,372388000
2022-12-08,17.15089988708496,17.160889573039334,15.942174561334516,16.25584460322099,515456000
2022-12-09,16.983078002929688,17.564465224613613,16.957106340396344,17.141910790847255,465338000
2022-12-12,17.516515731811523,17.5195128285567,16.779294713991607,17.01904149488724,457328000
2022-12-13,18.052949905395508,18.770193437295646,17.692330392550996,18.511465684750743,656589000
2022-12-14,17.65536880493164,18.232760529632582,17.401636847702704,17.9680385827717,496888000
2022-12-15,16.93412971496582,17.30174181827522,16.682396458224076,17.127925453761733,478542000
2022-12-16,16.553531646728516,17.023037438901543,16.392702058076296,16.846223968965074,478232000
2022-12-19,16.236865997314453,16.591491326415667,16.127981643599433,16.554531578863497,354039000
2022-12-20,16.068044662475586,16.292807881891594,15.835291407365762,16.047066889019305,403260000
2022-12-21,16.483604431152344,16.609472961104036,16.0850248812042,16.097013267551,325025000
2022-12-22,15.322831153869629,16.120989680017022,14.866313091281313,16.077035434762546,565045000
2022-12-23,15.189970970153809,15.322830189395079,14.867311505326436,15.17998128298212,349326000
2022-12-27,14.10611629486084,15.084084488373529,14.041184273487007,15.058111870357818,464902000
2022-12-28,14.021206855773926,14.246968492932082,13.869366631040762,13.912321531739664,351066000
2022-12-29,14.587606430053711,14.667522024551847,14.212003326446284,14.386819046661842,354923000
2022-12-30,14.598594665527344,14.613578243254633,14.217995786415349,14.318889147477543,310490000
2023-01-03,14.299911499023438,14.980194430393471,14.081142463306268,14.835346803839585,401277000
2023-01-04,14.733452796936035,14.837343262850888,14.225988854764774,14.551645434254098,431324000
2023-01-05,14.24996280670166,14.548647400640538,14.13308556373845,14.475724399761354,389168000
2023-01-06,14.84333610534668,14.994176946626181,14.019205996590792,14.45874173703761,405044000
2023-01-09,15.611525535583496,16.03907384357529,15.125038456294371,15.267888310654865,504231000
2023-01-10,15.892230033874512,15.94517366128145,15.455690420036634,15.490653372601406,384101000
2023-01-11,15.984132766723633,16.011104732768004,15.546594737725535,15.823303178294324,353285000
2023-01-12,16.493595123291016,16.619461755576417,15.47566921706697,16.083029067309738,551409000
2023-01-13,16.881187438964844,16.904163911762296,16.147961873227626,16.260841726815173,447287000
2023-01-17,17.683340072631836,17.709313641691512,16.881187014032182,16.881187014032182,511102000
2023-01-18,17.358684539794922,17.85416011409162,17.263783455353824,17.64837787383118,439624000
2023-01-19,16.747325897216797,17.178871599912767,16.71336324869982,17.01804012030735,452932000
2023-01-20,17.8201961517334,17.837178429750637,16.80726509622476,16.993067946601407,564967000
2023-01-23,19.17276954650879,19.2247147792948,17.799218927189443,18.044958004082773,655163000
2023-01-24,19.24468994140625,19.47444892004992,18.80015937186395,18.807151961874666,496204000
2023-01-25,19.302629470825195,19.349580807071824,18.560412717739826,18.893061849004603,449537000
2023-01-26,19.781124114990234,20.14474069411191,19.257676365647274,19.680230760238217,489535000
2023-01-27,20.34353256225586,20.60625581574819,19.384545434625117,19.441484557009698,542142000
2023-01-30,19.141799926757812,20.11876764644554,19.129811540746857,19.928969317759073,488611000
2023-01-31,19.516407012939453,19.66624851924581,18.930025867048208,19.14979328260832,498017000
2023-02-01,20.920921325683594,21.16965745715704,19.590324874698545,19.670240457303972,660477000
2023-02-02,21.686115264892578,21.925862042165335,20.67818002215878,20.97786301741522,564276000
2023-02-03,21.077756881713867,21.72207738368297,20.76708391302964,20.9778619200745,429366000
2023-02-06,21.066768646240234,21.54726056931194,20.76408666695872,20.7840660402103,452197000
2023-02-07,22.149627685546875,22.235537474634327,21.12770531761483,21.3594611160502,664150000
2023-02-08,22.181591033935547,22.853881881192613,21.98479821168747,22.363398373809797,559651000
2023-02-09,22.313453674316406,22.995734263923605,22.0966833667124,22.582171117953777,523876000
2023-02-10,21.242586135864258,22.054728961620185,20.7890660834922,21.6671393301779,550737000
2023-02-13,21.765026092529297,22.024752168256075,20.9398968418497,21.51528970110018,474919000
2023-02-14,22.946781158447266,23.024698034940283,21.343471944822426,21.555248315569294,675474000
2023-02-15,22.739999771118164,22.83090343317728,22.082694463199154,22.52522629397233,420575000
2023-02-16,21.978809356689453,22.5262301612366,21.90388764913277,22.109669887606003,412026000
2023-02-17,21.365453720092773,21.717081932888007,20.9528889890741,21.60819758522636,465888000
2023-02-21,20.633228302001953,21.471342710023446,20.59626664817325,20.97786395244178,410015000
2023-02-22,20.73212432861328,21.081755798453145,20.39947513838324,20.685174889382303,513184000
2023-02-23,23.639057159423828,23.86282198809331,23.00073074104482,23.415294236092592,1117995000
2023-02-24,23.261449813842773,23.449253244039845,22.922808411961658,23.200515205899624,589716000
2023-02-27,23.47623062133789,23.854830885467088,23.42928117815122,23.645053129091433,452994000
2023-02-28,23.191524505615234,23.799883635514494,23.181534819315353,23.347360182285275,455963000
2023-03-01,22.674072265625,23.23148459935281,22.484272025585433,23.167550984389926,460026000
2023-03-02,23.289424896240234,23.355355313247546,22.40835460483908,22.464297239112163,389415000
2023-03-03,23.86481475830078,23.874804445027564,23.105615715106577,23.29541595223961,412393000
2023-03-06,23.529172897338867,24.22243969976959,23.462242179784383,23.865817563448918,437429000
2023-03-07,23.267404556274414,24.103664219579663,23.22044523812733,23.579128902669357,515154000
2023-03-08,24.15961265563965,24.178596857110083,23.403282221510484,23.46622622618509,513573000
2023-03-09,23.415271759033203,24.432370990770355,23.36231723479036,24.153616530475606,501257000
2023-03-10,22.944683074951172,23.606098060770513,22.70589419749649,23.38829051319713,474866000
2023-03-13,22.945682525634766,23.27738955062946,22.277275643092484,22.731873047033044,421890000
2023-03-14,24.041717529296875,24.197579694405405,23.439250204223796,23.475219568886814,474910000
2023-03-15,24.206571578979492,24.264518937841256,23.33933927282555,23.739983668370748,524486000
2023-03-16,25.51841163635254,25.565369047622582,23.872866995148154,24.005750694887265,583253000
2023-03-17,25.702247619628906,26.375651279421106,25.645296921004547,25.95902028263856,848547000
2023-03-20,25.877090454101562,26.000981321988803,25.107771080019624,25.592342695819287,432747000
2023-03-21,26.17582893371582,26.36865903671038,25.358553488198883,26.156846636843376,547408000
2023-03-22,26.444589614868164,27.564598386349715,26.21379303359335,26.401626474238157,797295000
2023-03-23,27.166950225830078,27.474678371614985,26.66639389662088,27.091017232493737,564889000
2023-03-24,26.755313873291016,27.142971183393072,26.331689105706722,27.007091792651533,454920000
2023-03-27,26.507535934448242,26.97612101034624,26.341682380127203,26.81326506197413,361026000
2023-03-28,26.386640548706055,26.489550086858387,25.827136394951317,26.42360847823861,356104000
2023-03-29,26.960132598876953,27.054049321086534,26.57347575940691,26.801274739572264,393694000
2023-03-30,27.358779907226562,27.474678436555607,27.078028306822056,27.204916786801245,364516000
2023-03-31,27.752431869506836,27.809380660660256,27.08102536446216,27.115994254760153,433933000
2023-04-03,27.940265655517578,27.97523454624746,27.311822283407086,27.48466960367856,398716000
2023-04-04,27.4287166595459,27.97523371673916,27.282845889494656,27.941263393705515,368592000
2023-04-05,26.85722541809082,26.97412061023067,26.371655203421952,26.80527136414144,515015000
2023-04-06,27.013086318969727,27.056047553520614,26.403625256641565,26.560485977879456,397654000
2023-04-10,27.554607391357422,27.59657006024275,26.645412420852104,26.7992755400983,395279000
2023-04-11,27.14497184753418,27.765422913048063,27.102008703659926,27.699481299941798,314378000
2023-04-12,26.47156524658203,27.44370417314176,26.42460593521108,27.345791283837347,446259000
2023-04-13,26.439594268798828,26.863219050562652,26.305713912619126,26.710354492654048,353615000
2023-04-14,26.734331130981445,26.85922056456347,26.196806902127364,26.480556091603322,395660000
2023-04-17,26.978118896484375,26.982115069024893,26.409621904454085,26.541505126599592,321471000
2023-04-18,27.642528533935547,28.08513749604695,27.332803260522113,27.508648184223265,604812000
2023-04-19,27.90629768371582,27.975236904297546,27.20791647127858,27.336802094498506,358660000
2023-04-20,27.08002471923828,28.005206202430383,26.97611662299647,27.646522604245416,427713000
2023-04-21,27.095014572143555,27.158959050915872,26.6983663319222,26.928162455219432,345103000
2023-04-24,27.018083572387695,27.341796428628392,26.64741139924113,26.989109891102213,339282000
2023-04-25,26.217792510986328,27.222903354703707,26.201807819523317,27.05405218790828,378527000
2023-04-26,26.932159423828125,27.30582920616083,26.681381957661305,26.978120174375338,406337000
2023-04-27,27.201913833618164,27.470676863841472,26.601445687396165,27.338793670642428,377161000
2023-04-28,27.724458694458008,27.73344960649909,27.047056930698307,27.20092196442208,292216000
2023-05-01,28.884431838989258,29.032301664294753,27.755432049658587,27.815378452063833,570329000
2023-05-02,28.185049057006836,28.810496754933304,28.058162478439368,28.654634590232256,402730000
2023-05-03,27.777406692504883,28.341907433104844,27.44769868321829,27.815373184826456,383387000
2023-05-04,27.53762435913086,27.834360670007325,27.215908633799796,27.62654444288627,321850000
2023-05-05,28.654632568359375,28.72956508673925,27.7064725625765,27.801387848122303,361494000
2023-05-08,29.125215530395508,29.194154745050692,28.32492531170623,28.49677215933893,344979000
2023-05-09,28.545726776123047,28.94737161540953,28.42483542221699,28.873437666396427,314869000
2023-05-10,28.859451293945312,29.087250267045963,28.435826537614037,28.97934408614239,369350000
2023-05-11,28.55272102355957,28.92439362497088,28.221015861335896,28.87044053584294,322149000
2023-05-12,28.31493377685547,28.75454513594309,28.02119319112188,28.503765785473174,274222000
2023-05-15,28.927392959594727,28.943379556146176,28.127102678492278,28.48278682439075,293926000
2023-05-16,29.18716049194336,29.84358087051638,28.806498873165175,28.815489784527685,449405000
2023-05-17,30.151308059692383,30.17228939441913,29.403970448812785,29.557833570142268,432535000
2023-05-18,31.649980545043945,31.799847490043984,30.293181883981152,30.383102432113493,748725000
2023-05-19,31.236347198486328,31.552067683944458,30.888655428377344,31.508105976511025,473908000
2023-05-22,31.148426055908203,31.49212165768894,30.652864468171376,30.87366776329227,372000000
2023-05-23,30.66085433959961,31.260323984561705,30.60390555229095,30.972578631206357,356253000
2023-05-24,30.51099395751953,30.579933181590476,29.779640947935203,30.18328300147663,721419000
2023-05-25,37.9464111328125,39.445084576342175,36.60259939215732,38.4889301875961,1543911000
2023-05-26,38.91156005859375,39.135361004641894,37.51679460203459,37.85649409999652,714397000
2023-05-30,40.07552719116211,41.90091111611417,39.91367170883157,40.55910031587385,923401000
2023-05-31,37.800537109375,40.259358998541856,37.78854668617227,39.45307354763965,1002580000
2023-06-01,39.73482894897461,40.01458010495206,38.30609329724924,38.45495978773049,635873000
2023-06-02,39.292213439941406,40.46417621230153,39.02345037446548,40.061532803064914,482731000
2023-06-05,39.1363525390625,39.53000121935848,38.67276227118168,38.87458325572637,396094000
2023-06-06,38.619815826416016,39.12536886577813,38.114262787053896,38.79566268178252,388729000
2023-06-07,37.445716857910156,39.468137450666795,37.326810358624385,38.884594133191015,511998000
2023-06-08,38.47991943359375,38.833643027365426,37.47570715034152,37.694534053593046,417772000
2023-06-09,38.73971939086914,39.679982507586125,38.53687882707075,39.0065091445359,427717000
2023-06-12,39.4511604309082,39.499123275212575,38.58783685686491,39.16938300880245,388701000
2023-06-13,40.98996353149414,41.06890421553936,39.708967017457006,40.154617863223834,613208000
2023-06-14,42.96342086791992,42.96641687824926,40.52032691306219,40.7921176516414,740465000
2023-06-15,42.61968994140625,43.255194841743766,42.11408458461737,42.5687310811785,568622000
2023-06-16,42.65864944458008,43.68684489706271,42.627671619358104,43.41605669949975,655709000
2023-06-20,43.773780822753906,43.95564168389906,42.64066770306491,42.96441594228362,451153000
2023-06-21,43.011375427246094,43.58093370313804,42.04713285457767,43.467020523272616,551603000
2023-06-22,42.99139404296875,43.392077979853475,42.201011539171446,42.21999389255843,417737000
2023-06-23,42.176025390625,42.77555513779792,41.982176702107104,42.43082724844622,358140000
2023-06-26,40.60026168823242,42.73059631968799,40.06867574743641,42.42783159494467,594322000
2023-06-27,41.84328842163086,41.907237605323324,40.416406298926006,40.76713004512084,462175000
2023-06-28,41.08488082885742,41.81231277067348,40.4863497310759,40.628237095961644,582639000
2023-06-29,40.79010772705078,41.56749981768069,40.568281035412234,41.52553281178783,380514000
2023-06-30,42.26895523071289,42.51676261089797,41.468582218513255,41.647443251980995,501148000
2023-07-03,42.37986373901367,42.864485450578925,42.169030043008505,42.48378258219759,198209000
2023-07-05,42.28395080566406,43.143275924330226,42.05212974638505,42.102089932908285,323618000
2023-07-06,42.07011795043945,42.146058807449926,41.31370920237291,41.81132135922697,303582000
2023-07-07,42.46980285644531,43.18024990252509,42.14705707601412,42.28894446417988,355881000
2023-07-10,42.147056579589844,42.77756426984942,41.616469261927726,42.623685218893456,353908000
2023-07-11,42.37187194824219,42.72459682462769,42.03413855568288,42.447812790415895,298244000
2023-07-12,43.867706298828125,43.90068146612332,42.74358509464824,42.99938563817074,481277000
2023-07-13,45.94108963012695,46.118948189485444,44.457248919012514,44.48322958682048,478204000
2023-07-14,45.43348693847656,48.05044077711324,45.024806002911156,46.54661523204283,772075000
2023-07-17,46.424705505371094,46.45967801263674,45.22664460524396,46.252842790646994,510488000
2023-07-18,47.456905364990234,47.858591818877,45.698281650417556,46.664525451589654,569164000
2023-07-19,47.04022979736328,47.78065216165784,46.70549236660369,47.42692856470666,427502000
2023-07-20,45.48444366455078,47.05022098399054,45.02680123666584,46.470672206647684,537865000
2023-07-21,44.27438735961914,45.83017417101583,44.06555098011311,45.7522321711593,963769000
2023-07-24,44.577152252197266,45.07376568294936,44.005600454709025,44.6960587806985,382516000
2023-07-25,45.64331817626953,46.14692227530892,44.887908215993086,44.90589571026622,348081000
2023-07-26,45.41649627685547,46.017028562917005,44.59513975878737,45.985052064508444,364237000
2023-07-27,45.86415100097656,47.357982253239214,45.71426663486367,46.4826670082,455976000
2023-07-28,46.71348571777344,46.99026979268205,46.344774445154044,46.63154903236518,331194000
2023-07-31,46.6924934387207,47.09318113651824,46.46966808257679,46.71747543236002,251055000
2023-08-01,46.47066879272461,46.86336333707945,45.99104422518508,46.42370462471362,237858000
2023-08-02,44.23442840576172,45.804200653759004,43.35311724859975,45.79520881072496,530142000
2023-08-03,44.480224609375,45.08275419071188,43.765783009489404,43.765783009489404,324176000
2023-08-04,44.64509582519531,45.606342288223864,44.35832128281738,44.949857860967036,362666000
2023-08-07,45.381526947021484,45.504431975857,44.528193870776704,45.07576619174701,322154000
2023-08-08,44.62911605834961,45.2066637195198,44.0215892371064,44.81796761407976,353843000
2023-08-09,42.5207633972168,44.27738970488,42.10108946258739,44.23941737277786,586449000
2023-08-10,42.35490036010742,43.53997505454453,41.80233078646622,42.127077761381095,492705000
2023-08-11,40.823089599609375,41.985183246912044,40.607258703595875,41.71838968414298,533085000
2023-08-14,43.71882247924805,43.765786651430616,40.27951352736408,40.45437607089752,690286000
2023-08-15,43.90568161010742,45.2326473732039,43.67586169687328,44.52520013627042,676512000
2023-08-16,43.45203399658203,44.640104468597144,43.37209465339346,44.4852267558164,527451000
2023-08-17,43.310142517089844,44.02758013920778,42.96740814260929,43.93565295261865,452395000
2023-08-18,43.26517868041992,43.543960081000186,41.62745897404412,42.601695871064955,583768000
2023-08-21,46.93031692504883,47.02823995825299,44.1874618900852,44.4592488124891,692573000
2023-08-22,45.63233184814453,48.14936547616456,45.29759440317979,48.09740413737571,755293000
2023-08-23,47.07920455932617,47.16313859123231,45.17269372042857,45.83018078207806,779046000
2023-08-24,47.126163482666016,50.22674065271713,47.122168802250776,50.176780465500904,1156044000
2023-08-25,45.982059478759766,47.76766250313572,44.98883254303396,46.975282602767756,925341000
2023-08-28,46.79841995239258,46.943307161709576,44.85294200358458,46.445695012544455,685192000
2023-08-29,48.74589157104492,49.04266044648469,46.35475936686293,46.62954606851407,701397000
2023-08-30,49.22552490234375,49.88800530219565,48.38717945747848,49.005695501936046,735206000
2023-08-31,49.31645584106445,49.705151991202584,48.91976651789359,49.341437842045146,528570000
2023-09-01,48.47110366821289,49.761095505663796,48.104389789025475,49.723126990372954,463830000
2023-09-05,48.51008224487305,48.81284699146263,47.82261987711322,48.18533532160486,382653000
2023-09-06,47.028114318847656,48.515073458793,46.547451450862816,48.40715103407181,468670000
2023-09-07,46.20868682861328,46.31161549020898,45.120447146044796,45.49318758272593,433330000
2023-09-08,45.54015350341797,46.57343135473317,45.239365149462806,45.909897697113266,473069000
2023-09-11,45.146427154541016,46.130735550235435,44.28103126100682,46.115746643442655,473966000
2023-09-12,44.83864212036133,45.64108235714804,44.49987832466093,44.706734397330045,349256000
2023-09-13,45.453216552734375,45.89790529019353,44.47190049902718,44.56883283924793,398355000
2023-09-14,45.54914855957031,45.95486307158811,45.099462264257156,45.91789017811765,370097000
2023-09-15,43.869319915771484,45.567129987886304,43.777381347712456,45.30931088292171,506831000
2023-09-18,43.93527603149414,44.211084137750255,41.97065027461465,42.71812866784668,500271000
2023-09-19,43.489585876464844,43.93527332902396,42.97194633294254,43.802366857424914,373064000
2023-09-20,42.20948791503906,43.872326816521394,42.193500252380844,43.56953710623469,367108000
2023-09-21,40.988338470458984,42.07058192849427,40.95136557382746,41.55394487986268,450736000
2023-09-22,41.5809211730957,42.08556931771517,41.20218442357063,41.54294571690647,479236000
2023-09-25,42.19249725341797,42.50627702068914,41.14822547100166,41.561937649909076,419091000
2023-09-26,41.881710052490234,42.79007519984935,41.62588843808872,41.97164730902177,402282000
2023-09-27,42.43832015991211,42.84204096958368,41.59990959746065,42.3004199239516,444935000
2023-09-28,43.05889129638672,43.41564027932202,42.085572876608914,42.43032920794071,424663000
2023-09-29,43.46860885620117,44.11315866784139,43.276741660093485,43.796378806191775,397830000
2023-10-02,44.750709533691406,45.143432663496135,43.830351660184725,43.99923228856128,433298000
2023-10-03,43.4865837097168,45.09845913874494,43.215773206538074,44.776681779419775,470850000
2023-10-04,44.01022720336914,44.11215712134903,43.26175000991843,43.71143633979229,361821000
2023-10-05,44.656768798828125,44.868622438501156,43.85732865408626,44.019214187437484,393483000
2023-10-06,45.730018615722656,45.75700017274814,43.99523182082683,44.162114923887266,434436000
2023-10-09,45.24136734008789,45.573136109277975,44.33700086795517,44.810668716384285,409675000
2023-10-10,45.76599884033203,46.22667525132618,45.05649586993077,45.27834086872442,368582000
2023-10-11,46.77328872680664,46.82625308984122,46.01781654956794,46.16371442393257,378137000
2023-10-12,46.91219711303711,47.57573461020595,46.297628975923374,46.744315234099965,481325000
2023-10-13,45.429229736328125,47.08307579073531,45.24835646569822,46.92718276252737,474115000
2023-10-16,46.06279373168945,46.19270015345539,44.88061784699003,45.03151331618372,375099000
2023-10-17,43.90729904174805,44.72273077097073,42.45031760329598,43.96925599511655,812333000
2023-10-18,42.166507720947266,43.18879535339014,41.79576863478219,42.56123210689282,627294000
2023-10-19,42.07158660888672,43.26675013363428,41.85273785103801,42.781089631153165,501233000
2023-10-20,41.35807800292969,42.44032133844881,41.0492920242925,41.860724837875836,477266000
2023-10-23,42.94497299194336,43.21778487682209,40.91639251850647,41.200194491752654,478530000
2023-10-24,43.63249206542969,43.666468707017636,42.661174865100485,43.046902951307125,401463000
2023-10-25,41.74980545043945,43.61950024898592,41.525962950621626,43.36767362465919,398379000
2023-10-26,40.297821044921875,42.22647269652664,39.852133556535904,41.8237544285133,541001000
2023-10-27,40.47169876098633,41.177206691835266,39.987037067133414,41.1012595868594,416784000
2023-10-30,41.13223648071289,41.73681325645553,40.45271135167305,41.05829069172662,388028000
2023-10-31,40.75149917602539,40.850432824810134,39.20258317497881,40.42173178283688,517969000
2023-11-01,42.295433044433594,42.35139367956083,40.84044890706074,40.855437818322336,437593000
2023-11-02,43.47560119628906,43.85333542629518,42.864029312260996,43.297724168934685,409172000
2023-11-03,44.97355270385742,45.27733731815709,43.69244703893823,43.989240387189966,424610000
2023-11-06,45.719032287597656,45.90290564428218,44.86762640814462,45.25335828782106,400733000
2023-11-07,45.92289352416992,46.18570644456995,45.12644949582393,45.68705835405159,343165000
2023-11-08,46.54146194458008,46.83425650544142,45.93588252657113,46.06779027302312,346719000
2023-11-09,46.91719055175781,48.19629482563236,46.71732955595706,47.43382754729244,540496000
2023-11-10,48.30122375488281,48.43812905946533,47.24996072733801,47.466808147596865,421245000
2023-11-13,48.58602523803711,49.08168084897678,48.065389383307924,48.28623562834099,384136000
2023-11-14,49.621307373046875,49.799184420857124,49.005740408913326,49.64529267982374,416954000
2023-11-15,48.85383987426758,49.92508940872805,48.1663208904743,49.90010916476034,475497000
2023-11-16,49.445430755615234,49.49040129899944,48.296236480687845,48.64499167888518,339756000
2023-11-17,49.26355743408203,49.68226341163358,48.9727603803161,49.489397461523026,325205000
2023-11-20,50.373775482177734,50.51267829045294,49.14663294635536,49.27754192431734,414120000
2023-11-21,49.909095764160156,50.481693358553215,49.18760022799973,50.09096777649301,565747000
2023-11-22,48.68195343017578,50.29982144046333,47.65666949538865,49.817161099137216,899420000
2023-11-24,47.742618560791016,48.8868189750065,47.711638178100976,48.43613388773008,294645000
2023-11-27,48.20829391479492,48.49609089003982,47.61870599505968,47.76660139816942,395662000
2023-11-28,47.7875862121582,48.28923817471284,47.439829789625705,48.20229716306376,401491000
2023-11-29,48.10636520385742,48.72793227517069,47.826562052543174,48.34520044689955,382005000
2023-11-30,46.73731994628906,48.07638377452515,46.3895635380406,47.990441518765145,526247000
2023-12-01,46.732322692871094,47.16702011217605,46.15472745047927,46.4924925258304,369317000
2023-12-04,45.478187561035156,46.04479257894412,44.9785370530333,46.04479257894412,437543000
2023-12-05,46.53755569458008,46.571531508809755,45.243344800588865,45.43822537417424,371718000
2023-12-06,45.47520065307617,47.358052404807324,45.3842566412969,47.18615659482553,380590000
2023-12-07,46.56753158569336,46.600512368918565,45.57613709541874,45.67207911260122,350823000
2023-12-08,47.47697830200195,47.71183534651791,46.52156105756746,46.566535548739374,359224000
2023-12-11,46.59851837158203,47.50196552269277,45.80200812005124,47.46199285274284,509728000
2023-12-12,47.62789535522461,47.63688873008438,46.017879199850015,46.017879199850015,372387000
2023-12-13,48.058624267578125,48.56431567041087,47.5789179572985,47.59990503689136,447792000
2023-12-14,48.320457458496094,48.64026163902283,47.393026859915174,48.360433934153576,391232000
2023-12-15,48.860130310058594,49.373816223552424,48.09060027989247,48.164556381448534,479948000
2023-12-18,50.04640579223633,50.4021872923408,49.1199739909024,49.369821256751614,412587000
2023-12-19,49.573692321777344,49.66963433728467,48.86512588284418,49.39380199579273,464444000
2023-12-20,48.08160400390625,49.96845091462431,48.068611458987135,49.62465933137436,397894000
2023-12-21,48.9600715637207,49.06500695718709,48.389417453965386,48.781180068606574,300425000
2023-12-22,48.8001708984375,49.352830653569725,48.43738988482299,49.16494577989552,252507000
2023-12-26,49.24889373779297,49.56969677808233,48.930088377699356,48.93808291084912,244200000
2023-12-27,49.386810302734375,49.64965012045702,49.05501239405432,49.48075464580007,233648000
2023-12-28,49.49174880981445,49.85352719386826,49.38181539341571,49.6126770927999,246587000
2023-12-29,49.49174880981445,49.96646094313931,48.72121986722186,49.7825714182401,389293000
2024-01-02,48.138572692871094,49.26488309320295,47.565924699352884,49.21391556134482,411254000
2024-01-03,47.539939880371094,48.15456203597886,47.2910914479061,47.45599156277329,320896000
2024-01-04,47.96868133544922,48.47037358886087,47.4789789763883,47.737819636783634,306535000
2024-01-05,49.0670051574707,49.516731000212985,48.27648803927744,48.43239477719924,415039000
2024-01-08,52.2210807800293,52.24307051371221,49.44877695414858,49.48175774230581,642510000
2024-01-09,53.107540130615234,54.29181767502081,51.65842506490768,52.36899311649789,773100000
2024-01-10,54.316795349121094,54.566642620850935,53.45632128428564,53.58324641272958,533796000
2024-01-11,54.788509368896484,55.31219134586392,53.527283064841185,54.9654031964735,596759000
2024-01-12,54.67657470703125,54.93641799826661,54.29680960809761,54.58662953889082,352994000
2024-01-16,56.34755325317383,56.80027560728274,54.86646024002656,54.98438817814625,449580000
2024-01-17,56.01875686645508,56.43650076516492,54.70655929384397,56.3125759716749,474394000
2024-01-18,57.07211685180664,57.56481575240513,56.07272766296372,57.225023275703855,491650000
2024-01-19,59.454654693603516,59.463648066531206,57.19003646845247,57.953569636409725,543501000
2024-01-22,59.61756134033203,60.29414976562131,59.03391842649556,60.01232052303933,452955000
2024-01-23,59.836429595947266,59.873405745227366,58.54921431651321,59.5336132708294,294654000
2024-01-24,61.32450866699219,62.810599654408506,59.901378913458146,60.26715642389318,560271000
2024-01-25,61.5793571472168,62.680685096135214,60.81282362309359,62.3119072339738,482777000
2024-01-26,60.993717193603516,61.74526054571479,60.53600059416135,60.92276141821586,390309000
2024-01-29,62.426841735839844,62.450825336358335,60.869794823781135,61.1945932389414,348733000
2024-01-30,62.73564910888672,63.45421163481392,62.221963176710254,62.861575397836866,410735000
2024-01-31,61.48941421508789,62.230961514394274,60.66291975637589,61.40246556305648,453795000
2024-02-01,62.988494873046875,63.15239614325578,61.612337231861346,62.06205926012063,369146000
2024-02-02,66.11958312988281,66.55930912654547,63.65108714697043,63.93491403332179,476578000
2024-02-05,69.2896499633789,69.45455008972388,67.16395031831868,68.1833239064927,680078000
2024-02-06,68.18132019042969,69.71138308978904,66.25949848302591,69.58745829595591,683111000
2024-02-07,70.0561752319336,70.17710350841662,67.5587013332111,68.2772638618389,495575000
2024-02-08,69.59844207763672,70.75073737144197,69.41255872885704,70.03117613467934,414422000
2024-02-09,72.08893585205078,72.14089841148939,70.16910418058404,70.48990722179018,436637000
2024-02-12,72.20387268066406,74.5654283449227,71.20648115197012,72.55565505937633,613710000
2024-02-13,72.08393859863281,73.40512964528038,69.57747501499297,70.3569973280816,602580000
2024-02-14,73.85487365722656,74.19066701109121,71.89407378756496,73.15730185072407,504917000
2024-02-15,72.61361694335938,73.9298138493264,72.35577892403286,73.82388341395547,420122000
2024-02-16,72.5686264038086,74.35653464053262,72.45669533307102,74.05471723562285,495327000
2024-02-20,69.40956115722656,71.91202875960458,67.69260871411592,71.90303157562508,704833000
2024-02-21,67.43077850341797,68.84591377259603,66.20752727493073,67.96444884340175,673755000
2024-02-22,78.49003601074219,78.52700835067758,74.17467237681947,74.97918103914212,865100000
2024-02-23,78.76884460449219,82.34365493003914,77.5226048674375,80.7406386857603,829388000
2024-02-26,79.04368591308594,80.596737435313,78.4570388969918,79.65130857177527,503973000
2024-02-27,78.65292358398438,79.43145470230726,77.11486980989693,79.33250852556469,391705000
2024-02-28,77.61553955078125,78.88476005633558,77.07786632768288,77.57256656149664,393110000
2024-02-29,79.06367492675781,79.9411369643908,78.30213934805526,79.04568817875618,507289000
2024-03-01,82.22872924804688,82.24972013852617,79.38646508056598,79.95112232187887,479135000
2024-03-04,85.18492889404297,87.64142750402274,83.66785848531528,84.07860289478097,615616000
2024-03-05,85.91551208496094,86.04844030428545,83.36995155382468,85.22190326590307,520639000
2024-03-06,88.64997100830078,89.67339555623481,86.98091470216241,87.97235961581464,582520000
2024-03-07,92.61672973632812,92.71467403344542,89.55145830366479,90.10714445366249,608119000
2024-03-08,87.47863006591797,97.34506345152579,86.45720334881955,95.08433828640496,1142269000
2024-03-11,85.72563171386719,88.7469219574668,84.11853680206842,86.38026112101332,678364000
2024-03-12,91.86117553710938,91.90814610744329,86.10142460009949,87.99935589547788,668075000
2024-03-13,90.83673095703125,91.45238079004136,88.38511175577527,91.00363657004534,635713000
2024-03-14,87.8943862915039,90.59486542464842,86.55114274535384,89.52646826118793,602318000
2024-03-15,87.78746032714844,89.49549613199862,86.20835719890029,86.88097416830968,642086000
2024-03-18,88.40510559082031,92.35287440054489,87.03587564379455,90.33701387030251,668976000
2024-03-19,89.34758758544922,90.49293740706634,84.96206166270107,86.65110342037197,672171000
2024-03-20,90.32102966308594,90.35901024319512,88.17323967680368,89.74634940187569,479063000
2024-03-21,91.3834228515625,92.59574371140432,90.3540050520513,92.2479404308415,480372000
2024-03-22,94.2358169555664,94.72453954495887,90.78276394753543,91.0895899885777,586719000
2024-03-25,94.94841003417969,96.71141493346599,93.45725487677139,93.88801151365493,552136000
2024-03-26,92.5087890625,96.3206408094852,92.44982423178193,95.79693429152606,513648000
2024-03-27,90.19910430908203,93.1874159899472,89.07274096879794,93.05948982143728,586067000
2024-03-28,90.3050308227539,91.24849853375163,89.14268488587938,89.9492288448454,435212000
2024-04-01,90.31202697753906,92.17297617207028,89.15368416261286,90.24806771473163,452441000
2024-04-02,89.40153503417969,90.04317111245476,87.57056790887991,88.39809605770056,433064000
2024-04-03,88.91382598876953,90.32303448482294,88.35014869042175,88.43410095294554,370067000
2024-04-04,85.85653686523438,90.58287298050408,85.83154944356146,90.35499714995936,434965000
2024-04-05,87.95836639404297,88.4310991932804,85.87753991776991,86.81700456921507,399678000
2024-04-08,87.08384704589844,88.77988827828314,86.68307229452097,88.64995673788222,283220000
2024-04-09,85.30584716796875,87.58556628736338,82.97516956737525,87.39267436773328,501700000
2024-04-10,86.98990631103516,87.35070274664696,83.66178279831279,83.87866326448999,431929000
2024-04-11,90.56488800048828,90.687819723934,86.87697442257391,87.37069146521046,431637000
2024-04-12,88.1362533569336,90.1241374477614,87.48062516016698,89.64840039712969,426805000
2024-04-15,85.95249938964844,90.56189797510771,85.88054139689574,89.04775296579596,443077000
2024-04-16,87.3656997680664,88.06829858635284,86.01546379198004,86.38425134878223,370453000
2024-04-17,83.98759460449219,88.7249183584023,83.90263584788114,88.2901585822677,495400000
2024-04-18,84.62324523925781,86.14139337931326,82.35552770602675,84.9220802095837,447260000
2024-04-19,76.15702056884766,84.27643922651326,75.56336143765269,83.10310538210794,875198000
2024-04-22,79.47315216064453,80.02783946358336,76.35691439393003,78.05994814693265,596341000
2024-04-23,82.37651062011719,82.72231614993429,80.21873169463018,80.7234441336971,438559000
2024-04-24,79.63206481933594,84.03457921776213,79.13834013698539,83.90264988256477,512208000
2024-04-25,82.58539581298828,83.27600032547527,78.17887846781115,78.82351130528671,424641000
2024-04-26,87.6855239868164,88.28118855401848,83.3399763925944,83.7707330936579,551011000
2024-04-29,87.70751190185547,87.94237235498613,85.21791179771557,87.54560070216142,388971000
2024-04-30,86.353271484375,88.76890816331654,86.25133163329888,87.19079630766022,363709000
2024-05-01,82.99415588378906,85.95148630832341,81.20916027802339,85.02901046138126,559863000
2024-05-02,85.76859283447266,86.18835408667036,83.15306466582874,84.4013606664833,377898000
2024-05-03,88.7389144897461,89.23063371341577,86.9909005732954,87.73947860212795,398341000
2024-05-06,92.08802795410156,92.16798466023728,89.00476895897276,89.3395790876885,376203000
2024-05-07,90.50292205810547,91.72922732116892,88.96079315014337,91.04661392300342,437342000
2024-05-08,90.36100769042969,91.14256430274753,89.36956281384657,89.43253081814441,325721000
2024-05-09,88.69695281982422,91.02063858717587,88.18124497678554,90.47794554376881,378013000
2024-05-10,89.82730102539062,91.3494445724532,89.17666725781999,90.25406212026445,335325000
2024-05-13,90.34803009033203,90.9466913648071,88.47908175529776,90.42698029967474,289680000
2024-05-14,91.30448150634766,91.5993133075769,88.88384272491611,89.5484686052902,296507000
2024-05-15,94.57662963867188,94.80850105677926,91.54734077306348,92.41984953324487,417735000
2024-05-16,94.3057861328125,95.7649618311796,94.04992617640089,94.85647788998737,323952000
2024-05-17,92.42684173583984,94.68656820618962,91.75422475858959,94.31578286476113,359691000
2024-05-20,94.72654724121094,95.14630855060346,93.38730659931326,93.69712933361367,318764000
2024-05-21,95.33219909667969,95.3461911389766,93.12744211033531,93.54620449229954,328946000
2024-05-22,94.89643859863281,95.96583473980165,93.19640167904086,95.40515417154504,548648000
2024-05-23,103.74046325683594,106.26003756449907,101.46274160839002,101.9704583406549,835065000
2024-05-24,106.40894317626953,106.41493649766242,102.94189825157174,104.39007837740144,429494000
2024-05-28,113.83676147460938,114.87417806167193,109.82102986026253,110.18182631936331,652728000
2024-05-29,114.76021575927734,115.42683927273337,110.83843360106418,112.98622326682585,557442000
2024-05-30,110.43767547607422,115.75367568258609,109.60114957621623,114.58533630630252,484553000
2024-05-31,109.5711669921875,112.65342715935483,106.87968513049076,112.45653205108225,613263000
2024-06-03,114.93513488769531,114.93513488769531,111.93982368190672,113.55691490102478,438392000
2024-06-04,116.371337890625,116.5342479883035,113.98068844224889,115.65075141504278,403324000
2024-06-05,122.37094116210938,122.37993114467406,117.40174545593459,118.30423600418825,528402000
2024-06-06,120.92976379394531,125.51617269807858,118.25327265969561,123.97803915924119,664696000
2024-06-07,120.81981658935547,121.62336396697008,117.95543577009146,119.70244332667052,412386000
2024-06-10,121.7213134765625,123.03057221935303,116.94401053331076,120.30211616184846,313434100
2024-06-11,120.85173797607422,122.81079255068147,118.68277788836801,121.71131653242202,222551200
2024-06-12,125.13966369628906,126.8188544177255,122.51093382538542,123.00069556163665,299595000
2024-06-13,129.5475311279297,129.7374419918796,127.09871503024357,129.32763594350715,260704500
2024-06-14,131.8164520263672,132.7759808624214,128.2581700274141,129.89737910282292,309320400
2024-06-17,130.9168701171875,133.66554475885698,129.5175509456389,132.9259111616535,288504400
2024-06-18,135.5146484375,136.26428691629846,130.62700616579136,131.07678620278367,294335100
2024-06-20,130.71697998046875,140.69216665961412,129.45759262565218,139.73263779444994,517768400
2024-06-21,126.50900268554688,130.5670512631637,124.24010000634735,127.05874067811743,649445800
2024-06-24,118.0530776977539,124.40001580098117,117.98311173916277,123.1806025577778,476060900
2024-06-25,126.02923583984375,126.43904192857353,119.2625015362155,121.14159285282038,414192600
2024-06-26,126.3390884399414,128.0582531537486,122.54091663746888,126.06921428451571,362975900
2024-06-27,123.93023681640625,126.34907621355548,122.86075284303976,124.04018440835473,252571700
2024-06-28,123.48046875,127.648457456266,122.69084852465333,124.5199685039101,315516700
2024-07-01,124.24009704589844,124.77983008392047,118.77273207553426,123.41049523168472,284885500
2024-07-02,122.61088562011719,123.35053451744282,120.97167651778796,121.07162680437523,218374000
2024-07-03,128.21817016601562,128.21817016601562,121.30150730962696,121.60136576540062,215749000
2024-07-05,125.76935577392578,128.78790450042015,125.61942654400949,127.3186041478144,214176700
2024-07-08,128.13819885253906,130.70696731901708,126.9787619894619,127.42854201917729,237677300
2024-07-09,131.3166961669922,133.7555228326683,128.58800070420872,130.28719371816868,285366600
2024-07-10,134.84498596191406,135.03489683470838,132.35618048673416,133.96540518326054,248978600
2024-07-11,127.33861541748047,136.08439171293904,126.98878558577707,135.68459054854569,374782700
2024-07-12,129.177734375,131.85643576222122,127.15870339191848,128.1981955828636,252680500
2024-07-15,128.37808227539062,131.3266570475404,127.11868757874264,130.49705535546263,208326200
2024-07-16,126.2990951538086,128.97779607447222,124.5199543330253,128.37809442503013,214769500
2024-07-17,117.9331283569336,121.79126850169425,116.66374383425097,121.29150949460832,390086200
2024-07-18,121.03164672851562,122.3410206645978,116.50383081871446,121.79128264268718,320979500
2024-07-19,117.8731689453125,121.54139851435873,117.31344125378135,120.29200089882109,217223800
2024-07-22,123.48046875,124.01021213043963,119.8022417845173,120.29200352530061,258068900
2024-07-23,122.53092193603516,124.62991607602876,122.04116019537173,122.72083281792666,173911000
2024-07-24,114.19493103027344,119.89218055655165,113.38532389383315,119.11255773987328,327776900
2024-07-25,112.22588348388672,116.57378540069556,106.24876991914482,112.98551932388845,460067000
2024-07-26,113.0055160522461,116.14400233469152,111.52623350707361,116.13401264402222,293399100
2024-07-29,111.53620910644531,116.22395093081532,111.24635559929368,113.63520299096253,248152100
2024-07-30,103.68000030517578,111.93601308136988,102.49057150448816,111.46623842477169,486833300
2024-07-31,116.96359252929688,118.28295597890576,110.82655264429766,112.84558326649312,473174200
2024-08-01,109.15736389160156,120.10209097077005,106.75851907796755,117.47335365334001,523462300
2024-08-02,107.2182846069336,108.66759017560734,101.32113494189423,103.70998217587321,482027500
2024-08-05,100.4015884399414,103.36016867781126,90.6462974352404,92.0156323292122,552842400
2024-08-06,104.19975280761719,107.6580842159302,100.50153921149465,103.78994676213023,409012100
2024-08-07,98.8623275756836,108.74755983917498,98.64243239882663,107.75803154331864,411440400
2024-08-08,104.91940307617188,105.44914638290969,97.47298958555044,101.95083346973259,391910000
2024-08-09,104.69952392578125,106.54863093775165,103.3801603016259,105.58909444979487,290844200
2024-08-12,108.96746063232422,111.01647580125626,106.20879614847053,106.26876479464013,325559900
2024-08-13,116.08403015136719,116.17399074467681,111.52623010948827,112.38581627538197,312646700
2024-08-14,118.0230941772461,118.54284021234767,114.01502462748074,118.47287425328174,339246400
2024-08-15,122.80079650878906,123.180610648127,117.41339446628129,118.70277375276062,318086700
2024-08-16,124.51995086669922,124.93974658505293,121.12158823444238,121.88122402888025,302589900
2024-08-19,129.93736267089844,129.93736267089844,123.36053125322975,124.22011749326396,318333600
2024-08-20,127.18867492675781,129.81741234204915,125.82932973595075,128.3381146113763,300087400
2024-08-21,128.4380645751953,129.28766098618868,126.59895509298427,127.25863301570179,257883600
2024-08-22,123.68036651611328,130.68699047324503,123.04067554756361,129.95734653679833,376189100
2024-08-23,129.30764770507812,129.53754784197983,125.15965381933411,125.79934477343178,323230300
2024-08-26,126.3990478515625,131.196729770517,124.31005885081005,129.50755712849073,331964700
2024-08-27,128.23817443847656,129.1377346219971,123.82029866993177,124.98974063480068,303134600
2024-08-28,125.54946899414062,128.26815944285755,122.580899020736,128.05825393148814,448101100
2024-08-29,117.5333251953125,124.37003270157089,116.65375204642187,121.30151255769351,453023300
2024-08-30,119.3124771118164,121.69132742002542,117.16351169383461,119.47239604079388,333751600
2024-09-03,107.94795227050781,116.15399476413343,107.238295351223,115.95409419910477,477155100
2024-09-04,106.1588134765625,113.21540862229497,104.06982436712501,105.3592035946603,372470300
2024-09-05,107.15833282470703,109.5971593888533,104.70951657024186,104.93940145906154,306850700
2024-09-06,102.78044891357422,108.09788494505915,100.90134998938433,107.98793734308131,413638100
2024-09-09,106.41868591308594,106.49864918568733,103.64002700878578,104.8294482794324,273912000
2024-09-10,108.04788970947266,109.34726610485653,104.89940661736314,107.7580285866342,268283700
2024-09-11,116.85365295410156,117.13351677378026,107.36822165058582,109.33727332924734,441422400
2024-09-12,119.0927734375,120.7421209186122,115.33426173002456,116.79368208487448,366052700
2024-09-13,119.05278778076172,119.91244749081417,117.55338237388469,119.03279906427295,238358300
2024-09-16,116.73371124267578,118.1331578565614,114.31467227697621,116.74370941440674,248772300
2024-09-17,115.54417419433594,118.75290839853001,114.78448096424103,118.12315326201993,231925900
2024-09-18,113.32505798339844,117.65333558843457,113.17511592459984,115.84405559100924,310318900
2024-09-19,117.82328033447266,119.61257171272585,117.20352335036759,117.30348218615993,293506400
2024-09-20,115.95401763916016,118.57298181753792,115.3442588328446,117.01359501507952,382462400
2024-09-23,116.21391296386719,116.94361929782039,114.81446644323901,116.50379891378353,206228500
2024-09-24,120.82209014892578,121.75172180406905,115.33426088161053,116.47380837806097,354966800
2024-09-25,123.46104431152344,124.89047778241,121.56179592255684,121.97162943795686,284692900
2024-09-26,123.9908218383789,127.61937987933592,121.75171208350119,126.7497296956914,302582900
2024-09-27,121.35187530517578,123.98082995705606,119.21272426875333,123.92085618310571,271009200
2024-09-30,121.3918685913086,121.451842369324,118.10317169758383,118.26310431441512,226553700
2024-10-01,116.95361328125,122.39145893750027,115.74409392230913,121.72171877480598,302094500
2024-10-02,118.80289459228516,119.33268331688961,115.09436589368318,116.39385371455397,221845900
2024-10-03,122.80130767822266,124.31071133495183,120.29230036497337,120.872072316084,277118000
2024-10-04,124.8704833984375,124.99043857930913,121.78171184810518,124.890479741768,243678100
2024-10-07,127.66937255859375,130.58821322989388,124.9004663256647,124.94045138468705,346250200
2024-10-08,132.83731079101562,133.42707320550807,129.36868536610157,130.20834865989482,285722500
2024-10-09,132.597412109375,134.46668122269037,131.32792651292905,134.0568400839603,246191600
2024-10-10,134.75656127929688,134.94648840712318,130.94807393580103,131.8577168886846,242311300
2024-10-11,134.74656677246094,135.72617401836632,133.60701929174726,133.9568713960576,170209500
2024-10-14,138.01527404785156,139.54466630986312,136.24597143489578,136.4159022137037,232347700
2024-10-15,131.54783630371094,138.5150744275185,128.68896947491228,137.8153397242487,377831000
2024-10-16,135.66619873046875,136.56583584893667,131.527840530584,133.92688301499192,264879700
2024-10-17,136.87570190429688,140.83413853249198,136.81572813387166,139.28475003463748,306435900
2024-10-18,137.94529724121094,138.8449343829922,137.22558142668973,138.61502982502418,176090200
2024-10-21,143.6530303955078,143.6530303955078,137.94528751258602,138.07524085271365,264554500
2024-10-22,143.5330810546875,144.3627538949317,141.72380093133486,142.85335791004843,226311600
2024-10-23,139.50466918945312,142.37352650102258,137.40551088320953,141.97369118156848,285930000
2024-10-24,140.35433959960938,141.293969386979,138.40511570705533,140.76418072009866,172354900
2024-10-25,141.48388671875,144.0728716327459,140.74418981710016,140.8741279131319,205122100
2024-10-28,140.4643096923828,143.08326638426843,139.99449475491215,142.9433224828564,173586700
2024-10-29,141.19400024414062,142.20359433012132,138.8449258203989,140.23437413304583,157593600
2024-10-30,139.28475952148438,140.27437255912164,136.75576367804047,139.48467718743143,179418100
2024-10-31,132.70736694335938,137.55545044959692,132.05763071180766,137.54545990469654,270039600
2024-11-01,135.34632873535156,137.25557537634637,134.5166711244238,134.64660922766117,207127800
2024-11-04,135.99606323242188,138.90491316378314,135.5162578090522,137.15560698724303,187528200
2024-11-05,139.8545379638672,140.31434706066804,137.27555894461494,137.39550649112996,160537400
2024-11-06,145.55230712890625,146.431963336867,141.90375943017108,142.9033632109471,242043900
2024-11-07,148.8209991455078,148.8709671267726,146.1120664908763,146.33198051831096,207323300
2024-11-08,147.57144165039062,149.7105921253368,146.2019747427702,148.71098881456317,175665800
2024-11-11,145.20240783691406,148.7909962143961,143.51309063046196,148.62105018654825,182325600
2024-11-12,148.23118591308594,149.59064718789998,145.952091313065,146.72179022487757,198634700
2024-11-13,146.2120361328125,149.2708209864044,145.84217239532995,149.01092951776798,191903300
2024-11-14,146.70181274414062,148.94093020600926,145.49230097997514,147.5814687564354,194463300
2024-11-15,141.92369079589844,145.18240774117885,140.0244503789864,144.81254410002094,250132900
2024-11-18,140.0944366455078,141.4938908192372,137.0956258838966,139.4447004149215,221205300
2024-11-19,146.95172119140625,147.07168399645053,140.9341184421503,141.26398946372595,227834900
2024-11-20,145.83216857910156,147.5015047606034,142.67341754276418,147.3515703217148,309871700
2024-11-21,146.6118621826172,152.8293979645091,140.64422730754492,149.290807835149,400946600
2024-11-22,141.8937225341797,147.1016638018941,141.04406865837018,145.87214043901812,236406200
2024-11-25,135.96607971191406,141.99368792347047,135.7661620516237,141.93371415065735,344941900
2024-11-26,136.86572265625,139.2447840977321,135.61621816013385,137.64541224160723,190287700
2024-11-27,135.28634643554688,137.16560606875765,131.74775643225163,134.95647541996794,226370900
2024-11-29,138.19520568847656,139.29477581313424,135.99608069190262,136.7257870913165,141863200
2024-12-02,138.57504272460938,140.39431322408433,137.76536630294407,138.77496038075373,171682800
2024-12-03,140.20440673828125,140.48429454860658,137.8953246767264,138.2051993772479,164414000
2024-12-04,145.0824737548828,145.73221002899123,140.23438993110327,141.94371889092554,231224300
2024-12-05,145.01248168945312,146.49199262942497,143.90284467102651,145.06246836220566,172621200
2024-12-06,142.3933563232422,145.65228325014007,141.26372149336697,144.5526526293818,188505600
2024-12-09,138.76454162597656,139.90416770148084,137.08509909525122,138.92449289189105,189308600
2024-12-10,135.0257568359375,141.77354545828368,133.74616214517607,138.96445323342698,210020900
2024-12-11,139.26437377929688,140.1240927409604,135.16572567436427,137.31501545162718,184905200
2024-12-12,137.29501342773438,138.39465924672223,135.75552453494274,137.03510407678786,159211400
2024-12-13,134.20602416992188,139.55427778956917,132.4965775973186,138.89449032268433,231514900
2024-12-16,131.95675659179688,134.35596424649526,130.37727237183418,134.13603509853905,237951100
2024-12-17,130.3472900390625,131.54689392732612,126.81844751374322,129.04771280436398,259410300
2024-12-18,128.86778259277344,136.6552244722092,128.23798405143236,133.8161583001621,277444500
2024-12-19,130.63717651367188,133.98608501684748,129.50755712091288,131.7168244915274,209719200
2024-12-20,134.65586853027344,135.2356803497186,128.1779956829599,129.76747112979962,306528600
2024-12-23,139.62423706054688,139.7441928628519,135.07572475974197,136.23534836132282,176053500
2024-12-24,140.174072265625,141.85351466107915,138.60457919611483,139.9541431061549,105157000
2024-12-26,139.88417053222656,140.8038826879709,137.68489400548984,139.65425012018665,116205600
2024-12-27,136.96511840820312,138.97446981750295,134.66588395063462,138.50462254046806,170582600
2024-12-30,137.4449462890625,140.22403398735426,133.97608228188028,134.78581438230358,167734700
2024-12-31,134.2460174560547,138.02479365615312,133.7861766339878,137.98479821279548,155659200
